match_id,date,season,city,venue,team1,team2,toss_winner,toss_decision,team1_win_rate,team2_win_rate,team1_recent5_win_rate,team2_recent5_win_rate,team1_avg_runs_for,team2_avg_runs_for,team1_avg_runs_against,team2_avg_runs_against,team1_avg_wickets_taken,team2_avg_wickets_taken,team1_avg_wickets_lost,team2_avg_wickets_lost,team1_venue_win_rate,team2_venue_win_rate,head_to_head_team1_win_rate,team1_matches_before,team2_matches_before,team1_player_avg_runs,team2_player_avg_runs,team1_player_avg_strike_rate,team2_player_avg_strike_rate,team1_player_avg_wickets,team2_player_avg_wickets,team1_player_avg_bowl_economy,team2_player_avg_bowl_economy,toss_team1,toss_bat,winner,team1_win,team1_runs,team2_runs,team1_wickets,team2_wickets,result_type,win_by_runs,win_by_wickets
335982,2008-04-18,2007/08,Bangalore,M Chinnaswamy Stadium,Royal Challengers Bangalore,Kolkata Knight Riders,Royal Challengers Bangalore,field,0.4545454545454545,0.5106382978723404,0.4,0.6,159.86868686868686,167.48936170212767,163.06060606060606,166.9078014184397,6.101010101010101,6.276595744680851,6.01010101010101,5.964539007092198,0.0,0.6666666666666666,0.3333333333333333,99,141,13.97965571205008,14.62595238095238,86.1028088021953,114.45513147889642,0.6363636363636364,0.2854609929078014,8.687413554633473,10.616964285714284,1,0,Kolkata Knight Riders,0,82,222,10,3,runs,140,0
335983,2008-04-19,2007/08,Chandigarh,"Punjab Cricket Association Stadium, Mohali",Kings XI Punjab,Chennai Super Kings,Chennai Super Kings,bat,0.4444444444444444,0.5149253731343284,0.4,0.4,163.85185185185185,169.41044776119404,167.92592592592592,166.15671641791045,5.703703703703703,5.492537313432836,5.537037037037037,6.111940298507463,0.5,0.5,0.25,54,134,12.23809523809524,23.16593849929352,108.6378044711378,135.17296802368128,0.6470588235294118,0.0555555555555555,10.10357917570499,8.88888888888889,0,1,Chennai Super Kings,0,207,240,4,5,runs,33,0
335984,2008-04-19,2007/08,Delhi,Feroz Shah Kotla,Delhi Daredevils,Rajasthan Royals,Rajasthan Royals,bat,0.3928571428571428,0.4732824427480916,0.4,0.6,162.92857142857142,171.70992366412213,165.78571428571428,174.61832061068702,6.142857142857143,6.1603053435114505,5.678571428571429,5.603053435114504,0.5714285714285714,0.5,1.0,28,131,24.062231373421792,14.725316494217894,126.82338248434684,98.9695462170262,0.1333333333333333,0.5419590643274854,8.928571428571429,8.555032537075947,0,1,Delhi Daredevils,1,132,129,1,8,wickets,0,9
335986,2008-04-20,2007/08,Kolkata,Eden Gardens,Kolkata Knight Riders,Deccan Chargers,Deccan Chargers,bat,0.5140845070422535,0.5,0.6,0.5,167.8732394366197,0.0,166.30985915492957,0.0,6.253521126760563,0.0,5.992957746478873,0.0,0.5217391304347826,0.5,0.5,142,0,14.147535014005603,25.44029850746269,115.18444688332669,135.49284578696344,0.4453125,0.0,8.263129102844639,11.142857142857142,0,1,Kolkata Knight Riders,1,112,110,5,10,wickets,0,5
335985,2008-04-20,2007/08,Mumbai,Wankhede Stadium,Mumbai Indians,Royal Challengers Bangalore,Mumbai Indians,bat,0.5102040816326531,0.45,0.4,0.4,171.3265306122449,159.09,168.17006802721087,163.65,6.054421768707483,6.14,6.190476190476191,5.98,0.5714285714285714,0.0,0.5,147,100,10.222222222222223,8.085923335923335,109.67723518716052,87.65434447817682,0.4444444444444445,0.4563492063492063,8.490511385188336,10.680245436416628,1,1,Royal Challengers Bangalore,0,165,166,7,5,wickets,0,5
335987,2008-04-21,2007/08,Jaipur,Sawai Mansingh Stadium,Rajasthan Royals,Kings XI Punjab,Kings XI Punjab,bat,0.4696969696969697,0.4363636363636363,0.6,0.4,171.38636363636363,164.63636363636363,174.29545454545453,169.23636363636365,6.174242424242424,5.672727272727273,5.568181818181818,5.527272727272727,0.5714285714285714,0.5,0.5,132,55,12.417947513896523,29.43722943722944,86.08096110439011,130.7105306433746,0.219400352733686,0.7131642512077295,9.076827114808369,11.600323974082071,0,1,Rajasthan Royals,1,168,166,4,8,wickets,0,6
335988,2008-04-22,2007/08,Hyderabad,"Rajiv Gandhi International Stadium, Uppal",Deccan Chargers,Delhi Daredevils,Deccan Chargers,bat,0.0,0.4137931034482758,0.0,0.6,110.0,161.86206896551724,112.0,164.51724137931035,10.0,5.965517241379311,5.0,5.758620689655173,0.5,0.0,0.5,1,29,13.250205761316872,22.30840024893997,80.5109866681919,155.72624194460494,0.3333333333333333,0.1666666666666666,7.828571428571429,8.318181818181818,1,1,Delhi Daredevils,0,142,143,8,1,wickets,0,9
335989,2008-04-23,2007/08,Chennai,"MA Chidambaram Stadium, Chepauk",Chennai Super Kings,Mumbai Indians,Mumbai Indians,field,0.5185185185185185,0.5067567567567568,0.4,0.2,169.93333333333334,171.28378378378378,166.45925925925926,168.15540540540542,5.488888888888889,6.0608108108108105,6.0962962962962965,6.1824324324324325,0.5,0.5,0.3333333333333333,135,148,36.311564625850345,15.76769171384457,161.35011929144974,139.0896194895214,0.0238095238095238,0.4365592865592865,9.069444444444445,8.29664425625255,0,0,Chennai Super Kings,1,208,202,5,7,runs,6,0
335990,2008-04-24,2007/08,Hyderabad,"Rajiv Gandhi International Stadium, Uppal",Deccan Chargers,Rajasthan Royals,Rajasthan Royals,field,0.0,0.4736842105263157,0.0,0.6,126.0,171.3609022556391,127.5,174.2330827067669,9.0,6.157894736842105,3.0,5.586466165413534,0.0,0.5,0.5,2,133,10.56127450980392,13.851528101528102,95.21552655718652,99.93400448800776,0.2222222222222222,0.5641093474426807,9.532142857142857,8.594703867860503,0,0,Rajasthan Royals,0,214,217,5,7,wickets,0,3
335991,2008-04-25,2007/08,Chandigarh,"Punjab Cricket Association Stadium, Mohali",Kings XI Punjab,Mumbai Indians,Mumbai Indians,field,0.4285714285714285,0.5033557046979866,0.2,0.2,164.66071428571428,171.48993288590603,169.21428571428572,168.4228187919463,5.714285714285714,6.067114093959732,5.5,6.174496644295302,0.0,0.5,0.0,56,149,12.826581027667984,15.008607079195317,94.13298475412802,133.76984417460176,0.4705357142857143,0.6106459330143541,10.05845824411135,9.331292397529982,0,0,Kings XI Punjab,1,182,116,10,9,runs,66,0
335993,2008-04-26,2007/08,Chennai,"MA Chidambaram Stadium, Chepauk",Chennai Super Kings,Kolkata Knight Riders,Kolkata Knight Riders,bat,0.5220588235294118,0.5174825174825175,0.4,0.8,170.21323529411765,167.4825174825175,166.72058823529412,165.91608391608392,5.485294117647059,6.244755244755245,6.102941176470588,6.020979020979021,1.0,0.5,0.5,136,143,29.77944361152757,13.817460317460318,163.76175749183403,99.29658386216592,0.0238095238095238,0.7351473922902494,10.069444444444445,8.105260916956196,0,1,Chennai Super Kings,1,152,147,1,9,wickets,0,9
335992,2008-04-26,2007/08,Bangalore,M Chinnaswamy Stadium,Royal Challengers Bangalore,Rajasthan Royals,Rajasthan Royals,field,0.4554455445544554,0.4776119402985074,0.6,0.6,159.15841584158414,171.70149253731344,163.66336633663366,174.52985074626866,6.128712871287129,6.164179104477612,5.99009900990099,5.582089552238806,0.0,0.5,0.5,101,134,15.118055555555554,18.39483346740116,123.25577608246604,106.92390454538744,0.3375,0.4857575757575758,10.14528004867105,9.191537820241155,0,0,Rajasthan Royals,0,135,138,8,3,wickets,0,7
335994,2008-04-27,2007/08,Mumbai,Dr DY Patil Sports Academy,Mumbai Indians,Deccan Chargers,Deccan Chargers,field,0.5,0.0,0.0,0.0,171.12,155.33333333333334,168.51333333333332,157.33333333333334,6.086666666666667,7.666666666666667,6.2,4.333333333333333,0.5,0.5,0.5,150,3,14.162356329443313,16.32846715328467,120.605838162647,110.16425728526792,0.5323049001814882,0.3125,9.746367350118527,10.651010452961671,0,0,Deccan Chargers,0,154,155,7,0,wickets,0,10
335995,2008-04-27,2007/08,Chandigarh,"Punjab Cricket Association Stadium, Mohali",Kings XI Punjab,Delhi Daredevils,Delhi Daredevils,bat,0.4385964912280701,0.4333333333333333,0.4,0.8,164.96491228070175,161.23333333333332,168.28070175438597,163.76666666666668,5.789473684210527,5.8,5.56140350877193,5.833333333333333,0.5,0.5,1.0,57,30,15.23894927536232,29.00284606152881,122.68486528488616,144.94219890215456,0.5944835680751174,0.1999999999999999,9.574917211060438,8.333333333333334,0,1,Kings XI Punjab,1,162,158,6,8,wickets,0,4
335996,2008-04-28,2007/08,Bangalore,M Chinnaswamy Stadium,Royal Challengers Bangalore,Chennai Super Kings,Chennai Super Kings,bat,0.4509803921568627,0.5255474452554745,0.4,0.6,158.92156862745097,170.08029197080293,163.41176470588235,166.57664233576642,6.147058823529412,5.452554744525547,5.96078431372549,6.124087591240876,0.0,0.5,0.375,102,137,14.057011494252873,30.60592242488794,98.32078871541208,161.51765768908626,0.5222222222222223,0.1666666666666666,9.451849745081727,9.52777777777778,0,1,Chennai Super Kings,0,165,178,10,5,runs,13,0
335997,2008-04-29,2007/08,Kolkata,Eden Gardens,Kolkata Knight Riders,Mumbai Indians,Kolkata Knight Riders,bat,0.5138888888888888,0.4966887417218543,0.6,0.0,167.34027777777777,171.0066225165563,165.81944444444446,168.42384105960264,6.263888888888889,6.09271523178808,5.986111111111111,6.158940397350993,0.5416666666666666,0.6666666666666666,0.4,144,151,12.666666666666668,17.78887998100031,103.2567318691321,113.35380618066078,0.8466666666666667,0.3568390804597701,8.011586257309942,10.450275327067358,1,1,Mumbai Indians,0,137,138,8,3,wickets,0,7
335998,2008-04-30,2007/08,Delhi,Feroz Shah Kotla,Delhi Daredevils,Royal Challengers Bangalore,Royal Challengers Bangalore,field,0.4193548387096774,0.4466019417475728,0.8,0.2,161.1290322580645,158.98058252427185,163.70967741935485,163.55339805825244,5.870967741935484,6.184466019417476,5.838709677419355,5.951456310679611,0.625,1.0,0.0,31,103,23.011099237790752,15.1337899543379,136.58632523944686,110.26899777982702,0.375,0.3863636363636363,8.270089285714285,9.834050398867342,0,0,Delhi Daredevils,1,191,181,5,5,runs,10,0
335999,2008-05-01,2007/08,Hyderabad,"Rajiv Gandhi International Stadium, Uppal",Deccan Chargers,Kings XI Punjab,Kings XI Punjab,field,0.25,0.4482758620689655,0.25,0.6,155.25,164.91379310344828,156.5,168.10344827586206,5.75,5.793103448275862,5.0,5.603448275862069,0.0,0.0,0.5,4,58,15.661105318039626,14.91344927536232,109.00073161577367,114.27945415465732,0.511904761904762,0.5913888888888889,9.06904761904762,9.5203836845439,0,0,Kings XI Punjab,0,164,167,8,3,wickets,0,7
336000,2008-05-01,2007/08,Jaipur,Sawai Mansingh Stadium,Rajasthan Royals,Kolkata Knight Riders,Rajasthan Royals,bat,0.4814814814814814,0.5103448275862069,0.6,0.4,171.45185185185184,167.13103448275862,174.23703703703703,165.62758620689655,6.140740740740741,6.275862068965517,5.6,5.965517241379311,0.6,1.0,0.1428571428571428,135,145,17.360288335517694,15.249323593073594,100.00475618779878,105.8213359423062,0.5249329039184112,0.6376925770308123,8.590383402816002,8.557439544710077,1,1,Rajasthan Royals,1,196,151,7,10,runs,45,0
336001,2008-05-02,2007/08,Chennai,"MA Chidambaram Stadium, Chepauk",Chennai Super Kings,Delhi Daredevils,Chennai Super Kings,bat,0.5289855072463768,0.4375,0.8,0.8,170.13768115942028,162.0625,166.56521739130434,164.25,5.449275362318841,5.84375,6.152173913043479,5.8125,1.0,0.5,1.0,138,32,21.60368013144552,20.32567331584281,156.8042376349361,129.0692140035314,0.0416666666666666,0.3236331569664903,8.88888888888889,9.688505747126438,1,1,Delhi Daredevils,0,169,172,6,2,wickets,0,8
336034,2008-05-03,2007/08,Bangalore,M Chinnaswamy Stadium,Royal Challengers Bangalore,Deccan Chargers,Deccan Chargers,field,0.4285714285714285,0.1666666666666666,0.2,0.0,157.625,160.75,162.45535714285714,166.91666666666666,6.267857142857143,6.583333333333333,5.848214285714286,4.666666666666667,0.0,0.5,0.5,112,12,14.183245839128194,13.727045081355426,99.89479191402944,110.35758463231608,0.4024531024531024,0.3995670995670995,8.516491370291414,8.234930496700567,0,0,Royal Challengers Bangalore,1,156,153,8,6,runs,3,0
336003,2008-05-03,2007/08,Chandigarh,"Punjab Cricket Association Stadium, Mohali",Kings XI Punjab,Kolkata Knight Riders,Kings XI Punjab,bat,0.4576271186440678,0.5068493150684932,0.6,0.4,164.94915254237287,167.0205479452055,168.03389830508473,165.83561643835617,5.745762711864407,6.301369863013699,5.6440677966101696,5.972602739726027,0.6666666666666666,0.5,0.5,59,146,19.182218506131548,12.054390054390051,127.68459727968327,98.45930319930903,0.6374429223744291,0.71509324009324,9.665574099125449,8.789239750181716,1,1,Kings XI Punjab,1,178,169,6,6,runs,9,0
336004,2008-05-04,2007/08,Mumbai,Dr DY Patil Sports Academy,Mumbai Indians,Delhi Daredevils,Delhi Daredevils,field,0.5,0.4545454545454545,0.2,0.8,170.78947368421052,162.36363636363637,168.2171052631579,164.3939393939394,6.072368421052632,5.727272727272728,6.171052631578948,5.818181818181818,0.0,0.5,0.5,152,33,14.980739318063264,21.20727650727651,102.68624998369762,127.61576057668744,0.5137196642937485,0.362037037037037,9.87633013533332,9.331944444444444,0,0,Mumbai Indians,1,162,133,8,10,runs,29,0
336005,2008-05-04,2007/08,Jaipur,Sawai Mansingh Stadium,Rajasthan Royals,Chennai Super Kings,Chennai Super Kings,bat,0.4852941176470588,0.5251798561151079,0.8,0.8,171.63235294117646,170.1294964028777,174.06617647058823,166.6043165467626,6.147058823529412,5.453237410071942,5.632352941176471,6.122302158273381,0.625,0.5,0.6666666666666666,136,139,18.052203856749312,25.60307630222885,110.05612005441056,152.14271969638645,0.5271776203594385,0.0952380952380952,8.432999262419205,9.381944444444445,0,1,Rajasthan Royals,1,110,109,2,10,wickets,0,8
336006,2008-05-05,2007/08,Bangalore,M Chinnaswamy Stadium,Royal Challengers Bangalore,Kings XI Punjab,Kings XI Punjab,field,0.4476190476190476,0.4666666666666667,0.4,0.8,159.3047619047619,165.16666666666666,163.82857142857142,168.05,6.161904761904762,5.75,5.980952380952381,5.65,0.0,1.0,0.3333333333333333,105,60,18.344844844844843,16.02551440329218,106.2457738182376,121.81272772424194,0.4936868686868687,0.6863363363363363,11.598096252063128,8.994103456192015,0,0,Kings XI Punjab,0,126,127,10,4,wickets,0,6
336007,2008-05-06,2007/08,Chennai,"MA Chidambaram Stadium, Chepauk",Chennai Super Kings,Deccan Chargers,Deccan Chargers,field,0.5214285714285715,0.1666666666666666,0.6,0.2,169.69285714285715,158.33333333333334,166.2,160.66666666666666,5.485714285714286,6.833333333333333,6.092857142857143,4.666666666666667,0.6666666666666666,0.5,0.5,140,6,13.70677607108417,15.140154543032244,93.7425132361993,115.11261765000025,0.3819047619047618,0.2981481481481481,8.548477982590885,8.98580349062702,0,0,Deccan Chargers,0,144,148,7,3,wickets,0,7
336008,2008-05-07,2007/08,Mumbai,Dr DY Patil Sports Academy,Mumbai Indians,Rajasthan Royals,Mumbai Indians,field,0.5032679738562091,0.4890510948905109,0.4,1.0,170.73202614379085,171.1824817518248,167.98692810457516,173.5912408759124,6.084967320261438,6.116788321167883,6.196078431372549,5.664233576642336,0.5,0.5,0.2222222222222222,153,137,15.262566844919789,16.608495538040994,111.91038438815158,105.8843033460496,0.5206439393939394,0.6720202020202021,9.0905332055846,8.074429638143942,1,0,Mumbai Indians,1,104,103,3,10,wickets,0,7
336010,2008-05-08,2007/08,Kolkata,Eden Gardens,Kolkata Knight Riders,Royal Challengers Bangalore,Kolkata Knight Riders,bat,0.5034013605442177,0.4433962264150943,0.2,0.2,167.03401360544217,158.99056603773585,165.91836734693877,163.4811320754717,6.299319727891157,6.19811320754717,5.9727891156462585,5.962264150943396,0.52,0.3333333333333333,0.6,147,106,11.397952805125804,12.034340044742727,95.6310241202857,103.87769854428888,0.7361984626135569,0.5315359477124183,8.922300863244816,10.918540254718597,1,1,Kolkata Knight Riders,1,129,124,7,4,runs,5,0
336009,2008-05-08,2007/08,Delhi,Feroz Shah Kotla,Delhi Daredevils,Chennai Super Kings,Chennai Super Kings,field,0.4411764705882353,0.5177304964539007,0.6,0.4,161.5,169.51063829787233,164.3235294117647,166.0709219858156,5.852941176470588,5.49645390070922,5.882352941176471,6.070921985815603,0.6666666666666666,0.5,1.0,34,141,18.195652314882253,17.108870967741936,103.41345344563616,118.77949538216764,0.5046831955922865,0.4501488095238095,8.915171765171765,8.906038047973531,0,0,Chennai Super Kings,0,187,188,5,6,wickets,0,4
336011,2008-05-09,2007/08,Jaipur,Sawai Mansingh Stadium,Rajasthan Royals,Deccan Chargers,Rajasthan Royals,field,0.4855072463768116,0.2857142857142857,0.8,0.4,170.68840579710144,156.85714285714286,173.08695652173913,158.28571428571428,6.144927536231884,6.285714285714286,5.644927536231884,5.0,0.6470588235294118,0.5,0.5,138,7,12.626557610241822,16.313756613756613,95.04035083440742,116.25149102702598,0.6524786324786325,0.4851851851851852,7.98169848583751,9.248947481090338,1,0,Rajasthan Royals,1,141,140,2,8,wickets,0,8
336013,2008-05-10,2007/08,Chennai,"MA Chidambaram Stadium, Chepauk",Chennai Super Kings,Kings XI Punjab,Kings XI Punjab,field,0.5211267605633803,0.4754098360655737,0.4,1.0,169.64084507042253,164.54098360655738,166.21830985915494,167.36065573770492,5.5,5.721311475409836,6.063380281690141,5.721311475409836,0.5,0.5,0.5,142,61,17.45771568498841,15.871103896103897,125.4861806817558,118.297822463845,0.418694885361552,0.601047619047619,9.91900611050872,9.304907762271924,0,0,Chennai Super Kings,1,181,163,4,9,runs,18,0
336014,2008-05-11,2007/08,Hyderabad,"Rajiv Gandhi International Stadium, Uppal",Deccan Chargers,Kolkata Knight Riders,Kolkata Knight Riders,bat,0.25,0.5067567567567568,0.4,0.2,154.75,166.77702702702703,156.125,165.63513513513513,6.5,6.304054054054054,4.625,5.95945945945946,0.0,0.0,0.5,8,148,14.03421985815603,11.790404040404042,103.4284678013596,110.69137861761834,0.4571428571428571,0.4966329966329966,9.115090258528127,8.983529361361875,0,1,Kolkata Knight Riders,0,181,204,7,4,runs,23,0
336015,2008-05-11,2007/08,Jaipur,Sawai Mansingh Stadium,Rajasthan Royals,Delhi Daredevils,Rajasthan Royals,field,0.4892086330935252,0.4285714285714285,0.8,0.4,170.4748201438849,162.22857142857143,172.84892086330936,165.0,6.115107913669065,5.828571428571428,5.661870503597123,5.885714285714286,0.6666666666666666,0.0,1.0,139,35,13.842808135911584,18.59512866522572,93.38896599385292,111.92453369027756,0.5269943019943021,0.6083333333333333,8.09778211101629,8.38196462792674,1,0,Rajasthan Royals,1,159,156,7,7,wickets,0,3
336016,2008-05-12,2007/08,Chandigarh,"Punjab Cricket Association Stadium, Mohali",Kings XI Punjab,Royal Challengers Bangalore,Royal Challengers Bangalore,bat,0.4677419354838709,0.4351851851851852,0.8,0.2,164.51612903225808,158.32407407407408,167.5806451612903,162.8148148148148,5.774193548387097,6.203703703703703,5.693548387096774,5.925925925925926,0.75,0.5,0.4,62,108,13.246947454844008,14.562799422799424,101.70144574543518,106.38829440482044,0.5702631578947368,0.462954217499672,8.705978259783498,10.80883111330918,0,1,Kings XI Punjab,1,144,143,1,8,wickets,0,9
336017,2008-05-13,2007/08,Kolkata,Eden Gardens,Kolkata Knight Riders,Delhi Daredevils,Kolkata Knight Riders,bat,0.5100671140939598,0.4166666666666667,0.4,0.4,167.0268456375839,162.05555555555554,165.73825503355704,164.83333333333334,6.2885906040268456,5.861111111111111,5.966442953020135,5.916666666666667,0.5384615384615384,0.0,1.0,149,36,13.942063492063491,19.15043085065771,109.17497796002836,113.65653642735336,0.4599999999999999,0.5213108320251177,9.294443267203558,8.575830627717929,1,1,Kolkata Knight Riders,1,133,110,6,10,runs,23,0
336018,2008-05-14,2007/08,Mumbai,Wankhede Stadium,Mumbai Indians,Chennai Super Kings,Mumbai Indians,field,0.5096774193548387,0.5244755244755245,0.8,0.4,170.01290322580644,169.72027972027973,167.2709677419355,166.1958041958042,6.032258064516129,5.489510489510489,6.238709677419354,6.083916083916084,0.5454545454545454,0.75,0.3,155,143,17.455493155493155,15.835467164324744,107.77103772321183,125.90605460943064,0.5991239714961991,0.4992857142857143,8.959573110940681,9.38015014938978,1,0,Mumbai Indians,1,158,156,1,6,wickets,0,9
336020,2008-05-15,2007/08,Delhi,Feroz Shah Kotla,Delhi Daredevils,Deccan Chargers,Deccan Chargers,field,0.4054054054054054,0.2222222222222222,0.2,0.2,160.64864864864865,157.66666666666666,163.97297297297297,161.44444444444446,5.972972972972973,6.555555555555555,5.918918918918919,4.555555555555555,0.6,0.5,0.5,37,9,18.40850281170647,15.72208311597983,110.38579945912366,116.07913634774044,0.5212121212121212,0.4246031746031746,8.353067191788996,8.87937089045226,0,0,Delhi Daredevils,1,194,182,4,9,runs,12,0
336021,2008-05-16,2007/08,Mumbai,Wankhede Stadium,Mumbai Indians,Kolkata Knight Riders,Mumbai Indians,field,0.5128205128205128,0.5133333333333333,1.0,0.6,169.93589743589743,166.8,167.19871794871796,165.36666666666667,6.0,6.286666666666667,6.237179487179487,5.993333333333333,0.5652173913043478,0.0,0.6666666666666666,156,150,18.50695238095238,15.148827160493829,114.86394250378052,107.7290296705772,0.5091756272401433,0.5625,9.206484809874985,8.471912504839334,1,0,Mumbai Indians,1,68,67,2,10,wickets,0,8
336023,2008-05-17,2007/08,Jaipur,Sawai Mansingh Stadium,Rajasthan Royals,Royal Challengers Bangalore,Royal Challengers Bangalore,field,0.4893617021276595,0.4311926605504587,0.6,0.2,170.46099290780143,158.1834862385321,173.0709219858156,162.6422018348624,6.127659574468085,6.220183486238532,5.652482269503546,5.8807339449541285,0.6842105263157895,0.0,0.375,141,109,15.777619839510084,13.994904604225798,102.135458913483,135.76762061996334,0.5652062496890082,0.3167167919799498,8.104286409279974,11.414795633432329,0,0,Rajasthan Royals,1,197,132,1,9,runs,65,0
336022,2008-05-17,2007/08,Delhi,Feroz Shah Kotla,Delhi Daredevils,Kings XI Punjab,Delhi Daredevils,bat,0.4210526315789473,0.484375,0.2,0.8,161.52631578947367,165.078125,164.44736842105263,167.390625,5.921052631578948,5.65625,6.0,5.75,0.6363636363636364,0.0,0.5,38,64,17.397929219854163,15.571142857142856,113.7844921820525,107.92292559946264,0.5486885663356251,0.5711172161172161,8.437666107070054,8.706196121201543,1,1,Kings XI Punjab,0,118,94,4,3,runs,6,0
336024,2008-05-18,2007/08,Hyderabad,"Rajiv Gandhi International Stadium, Uppal",Deccan Chargers,Mumbai Indians,Deccan Chargers,field,0.2,0.5159235668789809,0.2,1.0,160.1,169.28662420382165,164.7,166.56050955414014,6.8,5.974522292993631,4.5,6.261146496815287,0.0,0.5,0.5,10,157,11.348364968364969,16.57393483709273,101.97099924884472,108.33634806758826,0.5107142857142857,0.5082738095238095,10.273714918217165,9.008156964549451,1,0,Mumbai Indians,0,153,178,7,7,runs,25,0
336025,2008-05-18,2007/08,Kolkata,Eden Gardens,Kolkata Knight Riders,Chennai Super Kings,Kolkata Knight Riders,bat,0.5099337748344371,0.5208333333333334,0.6,0.4,166.13907284768212,169.625,164.72185430463577,166.13888888888889,6.311258278145695,5.493055555555555,5.966887417218543,6.048611111111111,0.5555555555555556,0.5,0.125,151,144,13.404483863020449,17.643533458411508,100.45130680987916,124.16196766228032,0.7216905901116427,0.3523809523809523,8.403526018381516,8.848654587032197,1,1,Chennai Super Kings,0,149,55,5,0,runs,3,0
336026,2008-05-19,2007/08,Bangalore,M Chinnaswamy Stadium,Royal Challengers Bangalore,Delhi Daredevils,Delhi Daredevils,field,0.4272727272727272,0.4102564102564102,0.0,0.2,157.94545454545454,160.4102564102564,162.95454545454547,162.64102564102564,6.245454545454545,5.871794871794871,5.836363636363636,5.923076923076923,0.0,0.5,1.0,110,39,10.84781254099436,17.94803703407172,102.19772408387558,115.92833614747948,0.360064935064935,0.4970287288469107,11.095027880335936,8.606768653384675,0,0,Delhi Daredevils,0,154,158,7,5,wickets,0,5
336027,2008-05-20,2007/08,Kolkata,Eden Gardens,Kolkata Knight Riders,Rajasthan Royals,Rajasthan Royals,field,0.506578947368421,0.4929577464788732,0.6,0.6,166.02631578947367,170.64788732394365,164.0,172.78169014084506,6.302631578947368,6.091549295774648,5.927631578947368,5.676056338028169,0.5357142857142857,0.3333333333333333,0.5555555555555556,152,142,14.38322356723233,16.43496672759468,115.99837012184244,102.52761721042413,0.6107570590329211,0.6085293494384404,8.573310583080552,7.990932686735378,0,0,Rajasthan Royals,0,147,150,8,4,wickets,0,6
336028,2008-05-21,2007/08,Mumbai,Wankhede Stadium,Mumbai Indians,Kings XI Punjab,Mumbai Indians,field,0.5189873417721519,0.4923076923076923,1.0,0.8,169.34177215189874,163.98461538461538,166.4746835443038,166.63076923076923,5.981012658227848,5.615384615384615,6.265822784810126,5.723076923076923,0.5833333333333334,0.3333333333333333,0.5,158,65,20.441801948051943,14.69452101661779,122.82041259768324,108.17746260361506,0.4417892156862745,0.5009357092210948,8.807938170322531,8.765992605231892,1,0,Kings XI Punjab,0,188,189,10,4,runs,1,0
336029,2008-05-21,2007/08,Chennai,"MA Chidambaram Stadium, Chepauk",Chennai Super Kings,Royal Challengers Bangalore,Royal Challengers Bangalore,bat,0.5241379310344828,0.4234234234234234,0.6,0.0,168.83448275862068,157.9099099099099,166.02068965517242,162.9099099099099,5.455172413793103,6.252252252252252,6.041379310344827,5.828828828828829,0.6,0.5,1.0,145,111,17.858051460734387,15.218510290878712,124.84693828919528,116.27784288314632,0.4284523809523809,0.3907308377896613,8.699035723843242,8.853794216255839,0,1,Royal Challengers Bangalore,0,112,126,8,8,runs,14,0
336031,2008-05-23,2007/08,Chandigarh,"Punjab Cricket Association Stadium, Mohali",Kings XI Punjab,Deccan Chargers,Kings XI Punjab,field,0.5,0.1818181818181818,0.8,0.2,164.36363636363637,159.45454545454547,166.95454545454547,165.9090909090909,5.590909090909091,6.818181818181818,5.787878787878788,4.727272727272728,0.8333333333333334,0.5,0.5,66,11,18.70783950617284,14.320156106519743,119.51118076267338,105.6984736633604,0.4058641975308641,0.3900826446280991,9.007261980684568,10.22542418222519,1,0,Kings XI Punjab,1,178,175,4,4,wickets,0,6
336032,2008-05-24,2007/08,Delhi,Feroz Shah Kotla,Delhi Daredevils,Mumbai Indians,Delhi Daredevils,field,0.425,0.5157232704402516,0.4,0.8,160.35,169.45911949685535,162.425,166.61635220125785,5.85,6.0062893081761,5.95,6.251572327044025,0.5833333333333334,1.0,0.5,40,159,18.107150369895397,18.16089743589744,118.35054662542416,134.77638946063573,0.5991605616605616,0.5112481962481963,7.790980852760965,9.067645209041231,1,0,Delhi Daredevils,1,179,176,5,8,wickets,0,5
336033,2008-05-24,2007/08,Chennai,"MA Chidambaram Stadium, Chepauk",Chennai Super Kings,Rajasthan Royals,Rajasthan Royals,bat,0.5205479452054794,0.4965034965034965,0.6,0.8,168.44520547945206,170.5034965034965,165.74657534246575,172.6013986013986,5.472602739726027,6.076923076923077,6.054794520547945,5.6923076923076925,0.5,0.5,0.3333333333333333,146,143,14.454248207614674,14.695815295815295,104.08937684516576,109.5487175163437,0.5379220779220779,0.4314492325855962,8.020390417342066,8.810389750649483,0,1,Rajasthan Royals,0,201,211,7,5,runs,10,0
336002,2008-05-25,2007/08,Hyderabad,"Rajiv Gandhi International Stadium, Uppal",Deccan Chargers,Royal Challengers Bangalore,Deccan Chargers,bat,0.2,0.4423076923076923,0.2,0.2,157.0,159.19230769230768,158.6,163.81730769230768,6.2,6.173076923076923,4.6,5.9423076923076925,0.0,0.0,0.5,5,104,12.84909420289855,13.00748299319728,121.22558438823556,104.04774529546152,0.3125,0.3470899470899471,8.86069220499127,12.618079460699944,1,1,Royal Challengers Bangalore,0,165,171,10,5,wickets,0,5
336035,2008-05-25,2007/08,Kolkata,Eden Gardens,Kolkata Knight Riders,Kings XI Punjab,Kings XI Punjab,bat,0.5032679738562091,0.5074626865671642,0.4,1.0,165.90196078431373,164.56716417910448,163.90849673202615,167.07462686567163,6.313725490196078,5.567164179104478,5.915032679738562,5.7611940298507465,0.5172413793103449,0.3333333333333333,0.6666666666666666,153,67,15.206753246753248,17.47202315658198,116.34723203976782,120.05954210655906,0.5184140435835352,0.5420935854269188,8.985781909569143,8.89943865188277,0,1,Kolkata Knight Riders,1,175,174,7,6,wickets,0,3
336036,2008-05-26,2007/08,Jaipur,Sawai Mansingh Stadium,Rajasthan Royals,Mumbai Indians,Rajasthan Royals,field,0.5,0.5125,0.8,0.6,170.78472222222223,169.5,172.79861111111111,166.69375,6.069444444444445,6.01875,5.701388888888889,6.24375,0.7,0.0,0.4285714285714285,144,160,17.691294034399984,17.959482851887916,124.15597371840394,125.3970600265145,0.5661477200851015,0.5612781954887217,8.423650259929806,8.668257402749884,1,0,Rajasthan Royals,1,146,145,5,7,wickets,0,5
336037,2008-05-27,2007/08,Hyderabad,"Rajiv Gandhi International Stadium, Uppal",Deccan Chargers,Chennai Super Kings,Deccan Chargers,bat,0.1538461538461538,0.5170068027210885,0.0,0.4,160.15384615384616,168.66666666666666,166.07692307692307,166.05442176870747,6.538461538461538,5.482993197278912,4.923076923076923,6.047619047619048,0.0,0.5,0.5,13,147,11.935053835053834,13.360360031796938,109.2575167860782,94.40509331596684,0.4683838888384342,0.4571428571428571,8.507578615633193,8.390653728262423,1,1,Chennai Super Kings,0,147,148,8,3,wickets,0,7
336019,2008-05-28,2007/08,Chandigarh,"Punjab Cricket Association Stadium, Mohali",Kings XI Punjab,Rajasthan Royals,Rajasthan Royals,field,0.4761904761904761,0.4928571428571429,0.8,0.8,164.1904761904762,170.39285714285714,167.1904761904762,172.72857142857143,5.698412698412699,6.121428571428571,5.73015873015873,5.671428571428572,0.8,0.5,0.5,63,140,18.168137931034483,9.501313559322034,120.79289674840172,108.54609918152433,0.6215728715728716,0.3064629814629814,9.00561378584909,8.704849237366336,0,0,Kings XI Punjab,1,221,180,3,7,runs,41,0
336012,2008-05-28,2007/08,Bangalore,M Chinnaswamy Stadium,Royal Challengers Bangalore,Mumbai Indians,Mumbai Indians,field,0.4392523364485981,0.5064935064935064,0.2,0.6,158.66355140186917,170.2987012987013,163.15887850467288,167.56493506493507,6.177570093457944,6.064935064935065,5.97196261682243,6.220779220779221,0.0,1.0,0.3333333333333333,107,154,13.90091519219036,18.06259498550118,120.82109306770737,111.607731451994,0.4377039627039627,0.4333715667049,10.943639149251036,10.145186653596552,0,0,Mumbai Indians,0,122,126,9,1,wickets,0,9
336038,2008-05-30,2007/08,Mumbai,Wankhede Stadium,Delhi Daredevils,Rajasthan Royals,Delhi Daredevils,field,0.4390243902439024,0.503448275862069,0.6,0.8,160.8048780487805,170.61379310344827,162.7560975609756,172.60689655172413,5.829268292682927,6.062068965517241,6.0,5.710344827586207,0.5,1.0,1.0,41,145,16.242287756045585,16.275552850653416,107.52311818109634,106.191872877936,0.6509503075540811,0.6593628593628593,8.07919644051482,7.961689714692089,1,0,Rajasthan Royals,0,87,192,10,9,runs,105,0
336039,2008-05-31,2007/08,Mumbai,Wankhede Stadium,Chennai Super Kings,Kings XI Punjab,Kings XI Punjab,bat,0.5202702702702703,0.5,0.4,0.8,168.52702702702703,164.7058823529412,165.92567567567568,167.19117647058823,5.466216216216216,5.573529411764706,6.0608108108108105,5.779411764705882,0.6,0.5,0.6666666666666666,148,68,13.644843391902215,16.934169637551992,102.33044071638228,121.26077082841796,0.5696591287500378,0.6023903332439918,9.77237031148796,9.371767484445888,0,1,Chennai Super Kings,1,116,112,1,8,wickets,0,9
336040,2008-06-01,2007/08,Mumbai,Dr DY Patil Sports Academy,Chennai Super Kings,Rajasthan Royals,Rajasthan Royals,field,0.5234899328859061,0.5068493150684932,0.6,1.0,168.1744966442953,170.76027397260273,165.56375838926175,172.0205479452055,5.436241610738255,6.082191780821918,6.073825503355705,5.739726027397261,0.5,0.0,0.3,149,146,13.549463579898362,17.143439071893017,101.92932315104792,115.7163090869712,0.5811688311688312,0.6613464127482044,9.624163704258828,7.878840839256154,0,0,Rajasthan Royals,0,163,164,5,7,wickets,0,3
392181,2009-04-18,2009,Cape Town,Newlands,Chennai Super Kings,Mumbai Indians,Chennai Super Kings,field,0.52,0.5093167701863354,0.4,0.4,168.14,169.34782608695653,165.55333333333334,166.56521739130434,5.433333333333334,6.024844720496894,6.08,6.236024844720497,0.5,0.5,0.4,150,161,18.94489990008502,15.989574314574314,142.02308452314523,136.67243283855782,0.4374721851357365,0.5215988556897648,8.751100423881839,9.047139516610017,1,0,Mumbai Indians,0,146,165,7,7,runs,19,0
392182,2009-04-18,2009,Cape Town,Newlands,Royal Challengers Bangalore,Rajasthan Royals,Royal Challengers Bangalore,bat,0.4336283185840708,0.5102040816326531,0.4,1.0,157.61061946902657,170.71428571428572,162.3716814159292,171.9591836734694,6.283185840707965,6.08843537414966,5.849557522123894,5.73469387755102,0.5,0.5,0.4,113,147,16.395003607503607,17.916101316825955,120.09683899082604,110.03379585682012,0.471805777068935,0.6022067716402307,8.409819485555724,7.930450930981381,1,1,Royal Challengers Bangalore,1,133,58,8,10,runs,75,0
392183,2009-04-19,2009,Cape Town,Newlands,Delhi Daredevils,Kings XI Punjab,Delhi Daredevils,field,0.4285714285714285,0.4927536231884058,0.6,0.6,159.04761904761904,163.94202898550725,163.45238095238096,166.44927536231884,5.928571428571429,5.608695652173913,6.071428571428571,5.710144927536232,0.5,0.5,0.3333333333333333,42,69,18.674324633699637,13.79861111111111,121.45374150207208,120.35152639256796,0.4619521103896103,0.4222279226797299,8.687791781639197,9.381414791969036,1,0,Delhi Daredevils,1,58,104,0,7,wickets,0,10
392184,2009-04-19,2009,Cape Town,Newlands,Deccan Chargers,Kolkata Knight Riders,Kolkata Knight Riders,bat,0.1428571428571428,0.5064935064935064,0.0,0.4,159.21428571428572,165.96103896103895,164.78571428571428,163.97402597402598,6.642857142857143,6.318181818181818,4.785714285714286,5.915584415584416,0.5,0.5,0.0,14,154,18.475724191249306,14.569501926644785,114.47695255221146,112.36117395460188,0.4424603174603174,0.4294075205839913,8.550197558262076,8.216220270996528,0,1,Deccan Chargers,1,104,101,2,10,wickets,0,8
392185,2009-04-20,2009,Port Elizabeth,St George's Park,Royal Challengers Bangalore,Chennai Super Kings,Chennai Super Kings,bat,0.4385964912280701,0.5165562913907285,0.6,0.4,157.39473684210526,167.9933774834437,161.4561403508772,165.5496688741722,6.298245614035087,5.443708609271523,5.885964912280702,6.086092715231788,0.5,0.5,0.3333333333333333,114,151,18.606273306542125,18.076633856167305,116.4194191997735,110.93826195485347,0.4592045454545454,0.6085275835275835,8.47201467506469,8.85756831957714,0,1,Chennai Super Kings,0,87,179,10,5,runs,92,0
392186,2009-04-21,2009,Durban,Kingsmead,Kings XI Punjab,Kolkata Knight Riders,Kolkata Knight Riders,field,0.4857142857142857,0.5032258064516129,0.4,0.2,163.0857142857143,165.54193548387096,164.9,163.58709677419355,5.628571428571429,6.341935483870968,5.628571428571429,5.890322580645162,0.5,0.5,0.6666666666666666,70,155,14.644311860978526,15.36414835164835,123.35164740678368,111.77404242119266,0.3592592592592593,0.3619649362477231,9.377226109854716,8.773058022147081,0,0,Kolkata Knight Riders,0,158,79,6,1,runs,11,0
392188,2009-04-22,2009,Cape Town,Newlands,Royal Challengers Bangalore,Deccan Chargers,Deccan Chargers,bat,0.4347826086956521,0.2,0.6,0.2,156.7826086956522,155.53333333333333,161.6086956521739,160.53333333333333,6.330434782608696,6.333333333333333,5.878260869565217,5.133333333333334,1.0,1.0,1.0,115,15,12.6601220933538,18.369085411942557,85.6402605749949,115.13970123134384,0.7109864788487457,0.4934744268077601,7.422792802685096,8.454971883610751,0,1,Deccan Chargers,0,160,184,8,6,runs,24,0
392189,2009-04-23,2009,Durban,Kingsmead,Chennai Super Kings,Delhi Daredevils,Delhi Daredevils,bat,0.5197368421052632,0.4418604651162791,0.6,0.6,168.06578947368422,156.69767441860466,165.0328947368421,162.06976744186048,5.440789473684211,5.790697674418604,6.1118421052631575,6.093023255813954,0.5,0.5,0.5,152,43,18.11723732993742,18.44059447496948,113.66406324241804,118.03277444160793,0.6249506341611605,0.3991596638655462,8.332831999531406,8.576363636363634,0,1,Delhi Daredevils,0,180,189,9,5,runs,9,0
392191,2009-04-24,2009,Durban,Kingsmead,Royal Challengers Bangalore,Kings XI Punjab,Royal Challengers Bangalore,bat,0.4310344827586206,0.4788732394366197,0.6,0.2,156.81034482758622,163.01408450704224,161.80172413793105,163.69014084507043,6.344827586206897,5.633802816901408,5.879310344827586,5.563380281690141,0.5,0.0,0.25,116,71,14.956027078066375,15.20235215062801,104.305135424996,124.36428853558124,0.5748251748251748,0.406500933706816,8.91505947416185,8.852252731301824,1,1,Kings XI Punjab,0,168,173,9,3,wickets,0,7
392192,2009-04-25,2009,Durban,Kingsmead,Deccan Chargers,Mumbai Indians,Deccan Chargers,bat,0.25,0.5123456790123457,0.4,0.4,157.3125,169.320987654321,160.5,166.43827160493828,6.3125,6.030864197530864,5.3125,6.2407407407407405,0.5,0.5,0.0,16,162,17.104750204750204,16.100269221136987,123.76929043403,135.35365628486565,0.4970009157509157,0.5248910509780076,8.37179387519542,9.08538961727936,1,1,Deccan Chargers,1,168,156,9,7,runs,12,0
392194,2009-04-26,2009,Port Elizabeth,St George's Park,Royal Challengers Bangalore,Delhi Daredevils,Royal Challengers Bangalore,bat,0.4273504273504273,0.4545454545454545,0.4,0.8,156.9059829059829,157.4318181818182,161.89743589743588,162.47727272727272,6.367521367521367,5.7727272727272725,5.854700854700854,6.159090909090909,0.0,0.5,0.5,117,44,15.518218806509946,17.423616963182642,117.07312769992888,113.54542316708344,0.3661904761904762,0.5512566137566137,9.217189925967778,8.067652164601316,1,1,Delhi Daredevils,0,149,150,7,4,wickets,0,6
392195,2009-04-26,2009,Cape Town,Newlands,Kings XI Punjab,Rajasthan Royals,Kings XI Punjab,bat,0.4861111111111111,0.5067567567567568,0.2,0.8,163.15277777777777,169.9527027027027,163.75,171.69594594594594,5.597222222222222,6.114864864864865,5.611111111111111,5.75,0.0,0.0,0.6,72,148,18.59484674329502,14.01682087443276,126.68103491463243,98.7063624066742,0.435734361397836,0.6668299990988555,8.81368059846529,7.569845739416974,1,1,Kings XI Punjab,1,139,112,6,7,runs,27,0
392196,2009-04-27,2009,Durban,Kingsmead,Chennai Super Kings,Deccan Chargers,Deccan Chargers,field,0.5163398692810458,0.2941176470588235,0.4,0.6,168.1437908496732,157.94117647058823,165.18954248366012,160.23529411764707,5.4640522875817,6.470588235294118,6.104575163398692,5.411764705882353,0.0,1.0,0.0,153,17,16.602051966298543,17.057847036403427,116.29008546718312,112.87250052254412,0.6040674120888023,0.4984749455337691,8.45988424154453,8.130109505109505,0,0,Deccan Chargers,0,165,169,6,4,wickets,0,6
392197,2009-04-27,2009,Port Elizabeth,St George's Park,Kolkata Knight Riders,Mumbai Indians,Mumbai Indians,bat,0.5064102564102564,0.50920245398773,0.4,0.2,164.98717948717947,169.23926380368098,163.55128205128204,166.4478527607362,6.307692307692308,6.03680981595092,5.891025641025641,6.257668711656442,0.5,0.5,0.3636363636363636,156,163,15.486366207322089,18.517052439586443,114.3826672593758,143.3462816910711,0.3983383407126291,0.4730867432641268,9.481198261000456,9.079442489191802,0,1,Mumbai Indians,0,95,187,9,6,runs,92,0
392198,2009-04-28,2009,Centurion,SuperSport Park,Delhi Daredevils,Rajasthan Royals,Delhi Daredevils,bat,0.4666666666666667,0.5033557046979866,0.8,0.6,157.26666666666668,169.56375838926175,162.17777777777778,171.4765100671141,5.733333333333333,6.120805369127517,6.177777777777778,5.751677852348993,0.5,0.5,0.6666666666666666,45,149,18.427898380556144,13.040282634032632,120.10738913142885,98.48980607694088,0.4955191007822586,0.6122676807949458,8.044128544128544,7.358116110297708,1,1,Rajasthan Royals,0,143,147,7,5,wickets,0,5
392200,2009-04-29,2009,Durban,Kingsmead,Kings XI Punjab,Mumbai Indians,Kings XI Punjab,bat,0.4931506849315068,0.5121951219512195,0.4,0.4,162.82191780821918,169.34756097560975,163.04109589041096,166.0121951219512,5.602739726027397,6.036585365853658,5.63013698630137,6.274390243902439,0.5,0.0,0.25,73,164,19.526305792972455,18.606711525362886,123.36424200245555,144.78471751499254,0.3878246062154108,0.5210725592815145,8.693173868737778,8.398889990941338,1,1,Kings XI Punjab,1,119,116,8,7,runs,3,0
392199,2009-04-29,2009,Durban,Kingsmead,Royal Challengers Bangalore,Kolkata Knight Riders,Kolkata Knight Riders,bat,0.423728813559322,0.5031847133757962,0.2,0.4,156.83898305084745,164.54140127388536,161.79661016949152,163.70063694267515,6.372881355932203,6.32484076433121,5.838983050847458,5.89171974522293,0.0,1.0,0.3,118,157,16.690671729272356,15.451379622082944,108.04026837373256,116.35931141248686,0.4269151138716356,0.5259451659451659,8.583108984543268,8.958223616474152,0,1,Royal Challengers Bangalore,1,143,139,5,6,wickets,0,5
392202,2009-04-30,2009,Centurion,SuperSport Park,Chennai Super Kings,Rajasthan Royals,Rajasthan Royals,field,0.512987012987013,0.5066666666666667,0.2,0.6,168.12337662337663,169.41333333333333,165.21428571428572,171.28666666666666,5.467532467532467,6.113333333333333,6.090909090909091,5.76,0.5,1.0,0.2727272727272727,154,150,19.222565318097423,11.77112197729631,109.08641403542538,91.13412357253792,0.5054012345679012,0.6489200303429552,8.214516800496298,7.648787000087249,0,0,Chennai Super Kings,1,164,126,5,9,runs,38,0
392201,2009-04-30,2009,Centurion,SuperSport Park,Deccan Chargers,Delhi Daredevils,Delhi Daredevils,field,0.3333333333333333,0.4565217391304347,0.8,0.6,158.55555555555554,156.95652173913044,160.5,161.84782608695653,6.333333333333333,5.760869565217392,5.444444444444445,6.152173913043479,0.5,0.0,0.0,18,46,16.681669040835708,19.15587543991956,110.7841722384139,116.4075150230226,0.524537037037037,0.5280383022774326,8.027678748266982,8.075832325808252,0,0,Delhi Daredevils,0,148,150,9,4,wickets,0,6
392204,2009-05-01,2009,Durban,Kingsmead,Royal Challengers Bangalore,Kings XI Punjab,Royal Challengers Bangalore,bat,0.4285714285714285,0.5,0.2,0.6,156.72268907563026,162.22972972972974,161.60504201680672,162.40540540540542,6.361344537815126,5.635135135135135,5.840336134453781,5.648648648648648,0.5,0.6666666666666666,0.2,119,74,15.19687441643324,19.525036896479023,107.13326395391525,120.82333375666492,0.4629166666666666,0.3453456874509506,8.126769986795095,8.262625093673352,1,1,Royal Challengers Bangalore,1,145,137,9,7,runs,8,0
392203,2009-05-01,2009,East London,Buffalo Park,Kolkata Knight Riders,Mumbai Indians,Mumbai Indians,bat,0.5,0.509090909090909,0.4,0.4,164.37974683544303,169.02424242424243,163.56962025316454,165.72727272727272,6.322784810126582,6.042424242424242,5.886075949367089,6.284848484848485,0.5,0.5,0.3333333333333333,158,165,17.68453712990242,18.338234475076582,116.37747773510706,143.88089637013576,0.5527289944903582,0.4957147503659131,8.589623256141323,8.087022419877561,0,1,Mumbai Indians,0,139,148,6,6,runs,9,0
392205,2009-05-02,2009,Port Elizabeth,St George's Park,Deccan Chargers,Rajasthan Royals,Deccan Chargers,bat,0.3157894736842105,0.5033112582781457,0.8,0.4,158.0,169.12582781456953,159.94736842105263,171.23841059602648,6.473684210526316,6.132450331125828,5.368421052631579,5.754966887417218,0.5,0.5,0.0,19,151,15.972437232052185,13.595239771122126,105.6019443576061,90.8271319731756,0.4875539450229852,0.4924183950213698,8.145728019404109,7.949240685883842,1,1,Rajasthan Royals,0,141,142,5,7,wickets,0,3
392206,2009-05-02,2009,Johannesburg,New Wanderers Stadium,Chennai Super Kings,Delhi Daredevils,Delhi Daredevils,field,0.5161290322580645,0.4680851063829787,0.4,0.8,168.09677419354838,156.80851063829786,164.96129032258065,161.5531914893617,5.464516129032258,5.723404255319149,6.109677419354838,6.212765957446808,0.5,0.5,0.3333333333333333,155,47,17.767412217412218,18.252955805281196,104.0478440782999,111.45781336399322,0.5552550304872287,0.4063283208020049,8.028373281585553,8.713281561386042,0,0,Chennai Super Kings,1,163,145,10,8,runs,18,0
392208,2009-05-03,2009,Johannesburg,New Wanderers Stadium,Royal Challengers Bangalore,Mumbai Indians,Mumbai Indians,bat,0.4333333333333333,0.5120481927710844,0.4,0.6,156.625,168.8975903614458,161.4,165.56626506024097,6.383333333333334,6.042168674698795,5.85,6.283132530120482,0.5,0.5,0.2857142857142857,120,166,18.589457698576343,18.927906491985716,122.5327004445531,143.59405569348766,0.48125,0.5554597412886183,8.471683680100982,8.123975079342095,0,1,Royal Challengers Bangalore,1,150,149,1,4,wickets,0,9
392207,2009-05-03,2009,Port Elizabeth,St George's Park,Kings XI Punjab,Kolkata Knight Riders,Kolkata Knight Riders,bat,0.4933333333333333,0.4968553459119497,0.6,0.2,161.89333333333337,164.22012578616352,162.17333333333335,163.47169811320754,5.653333333333333,6.320754716981132,5.693333333333333,5.886792452830188,0.5,0.0,0.5,75,159,16.268046145739234,17.56583871409936,112.73637746823596,115.66546461450326,0.3635743781811197,0.5416810727815512,7.818135103039966,8.331568466879496,0,1,Kings XI Punjab,1,154,153,4,3,wickets,0,6
392209,2009-05-04,2009,East London,Buffalo Park,Chennai Super Kings,Deccan Chargers,Chennai Super Kings,bat,0.5192307692307693,0.3,0.6,0.6,168.06410256410257,157.15,164.83333333333334,159.05,5.493589743589744,6.4,6.121794871794871,5.45,0.5,0.5,0.0,156,20,17.190385338345862,18.15448155645524,115.55943960118827,108.16466228230033,0.606010101010101,0.4335357779475426,8.127636183670667,8.367893649574635,1,1,Chennai Super Kings,1,178,100,3,10,runs,78,0
392210,2009-05-05,2009,Durban,Kingsmead,Kings XI Punjab,Rajasthan Royals,Kings XI Punjab,field,0.5,0.506578947368421,0.8,0.4,161.78947368421052,168.94736842105263,162.05263157894737,171.03947368421052,5.631578947368421,6.1381578947368425,5.657894736842105,5.75,0.5,0.5,0.6666666666666666,76,152,16.665217731829575,17.44886204481793,110.05668627646932,106.9278967128063,0.4398412698412698,0.5306203272675977,8.223574601883648,7.593075913001415,1,0,Rajasthan Royals,0,133,211,8,4,runs,78,0
392211,2009-05-05,2009,Durban,Kingsmead,Delhi Daredevils,Kolkata Knight Riders,Kolkata Knight Riders,bat,0.4583333333333333,0.49375,0.6,0.2,156.5625,164.15,161.58333333333334,163.4125,5.770833333333333,6.3,6.291666666666667,5.875,1.0,0.5,0.5,48,160,17.49692599267764,16.16204561721803,108.06602049251964,113.68730133204204,0.4146315408729202,0.4626877906782213,8.742978579436311,8.115215866648105,0,1,Delhi Daredevils,1,157,154,1,3,wickets,0,9
392212,2009-05-06,2009,Centurion,SuperSport Park,Deccan Chargers,Mumbai Indians,Deccan Chargers,bat,0.2857142857142857,0.5089820359281437,0.4,0.4,154.42857142857142,168.77844311377245,159.95238095238096,165.47305389221555,6.571428571428571,6.029940119760479,5.333333333333333,6.251497005988024,0.0,0.5,0.5,21,167,17.24718843677822,15.64073121999951,108.52220608805484,137.28559333649525,0.5176767676767676,0.5647035070948113,8.979642423768215,8.51308119303951,1,1,Deccan Chargers,1,145,126,6,8,runs,19,0
392213,2009-05-07,2009,Centurion,SuperSport Park,Royal Challengers Bangalore,Rajasthan Royals,Rajasthan Royals,field,0.4380165289256198,0.5098039215686274,0.6,0.6,156.5702479338843,169.22222222222223,161.29752066115702,170.79084967320262,6.338842975206612,6.124183006535947,5.8347107438016526,5.764705882352941,0.5,0.5,0.5,121,153,18.734695981005064,18.01954787141953,122.51048102223032,112.44074861328072,0.4495933886375062,0.3976960076960077,8.46021933323955,7.632091266373112,0,0,Rajasthan Royals,0,105,107,10,3,wickets,0,7
392214,2009-05-07,2009,Centurion,SuperSport Park,Chennai Super Kings,Kings XI Punjab,Chennai Super Kings,bat,0.5222929936305732,0.4935064935064935,0.6,0.6,168.12738853503186,161.41558441558442,164.4203821656051,162.6883116883117,5.477707006369426,5.662337662337662,6.146496815286624,5.636363636363637,1.0,0.5,0.75,157,77,16.519991582491585,14.204596028686316,123.1292833247298,112.87868658057198,0.7800334168755221,0.4595475357975358,7.885832411321796,8.603751069208071,1,1,Chennai Super Kings,1,185,174,3,3,runs,12,0
392215,2009-05-08,2009,East London,Buffalo Park,Delhi Daredevils,Mumbai Indians,Mumbai Indians,bat,0.4693877551020408,0.5059523809523809,0.6,0.4,156.57142857142858,168.52380952380952,161.42857142857142,165.35119047619048,5.673469387755102,6.041666666666667,6.224489795918367,6.25,0.5,1.0,0.6666666666666666,49,168,17.729459315462208,14.196765593289657,107.93152719155876,137.71205553028074,0.4115921109104602,0.5100940216836217,8.709847376615404,8.508335050552304,0,1,Delhi Daredevils,1,118,116,3,10,wickets,0,7
392216,2009-05-09,2009,Kimberley,De Beers Diamond Oval,Deccan Chargers,Kings XI Punjab,Kings XI Punjab,field,0.3181818181818182,0.4871794871794871,0.4,0.4,154.0,161.57692307692307,158.4090909090909,162.97435897435898,6.545454545454546,5.628205128205129,5.454545454545454,5.602564102564102,0.5,0.5,0.0,22,78,18.31918728924076,14.477114151445704,106.12675686917844,114.99346884965416,0.608191967522111,0.514659381539177,8.776140584632003,8.320364432155284,0,0,Kings XI Punjab,0,168,169,5,7,wickets,0,3
392217,2009-05-09,2009,Kimberley,De Beers Diamond Oval,Chennai Super Kings,Rajasthan Royals,Rajasthan Royals,bat,0.5253164556962026,0.512987012987013,0.8,0.8,168.23417721518987,168.8181818181818,164.48101265822783,170.36363636363637,5.462025316455696,6.103896103896104,6.1265822784810124,5.792207792207792,0.5,0.5,0.3333333333333333,158,154,17.51213717110776,16.616986778214738,115.45290398779107,112.03548648760348,0.645472027972028,0.5826924564796905,8.073187122199723,7.260459418070445,0,1,Chennai Super Kings,1,141,140,3,7,wickets,0,7
392218,2009-05-10,2009,Port Elizabeth,St George's Park,Royal Challengers Bangalore,Mumbai Indians,Mumbai Indians,bat,0.4344262295081967,0.5029585798816568,0.6,0.2,156.14754098360655,168.2130177514793,160.85245901639345,165.07100591715977,6.368852459016393,6.06508875739645,5.811475409836065,6.230769230769231,0.0,1.0,0.375,122,169,18.31182733770453,17.72716337977966,111.22953080995808,142.05591216883903,0.3824148606811145,0.5632097247972285,8.989590885037165,8.307804381849103,0,1,Mumbai Indians,0,141,157,7,2,runs,16,0
392219,2009-05-10,2009,Johannesburg,New Wanderers Stadium,Delhi Daredevils,Kolkata Knight Riders,Delhi Daredevils,field,0.48,0.4906832298136646,0.6,0.0,155.8,164.08695652173913,160.52,163.3726708074534,5.62,6.279503105590062,6.3,5.84472049689441,0.0,0.5,0.6666666666666666,50,161,17.636242576446,18.54238703562233,107.4014988660726,118.05398446378418,0.4243518518518518,0.4092136719002391,8.591461252378481,8.057579330335475,1,0,Delhi Daredevils,1,125,123,3,8,wickets,0,7
392220,2009-05-11,2009,Kimberley,De Beers Diamond Oval,Deccan Chargers,Rajasthan Royals,Deccan Chargers,bat,0.3043478260869565,0.5096774193548387,0.2,0.6,154.6086956521739,168.63225806451612,158.8695652173913,170.1741935483871,6.478260869565218,6.109677419354838,5.521739130434782,5.774193548387097,0.0,0.0,0.0,23,155,18.831942142320823,15.706013206353385,114.5729112002384,107.47744983056936,0.7369183829138063,0.5344436979206696,9.053703376916378,7.386384001454947,1,1,Deccan Chargers,1,166,113,7,10,runs,53,0
392221,2009-05-12,2009,Centurion,SuperSport Park,Royal Challengers Bangalore,Kolkata Knight Riders,Royal Challengers Bangalore,field,0.4308943089430894,0.4876543209876543,0.6,0.0,156.02439024390245,163.83333333333334,160.8211382113821,163.1358024691358,6.373983739837398,6.290123456790123,5.780487804878049,5.827160493827161,0.0,0.5,0.3636363636363636,123,162,16.218227633751177,13.23218586394222,111.7163192139275,93.88133920937244,0.3454469507101085,0.3115864527629233,8.621142244928539,8.715439720007478,1,0,Royal Challengers Bangalore,1,176,173,4,4,wickets,0,6
392222,2009-05-12,2009,Centurion,SuperSport Park,Kings XI Punjab,Mumbai Indians,Kings XI Punjab,bat,0.4936708860759494,0.5058823529411764,0.4,0.4,161.67088607594937,168.14705882352942,163.0379746835443,164.9294117647059,5.6455696202531644,6.041176470588235,5.594936708860759,6.235294117647059,0.0,0.0,0.4,79,170,15.729206414500531,16.604910857289294,116.5836720703196,139.37302710081812,0.4764784946236559,0.5747049993017735,8.289279566171563,8.39023710802334,1,1,Mumbai Indians,0,119,122,9,2,wickets,0,8
392223,2009-05-13,2009,Durban,Kingsmead,Deccan Chargers,Delhi Daredevils,Deccan Chargers,field,0.3333333333333333,0.4901960784313725,0.4,0.8,155.08333333333334,155.19607843137254,156.95833333333334,159.7843137254902,6.5,5.568627450980392,5.708333333333333,6.333333333333333,1.0,1.0,0.0,24,51,18.58065904683552,18.82646540258763,115.33442018989167,111.49000968165149,0.7672077922077922,0.4633717798594848,8.626879860768828,8.946174799032434,1,0,Delhi Daredevils,0,161,173,10,7,runs,12,0
392224,2009-05-14,2009,Durban,Kingsmead,Royal Challengers Bangalore,Chennai Super Kings,Chennai Super Kings,bat,0.4354838709677419,0.5283018867924528,0.6,1.0,156.18548387096774,168.06289308176102,160.9193548387097,164.32704402515722,6.354838709677419,5.446540880503145,5.766129032258065,6.132075471698113,0.6666666666666666,0.0,0.3,124,159,18.04378922883524,17.476951709386555,124.9626021227909,114.77714720764232,0.4195134300397458,0.6389173060528559,8.893335228140716,8.051735617068731,0,1,Royal Challengers Bangalore,1,132,129,8,10,wickets,0,2
392225,2009-05-14,2009,Durban,Kingsmead,Mumbai Indians,Rajasthan Royals,Rajasthan Royals,bat,0.5087719298245614,0.5064102564102564,0.4,0.6,167.87719298245614,168.27564102564102,164.66081871345028,170.14743589743588,6.017543859649122,6.134615384615385,6.251461988304094,5.782051282051282,0.0,1.0,0.3,171,156,17.941876717632383,13.253206954335988,142.13594064244208,112.11468383621344,0.6900268483604601,0.5401541051541051,7.779335902613257,8.338717130886325,0,1,Rajasthan Royals,0,143,145,10,7,runs,2,0
392226,2009-05-15,2009,Bloemfontein,OUTsurance Oval,Delhi Daredevils,Kings XI Punjab,Kings XI Punjab,field,0.5,0.4875,0.8,0.4,155.53846153846155,161.1375,159.80769230769232,162.525,5.596153846153846,5.6875,6.403846153846154,5.55,0.5,0.5,0.5,52,80,17.940921820949217,15.271004877923708,117.9792373421692,115.2018198278248,0.5953988540195437,0.5100199411944357,8.26080874809514,8.056108242852554,0,0,Kings XI Punjab,0,120,123,9,4,wickets,0,6
392227,2009-05-16,2009,Port Elizabeth,St George's Park,Chennai Super Kings,Mumbai Indians,Mumbai Indians,bat,0.525,0.5058139534883721,0.8,0.4,167.81875,167.7325581395349,164.125,164.54651162790697,5.475,6.040697674418604,6.14375,6.255813953488372,1.0,1.0,0.3636363636363636,160,172,17.598513790131438,15.830849108938354,115.71776948226572,117.5464626424046,0.6281060606060607,0.7120505600051055,7.944885730211818,7.7013809470981345,0,1,Chennai Super Kings,1,151,147,3,5,wickets,0,7
392228,2009-05-16,2009,Johannesburg,New Wanderers Stadium,Deccan Chargers,Kolkata Knight Riders,Deccan Chargers,field,0.32,0.4846625766871165,0.4,0.0,155.32,163.88957055214723,157.6,163.21472392638037,6.64,6.276073619631902,5.76,5.815950920245399,0.5,0.0,0.5,25,163,19.168031883191112,17.138302289451715,113.61454985316198,113.9085411748012,0.6247575757575758,0.4437941285767373,8.430524544022806,8.24413690027209,1,0,Deccan Chargers,1,166,160,4,5,wickets,0,6
392229,2009-05-17,2009,Johannesburg,New Wanderers Stadium,Deccan Chargers,Kings XI Punjab,Deccan Chargers,field,0.3461538461538461,0.4938271604938271,0.6,0.4,155.73076923076923,160.66666666666666,157.69230769230768,162.0,6.538461538461538,5.666666666666667,5.730769230769231,5.592592592592593,1.0,0.5,0.0,26,81,18.84294994645594,14.94713535317415,113.04415969488414,113.54430437549296,0.6771500238891545,0.5452888153845091,8.22264954421452,7.942639662854771,1,0,Kings XI Punjab,0,133,134,8,7,runs,1,0
392230,2009-05-17,2009,Bloemfontein,OUTsurance Oval,Delhi Daredevils,Rajasthan Royals,Delhi Daredevils,bat,0.490566037735849,0.5095541401273885,0.8,0.6,154.8679245283019,168.12738853503186,159.11320754716982,169.97452229299364,5.660377358490566,6.140127388535032,6.358490566037736,5.808917197452229,0.0,0.5,0.5,53,157,18.41967195547758,13.306271428571426,124.06281356859512,100.5645589698704,0.4886142531303821,0.4541904761904762,8.142063237920201,8.03082117783987,1,1,Delhi Daredevils,1,150,136,3,9,runs,14,0
392231,2009-05-18,2009,Centurion,SuperSport Park,Chennai Super Kings,Kolkata Knight Riders,Chennai Super Kings,bat,0.5279503105590062,0.4817073170731707,0.8,0.0,167.71428571428572,163.8658536585366,164.01863354037266,163.23170731707316,5.459627329192546,6.2682926829268295,6.136645962732919,5.804878048780488,1.0,0.0,0.5555555555555556,161,164,14.162869004012457,15.144304306804305,111.3397104642996,106.55916999601828,0.6672993474023223,0.4896622984858279,7.921221969513745,8.495915227435155,1,1,Kolkata Knight Riders,0,188,189,3,3,wickets,0,7
392232,2009-05-19,2009,Johannesburg,New Wanderers Stadium,Royal Challengers Bangalore,Delhi Daredevils,Delhi Daredevils,bat,0.44,0.5,0.6,0.8,155.992,154.77777777777777,160.664,158.6851851851852,6.368,5.611111111111111,5.8,6.407407407407407,1.0,0.5,0.3333333333333333,125,54,19.41619993245792,18.58435475123153,123.85200209663094,125.51142637200336,0.3693690148235603,0.541306643625192,8.786892369474943,8.685221772233508,0,1,Royal Challengers Bangalore,1,135,134,3,7,wickets,0,7
392233,2009-05-20,2009,Durban,Kingsmead,Kolkata Knight Riders,Rajasthan Royals,Kolkata Knight Riders,field,0.4848484848484848,0.5063291139240507,0.2,0.4,164.01818181818183,167.9240506329114,163.38181818181818,169.84810126582278,6.248484848484848,6.158227848101266,5.787878787878788,5.791139240506329,0.3333333333333333,1.0,0.5,165,158,17.64028455303657,15.105988236909289,113.43213196598371,105.69144298477885,0.4733755827505827,0.6454786592717627,8.567120875683312,7.312372883699925,1,0,Kolkata Knight Riders,1,102,101,6,9,wickets,0,4
392234,2009-05-20,2009,Durban,Kingsmead,Chennai Super Kings,Kings XI Punjab,Chennai Super Kings,bat,0.5246913580246914,0.5,0.6,0.6,167.8395061728395,160.34146341463415,164.17283950617283,161.64634146341464,5.444444444444445,5.682926829268292,6.117283950617284,5.621951219512195,0.0,0.4,0.8,162,82,13.63336817143816,14.580916305916304,107.9153683375116,110.71845338266104,0.5484174385512532,0.5429316662869295,7.998568856028384,7.982253848802661,1,1,Chennai Super Kings,1,116,92,9,8,runs,24,0
392235,2009-05-21,2009,Centurion,SuperSport Park,Delhi Daredevils,Mumbai Indians,Delhi Daredevils,field,0.4909090909090909,0.5028901734104047,0.6,0.4,154.4,167.61271676300578,158.25454545454545,164.46820809248555,5.636363636363637,6.034682080924855,6.345454545454546,6.236994219653179,0.5,0.5,0.75,55,173,20.076794504663912,17.130394718991212,120.07036482606944,128.91924712302165,0.3968988830099941,0.6237247482972517,9.077636220465234,7.627284126077743,1,0,Delhi Daredevils,1,166,165,6,8,wickets,0,4
392236,2009-05-21,2009,Centurion,SuperSport Park,Royal Challengers Bangalore,Deccan Chargers,Royal Challengers Bangalore,bat,0.4444444444444444,0.3333333333333333,0.6,0.4,155.82539682539684,154.88888888888889,160.45238095238096,156.8148148148148,6.341269841269841,6.592592592592593,5.809523809523809,5.777777777777778,0.5,0.5,0.5,126,27,19.477419042212254,17.858690476190475,123.95607071928644,107.75042339401892,0.372631452868607,0.5668874643874644,8.696413347532717,7.9182786134432,1,1,Royal Challengers Bangalore,1,170,158,4,6,runs,12,0
392237,2009-05-22,2009,Centurion,SuperSport Park,Delhi Daredevils,Deccan Chargers,Deccan Chargers,field,0.5,0.3214285714285714,0.6,0.4,154.60714285714286,155.0,158.375,157.28571428571428,5.642857142857143,6.571428571428571,6.375,5.714285714285714,0.6666666666666666,0.3333333333333333,1.0,56,28,18.20718510827053,17.704186507936505,111.21331157770116,110.32367338823944,0.478218984962406,0.5452393162393163,8.88878556640809,7.874648017419688,0,0,Deccan Chargers,0,153,154,8,4,wickets,0,6
392238,2009-05-23,2009,Johannesburg,New Wanderers Stadium,Royal Challengers Bangalore,Chennai Super Kings,Royal Challengers Bangalore,field,0.4488188976377952,0.5276073619631901,0.8,0.6,155.93700787401573,167.52147239263803,160.43307086614172,163.73006134969324,6.322834645669292,5.466257668711656,5.811023622047244,6.128834355828221,1.0,1.0,0.3636363636363636,127,163,19.365286001796655,16.752793197385486,121.91145869892816,119.63582516736088,0.3948804818370036,0.6196243583072227,8.855983458569888,7.995220828028246,1,0,Royal Challengers Bangalore,1,149,146,4,5,wickets,0,6
392239,2009-05-24,2009,Johannesburg,New Wanderers Stadium,Royal Challengers Bangalore,Deccan Chargers,Royal Challengers Bangalore,field,0.453125,0.3448275862068966,1.0,0.4,155.8828125,154.9655172413793,160.3203125,157.13793103448276,6.3046875,6.482758620689655,5.8046875,5.793103448275862,1.0,0.5,0.6666666666666666,128,29,19.158488835481556,17.601549420095147,121.42552049674882,109.12488435002712,0.3992752408881441,0.5808829101932551,8.801351650400282,7.858006264529901,1,0,Deccan Chargers,0,137,143,9,6,runs,6,0
419106,2010-03-12,2009/10,Mumbai,Dr DY Patil Sports Academy,Deccan Chargers,Kolkata Knight Riders,Deccan Chargers,field,0.3666666666666666,0.4879518072289157,0.6,0.4,154.56666666666666,163.64457831325302,156.46666666666667,163.00602409638554,6.466666666666667,6.246987951807229,5.9,5.807228915662651,1.0,0.5,0.6666666666666666,30,166,18.27396923765684,16.283041194738765,113.6766929226247,115.29262460133236,0.6736465180909625,0.4156746031746031,7.837202794346865,8.915163001214307,1,0,Kolkata Knight Riders,0,150,161,7,4,runs,11,0
419107,2010-03-13,2009/10,Mumbai,Brabourne Stadium,Mumbai Indians,Rajasthan Royals,Mumbai Indians,bat,0.5,0.5031446540880503,0.4,0.2,167.5977011494253,167.50314465408806,164.47701149425288,169.4213836477987,6.045977011494253,6.176100628930818,6.235632183908046,5.79245283018868,0.5,0.5,0.2727272727272727,174,159,14.983461538461537,15.518079645651364,128.26428384810828,110.38231677434725,0.4768988364576599,0.5549078635285533,8.338185404022799,7.648301304556837,1,1,Mumbai Indians,1,212,208,7,7,runs,4,0
419108,2010-03-13,2009/10,Chandigarh,"Punjab Cricket Association Stadium, Mohali",Kings XI Punjab,Delhi Daredevils,Delhi Daredevils,field,0.4939759036144578,0.4912280701754385,0.6,0.4,159.51807228915663,154.57894736842104,161.09638554216866,158.2982456140351,5.710843373493976,5.684210526315789,5.662650602409639,6.333333333333333,0.8571428571428571,0.0,1.0,83,57,16.04262809500905,16.833013986013988,108.94604181389046,117.13291949946108,0.4946498910145139,0.5452910403772473,7.25675450118425,8.594045015556292,0,0,Delhi Daredevils,0,142,146,9,5,wickets,0,5
419109,2010-03-14,2009/10,Kolkata,Eden Gardens,Kolkata Knight Riders,Royal Challengers Bangalore,Kolkata Knight Riders,field,0.4910179640718562,0.4496124031007752,0.6,0.8,163.62874251497007,155.7364341085271,162.92814371257484,160.1860465116279,6.233532934131737,6.325581395348837,5.81437125748503,5.8062015503875966,0.5333333333333333,0.25,0.6666666666666666,167,129,21.585307285307284,17.56730699666873,111.5062245766623,108.77740148435676,0.3323682837767345,0.4131438006438007,8.590476119873529,7.903046934106617,1,0,Kolkata Knight Riders,1,136,135,3,7,wickets,0,7
419110,2010-03-14,2009/10,Chennai,"MA Chidambaram Stadium, Chepauk",Chennai Super Kings,Deccan Chargers,Deccan Chargers,bat,0.524390243902439,0.3548387096774194,0.4,0.4,167.390243902439,154.4193548387097,163.640243902439,156.61290322580646,5.463414634146342,6.483870967741935,6.115853658536586,5.838709677419355,0.4285714285714285,1.0,0.3333333333333333,164,31,17.696840902761956,16.234178324149628,112.34785881177284,110.72669386576894,0.4988135321468655,0.5804950425918167,7.661706051736306,8.149511498560962,0,1,Deccan Chargers,0,159,190,9,4,runs,31,0
419111,2010-03-15,2009/10,Ahmedabad,"Sardar Patel Stadium, Motera",Rajasthan Royals,Delhi Daredevils,Delhi Daredevils,field,0.5,0.5,0.2,0.6,167.75625,154.43103448275863,169.6875,158.01724137931035,6.18125,5.672413793103448,5.8,6.379310344827586,0.5,0.5,1.0,160,58,16.63708233477621,18.381097401747024,110.92186798162476,123.93134090744353,0.6284920634920634,0.4625420875420876,8.987046008263532,8.516461999947213,0,0,Delhi Daredevils,0,141,142,6,4,wickets,0,6
419112,2010-03-16,2009/10,Bangalore,M Chinnaswamy Stadium,Royal Challengers Bangalore,Kings XI Punjab,Kings XI Punjab,bat,0.4461538461538462,0.4880952380952381,0.6,0.4,155.57692307692307,159.3095238095238,160.0,160.91666666666666,6.330769230769231,5.75,5.7846153846153845,5.654761904761905,0.0833333333333333,1.0,0.3333333333333333,130,84,16.907933461167737,13.596620019228716,110.32914213993335,96.14373114827607,0.3930877292121311,0.5237112427088868,8.068177908474304,7.52222370302168,0,1,Royal Challengers Bangalore,1,204,203,2,3,wickets,0,8
419113,2010-03-16,2009/10,Kolkata,Eden Gardens,Kolkata Knight Riders,Chennai Super Kings,Chennai Super Kings,bat,0.494047619047619,0.5212121212121212,0.8,0.4,163.46428571428572,167.33939393939394,162.76190476190476,163.8,6.214285714285714,5.484848484848484,5.821428571428571,6.103030303030304,0.5483870967741935,0.6666666666666666,0.1111111111111111,168,165,19.19520826849258,17.107036571377748,117.25005757056437,123.48436157298028,0.4846053547033939,0.480309045130992,8.45813961266179,7.6760373885542545,0,1,Chennai Super Kings,0,109,164,10,3,runs,55,0
419114,2010-03-17,2009/10,Delhi,Feroz Shah Kotla,Delhi Daredevils,Mumbai Indians,Delhi Daredevils,field,0.5084745762711864,0.5028571428571429,0.6,0.4,154.22033898305085,167.85142857142858,157.72881355932202,164.72571428571428,5.6440677966101696,6.051428571428572,6.372881355932203,6.24,0.6153846153846154,0.5,0.8,59,175,18.34793231459898,15.14365986215894,123.98294247864196,132.84533134339074,0.4587568430250182,0.5810567210567211,8.505260194767107,9.514883981621225,1,0,Mumbai Indians,0,120,218,9,7,runs,98,0
419115,2010-03-18,2009/10,Bangalore,M Chinnaswamy Stadium,Royal Challengers Bangalore,Rajasthan Royals,Royal Challengers Bangalore,field,0.4503816793893129,0.4968944099378882,0.6,0.2,155.94656488549617,167.59006211180125,160.32824427480915,169.51552795031057,6.297709923664122,6.180124223602484,5.763358778625954,5.788819875776397,0.1538461538461538,1.0,0.4285714285714285,131,161,17.15187789810024,16.419922969187677,110.91946667885831,110.12669855263822,0.3866740723518216,0.4551117704134946,8.213850578608982,8.38481442196459,1,0,Royal Challengers Bangalore,1,93,92,0,10,wickets,0,10
419116,2010-03-19,2009/10,Delhi,Feroz Shah Kotla,Delhi Daredevils,Chennai Super Kings,Delhi Daredevils,bat,0.5,0.5240963855421686,0.6,0.4,153.65,167.31927710843374,158.73333333333332,163.46987951807228,5.7,5.469879518072289,6.383333333333334,6.126506024096385,0.5714285714285714,1.0,0.5,60,166,15.637637271687856,17.4832403540503,109.0299885914305,118.95860937199004,0.5253219635708315,0.6172740160778439,8.946832359843619,7.612023977559628,1,1,Chennai Super Kings,0,185,190,6,5,wickets,0,5
419117,2010-03-19,2009/10,Cuttack,Barabati Stadium,Deccan Chargers,Kings XI Punjab,Kings XI Punjab,field,0.375,0.4823529411764706,0.6,0.4,155.53125,159.8235294117647,156.6875,161.42352941176472,6.40625,5.7176470588235295,5.9375,5.6117647058823525,0.5,0.5,0.0,32,85,16.34796024097853,19.992099104950768,110.81761909116211,118.95354734362527,0.5842679829748795,0.4690436107102774,8.213934486522314,7.987555801511519,0,0,Deccan Chargers,1,170,164,8,8,runs,6,0
419119,2010-03-20,2009/10,Mumbai,Brabourne Stadium,Mumbai Indians,Royal Challengers Bangalore,Mumbai Indians,bat,0.5056818181818182,0.4545454545454545,0.4,0.6,168.13636363636363,155.46969696969697,164.4715909090909,159.81060606060606,6.056818181818182,6.25,6.255681818181818,5.795454545454546,1.0,0.5,0.4285714285714285,176,132,15.53736026312623,17.225509158579936,134.80082536151951,111.0074268017976,0.588684666291419,0.3966014828083794,9.456087929467458,8.086273346554835,1,1,Royal Challengers Bangalore,0,151,155,9,3,wickets,0,7
419118,2010-03-20,2009/10,Ahmedabad,"Sardar Patel Stadium, Motera",Rajasthan Royals,Kolkata Knight Riders,Rajasthan Royals,bat,0.4938271604938271,0.4911242603550296,0.0,0.8,167.12345679012347,163.14201183431953,169.04320987654322,162.76923076923077,6.203703703703703,6.236686390532545,5.753086419753086,5.804733727810651,0.0,0.5,0.25,162,169,13.989380759134256,14.234879478522744,100.85410743593374,98.5727464836942,0.4457419017763845,0.3754629494653319,8.914043610183672,8.301666345983925,1,1,Rajasthan Royals,1,168,134,7,5,runs,34,0
419120,2010-03-21,2009/10,Cuttack,Barabati Stadium,Deccan Chargers,Delhi Daredevils,Deccan Chargers,bat,0.3939393939393939,0.4918032786885246,0.8,0.4,155.96969696969697,154.1639344262295,156.9090909090909,159.24590163934425,6.454545454545454,5.704918032786885,6.0,6.360655737704918,1.0,0.5,0.0,33,61,18.59322251822252,16.620314865858195,116.60156114486674,106.69191958244242,0.7358589123295006,0.6350945516546539,7.963622461733836,9.60867159326087,1,1,Deccan Chargers,1,171,161,6,9,runs,10,0
419122,2010-03-22,2009/10,Mumbai,Brabourne Stadium,Mumbai Indians,Kolkata Knight Riders,Kolkata Knight Riders,bat,0.5028248587570622,0.488235294117647,0.4,0.6,168.03954802259886,162.97058823529412,164.4180790960452,162.8,6.073446327683616,6.229411764705882,6.237288135593221,5.811764705882353,0.5,0.5,0.7,177,170,15.653851241999906,16.607252700427612,141.7178840579404,105.35494086850672,0.5206007999648994,0.3438751859804491,9.7925113317684,8.755468540266854,0,1,Mumbai Indians,1,156,155,3,3,wickets,0,7
419123,2010-03-23,2009/10,Bangalore,M Chinnaswamy Stadium,Royal Challengers Bangalore,Chennai Super Kings,Chennai Super Kings,field,0.4586466165413533,0.5269461077844312,0.6,0.6,155.46616541353384,167.4550898203593,159.74436090225564,163.5988023952096,6.225563909774436,5.467065868263473,5.819548872180451,6.125748502994012,0.2142857142857142,1.0,0.4166666666666667,133,167,17.322233074884235,17.10919411776696,111.07993520321617,113.0395265572894,0.4151084512839999,0.4497031845418942,8.05997188644242,7.827006072620905,0,0,Royal Challengers Bangalore,1,171,135,5,7,runs,36,0
419124,2010-03-24,2009/10,Chandigarh,"Punjab Cricket Association Stadium, Mohali",Kings XI Punjab,Rajasthan Royals,Kings XI Punjab,field,0.4767441860465116,0.4969325153374233,0.2,0.2,159.8720930232558,167.12883435582822,161.52325581395348,168.82822085889572,5.744186046511628,6.208588957055214,5.6395348837209305,5.748466257668712,0.75,0.0,0.5714285714285714,86,163,18.92748687959214,17.403414450103757,117.4033145149604,111.17718609548211,0.4146920821114369,0.3581393174380551,7.820893826505087,8.223095174362856,1,0,Rajasthan Royals,0,152,183,10,5,runs,31,0
419125,2010-03-25,2009/10,Mumbai,"Brabourne Stadium, Mumbai",Chennai Super Kings,Mumbai Indians,Mumbai Indians,field,0.5238095238095238,0.5056179775280899,0.4,0.6,167.26190476190476,167.97191011235955,163.64285714285714,164.36516853932585,5.476190476190476,6.056179775280899,6.119047619047619,6.219101123595506,0.0,0.3333333333333333,0.4166666666666667,168,178,17.446212212764884,15.997970865419346,121.0352691175936,143.93667457815548,0.5854249557913351,0.5195474559110923,8.043477114010987,9.719430744946676,0,0,Mumbai Indians,0,180,181,2,5,wickets,0,5
419128,2010-03-25,2009/10,Bangalore,M Chinnaswamy Stadium,Royal Challengers Bangalore,Delhi Daredevils,Royal Challengers Bangalore,field,0.4626865671641791,0.4838709677419355,0.8,0.4,155.5820895522388,154.2741935483871,159.5597014925373,159.43548387096774,6.2164179104477615,5.758064516129032,5.828358208955224,6.354838709677419,0.2666666666666666,1.0,0.5,134,62,17.210694395609035,14.675219712233378,111.11982614919688,107.48086979679104,0.420726087065498,0.415343297457922,8.025366548628876,9.306644226996466,1,0,Delhi Daredevils,0,166,183,9,4,runs,17,0
419126,2010-03-26,2009/10,Ahmedabad,"Sardar Patel Stadium, Motera",Rajasthan Royals,Deccan Chargers,Deccan Chargers,bat,0.5,0.4117647058823529,0.4,0.8,167.22560975609755,156.41176470588235,168.72560975609755,157.02941176470588,6.201219512195122,6.441176470588236,5.774390243902439,6.088235294117647,0.5,0.5,1.0,164,34,18.93332080200501,18.21949502899349,105.29818221305035,116.32428452015866,0.2604166666666666,0.66361216476966,8.582275785790559,7.904859338132501,0,1,Rajasthan Royals,1,151,148,2,9,wickets,0,8
419127,2010-03-27,2009/10,Chandigarh,"Punjab Cricket Association Stadium, Mohali",Kings XI Punjab,Kolkata Knight Riders,Kolkata Knight Riders,bat,0.4712643678160919,0.4853801169590643,0.0,0.4,159.7816091954023,162.92397660818713,161.77011494252875,162.76023391812865,5.793103448275862,6.2105263157894735,5.632183908045977,5.795321637426901,0.6666666666666666,0.0,0.6,87,171,17.401801414518395,15.395552423597332,107.93775331287402,107.57523789759368,0.4594140120533792,0.395656974604343,8.084662974935181,9.301073777504866,0,1,Kolkata Knight Riders,0,144,183,6,5,runs,39,0
419129,2010-03-28,2009/10,Ahmedabad,"Sardar Patel Stadium, Motera",Rajasthan Royals,Chennai Super Kings,Rajasthan Royals,bat,0.503030303030303,0.5207100591715976,0.6,0.4,167.12727272727273,167.33727810650888,168.6,163.74556213017752,6.175757575757576,5.455621301775148,5.793939393939394,6.112426035502959,0.6666666666666666,0.5,0.7142857142857143,165,169,18.696957236842103,16.65802325942483,105.89112626464468,114.102884078291,0.3546666666666666,0.6212470862470862,8.635494360086573,7.869474941039915,1,1,Rajasthan Royals,1,177,160,8,6,runs,17,0
419130,2010-03-28,2009/10,Mumbai,Dr DY Patil Sports Academy,Deccan Chargers,Mumbai Indians,Deccan Chargers,field,0.4,0.5083798882681564,0.6,0.8,156.17142857142858,168.04469273743015,156.85714285714286,164.45251396648044,6.514285714285714,6.050279329608938,5.971428571428572,6.195530726256983,0.5,0.6666666666666666,0.6666666666666666,35,179,16.03312423472383,16.497799578968408,103.93772167211831,141.93956540309424,0.5459094852515906,0.5432790561098961,8.330296514172302,9.565794150603018,1,0,Mumbai Indians,0,131,172,10,7,runs,41,0
419131,2010-03-29,2009/10,Delhi,Feroz Shah Kotla,Delhi Daredevils,Kolkata Knight Riders,Delhi Daredevils,bat,0.492063492063492,0.4883720930232558,0.4,0.4,154.7301587301587,163.0406976744186,159.53968253968253,162.65116279069767,5.73015873015873,6.203488372093023,6.396825396825397,5.796511627906977,0.5333333333333333,1.0,0.75,63,172,16.039562602701572,17.956067671011716,116.52683611534653,118.87305384430422,0.5482963570899079,0.3876495726495726,9.476390495404427,9.038585882642437,1,1,Delhi Daredevils,1,177,137,4,9,runs,40,0
419132,2010-03-30,2009/10,Mumbai,Brabourne Stadium,Mumbai Indians,Kings XI Punjab,Mumbai Indians,field,0.5111111111111111,0.4659090909090909,0.8,0.0,168.06666666666666,159.60227272727272,164.26666666666668,162.01136363636363,6.055555555555555,5.795454545454546,6.216666666666667,5.625,0.6666666666666666,0.5,0.4,180,88,16.598128117216287,18.798388064177537,135.73982491496537,108.36385984897758,0.5488782074855849,0.4855785476245834,9.56929351953782,8.262040571034522,1,0,Mumbai Indians,1,164,163,6,10,wickets,0,4
419133,2010-03-31,2009/10,Chennai,"MA Chidambaram Stadium, Chepauk",Chennai Super Kings,Royal Challengers Bangalore,Royal Challengers Bangalore,bat,0.5176470588235295,0.4592592592592592,0.4,0.8,167.2941176470588,155.65925925925927,163.8235294117647,159.73333333333332,5.458823529411765,6.237037037037037,6.123529411764705,5.814814814814815,0.375,1.0,0.75,170,135,16.588264235764235,16.589941330301702,120.0763123435674,111.22459933978898,0.6415933857413932,0.5053089968730885,7.671553788694088,9.889184871339769,0,1,Chennai Super Kings,1,162,161,5,4,wickets,0,5
419134,2010-03-31,2009/10,Delhi,Feroz Shah Kotla,Delhi Daredevils,Rajasthan Royals,Delhi Daredevils,bat,0.5,0.5060240963855421,0.4,0.8,155.078125,167.1867469879518,159.1875,168.54819277108433,5.703125,6.186746987951807,6.4375,5.795180722891566,0.5625,0.0,0.6,64,166,19.751504200813084,16.17349404980984,117.37003080585382,111.18670350167666,0.6705078958600086,0.4262991910050733,9.501504829929734,8.842673775611152,1,1,Delhi Daredevils,1,188,121,6,10,runs,67,0
419135,2010-04-01,2009/10,Kolkata,Eden Gardens,Kolkata Knight Riders,Deccan Chargers,Kolkata Knight Riders,bat,0.4855491329479768,0.3888888888888889,0.2,0.6,162.89017341040463,155.47222222222223,162.73410404624278,157.27777777777777,6.219653179190751,6.611111111111111,5.786127167630058,6.0,0.53125,0.0,1.0,173,36,17.446625839424122,16.96741619176406,110.78371371201185,111.01277397068505,0.4001098901098901,0.4531439149086207,8.397333605706404,8.306723423358912,1,1,Kolkata Knight Riders,1,181,157,6,5,runs,24,0
419136,2010-04-02,2009/10,Chandigarh,"Punjab Cricket Association Stadium, Mohali",Kings XI Punjab,Royal Challengers Bangalore,Kings XI Punjab,bat,0.4606741573033708,0.4558823529411764,0.0,0.6,159.64044943820224,155.6985294117647,162.03370786516854,159.75,5.842696629213483,6.220588235294118,5.629213483146067,5.8088235294117645,0.6,0.0,0.5,89,136,17.578617342253708,16.800389876550927,112.4680911245351,112.37118921169888,0.6291221466433597,0.5049344468662651,8.23690978074196,9.993916083537222,1,1,Royal Challengers Bangalore,0,181,184,5,4,wickets,0,6
419138,2010-04-03,2009/10,Mumbai,Brabourne Stadium,Mumbai Indians,Deccan Chargers,Mumbai Indians,bat,0.5138121546961326,0.3783783783783784,0.8,0.4,168.04419889502762,155.51351351351352,164.2596685082873,157.9189189189189,6.05524861878453,6.567567567567568,6.237569060773481,6.0,0.75,0.5,0.0,181,37,16.600642328652654,16.373110439912058,136.66208966411926,122.13404481860344,0.5522604258236442,0.5529029793735677,9.588668647566514,8.218421962765653,1,1,Mumbai Indians,1,178,115,5,10,runs,63,0
419137,2010-04-03,2009/10,Chennai,"MA Chidambaram Stadium, Chepauk",Chennai Super Kings,Rajasthan Royals,Chennai Super Kings,bat,0.52046783625731,0.5029940119760479,0.4,0.8,167.26315789473685,166.91017964071855,163.80701754385964,168.66467065868264,5.456140350877193,6.209580838323354,6.111111111111111,5.796407185628743,0.4444444444444444,1.0,0.3846153846153846,171,167,16.31199347853546,16.120326340326336,109.4075420312768,119.75699465495344,0.4318543956043956,0.5159243697478992,7.577198765998153,9.41351292735862,1,1,Chennai Super Kings,1,246,223,5,5,runs,23,0
419140,2010-04-04,2009/10,Delhi,Feroz Shah Kotla,Delhi Daredevils,Royal Challengers Bangalore,Delhi Daredevils,bat,0.5076923076923077,0.4598540145985401,0.6,0.6,155.58461538461538,155.90510948905109,158.6,159.90510948905109,5.707692307692308,6.204379562043796,6.492307692307692,5.802919708029197,0.5882352941176471,0.5,0.25,65,137,18.59211251641241,18.09826672245942,121.39200108382482,109.69024684059366,0.6336799560006651,0.3935333046489233,8.884021692936564,10.548478345737957,1,1,Delhi Daredevils,1,184,147,5,9,runs,37,0
419139,2010-04-04,2009/10,Kolkata,Eden Gardens,Kolkata Knight Riders,Kings XI Punjab,Kolkata Knight Riders,bat,0.4885057471264368,0.4555555555555555,0.4,0.0,162.99425287356323,159.87777777777777,162.70114942528735,162.27777777777777,6.218390804597701,5.833333333333333,5.781609195402299,5.611111111111111,0.5454545454545454,0.25,0.7142857142857143,174,90,16.59800262347761,15.345319367733165,113.16212362697598,110.50490366507194,0.4678386055831395,0.5051948051948051,8.45313105999887,7.990613457686192,1,1,Kings XI Punjab,0,200,204,3,2,wickets,0,8
419141,2010-04-05,2009/10,Nagpur,"Vidarbha Cricket Association Stadium, Jamtha",Deccan Chargers,Rajasthan Royals,Rajasthan Royals,bat,0.3684210526315789,0.5,0.2,0.6,154.44736842105263,167.24404761904762,158.44736842105263,169.125,6.657894736842105,6.2023809523809526,5.973684210526316,5.791666666666667,0.5,0.5,0.3333333333333333,38,168,15.26726592550896,15.800094101766716,110.17044326394392,111.35543150124909,0.4978218272955115,0.3310846560846561,8.112685940498322,8.670543663106498,0,1,Rajasthan Royals,0,157,159,10,10,runs,2,0
419142,2010-04-06,2009/10,Chennai,"MA Chidambaram Stadium, Chepauk",Chennai Super Kings,Mumbai Indians,Chennai Super Kings,bat,0.5232558139534884,0.5164835164835165,0.4,1.0,167.72093023255815,168.0989010989011,164.15116279069767,163.98901098901098,5.453488372093023,6.049450549450549,6.104651162790698,6.258241758241758,0.5,0.0,0.3846153846153846,172,182,21.63926235909961,17.866154957915878,122.01462247804534,141.15926145280767,0.4452922077922078,0.5337362802875172,7.842638794434938,9.726079269353209,1,1,Chennai Super Kings,1,165,141,4,9,runs,24,0
419144,2010-04-07,2009/10,Kolkata,Eden Gardens,Kolkata Knight Riders,Delhi Daredevils,Kolkata Knight Riders,bat,0.4857142857142857,0.5151515151515151,0.4,0.8,163.2057142857143,156.0151515151515,162.93714285714285,158.42424242424244,6.2,5.696969696969697,5.76,6.53030303030303,0.5294117647058824,0.0,1.0,175,66,15.83397038567493,19.939928516810383,103.21310011706288,122.73347715058117,0.3555619742576264,0.63901918447373,8.538874501172241,8.886772513696986,1,1,Kolkata Knight Riders,1,181,167,3,8,runs,14,0
419143,2010-04-07,2009/10,Jaipur,Sawai Mansingh Stadium,Rajasthan Royals,Kings XI Punjab,Kings XI Punjab,bat,0.5029585798816568,0.4615384615384615,0.6,0.2,167.19526627218934,160.36263736263737,169.0532544378698,162.69230769230768,6.224852071005917,5.791208791208791,5.816568047337278,5.582417582417582,0.7142857142857143,0.3333333333333333,0.6666666666666666,169,91,16.846708493438083,15.9786949741124,118.85402134909192,113.9295065582375,0.4935357435357435,0.5373496873496874,8.785500627922037,8.233758183843328,0,1,Rajasthan Royals,1,157,153,1,6,wickets,0,9
419145,2010-04-08,2009/10,Bangalore,M Chinnaswamy Stadium,Royal Challengers Bangalore,Deccan Chargers,Deccan Chargers,field,0.4565217391304347,0.358974358974359,0.4,0.0,155.84057971014494,154.51282051282053,160.07971014492753,158.46153846153845,6.22463768115942,6.743589743589744,5.797101449275362,6.076923076923077,0.25,0.0,0.5,138,39,17.633339480898965,17.761941123266432,115.0946654961183,118.67295940805027,0.4093447402270932,0.6928657716157717,10.391660752824436,8.179464912452547,0,0,Deccan Chargers,0,184,186,6,3,wickets,0,7
419146,2010-04-09,2009/10,Chandigarh,"Punjab Cricket Association Stadium, Mohali",Kings XI Punjab,Mumbai Indians,Mumbai Indians,bat,0.4565217391304347,0.5136612021857924,0.2,0.8,160.2826086956522,167.95081967213116,162.6304347826087,163.9945355191257,5.793478260869565,6.065573770491803,5.532608695652174,6.245901639344262,0.5454545454545454,0.0,0.3333333333333333,92,183,14.547624053826745,17.780888121452705,112.80479236953713,133.62850931252623,0.4205762366139725,0.4860477417662169,7.887578365541245,8.845993391426155,0,1,Kings XI Punjab,1,158,154,4,9,wickets,0,6
419147,2010-04-10,2009/10,Nagpur,"Vidarbha Cricket Association Stadium, Jamtha",Deccan Chargers,Chennai Super Kings,Chennai Super Kings,bat,0.375,0.5260115606936416,0.2,0.6,155.3,167.70520231213874,159.1,164.01734104046244,6.65,5.445086705202312,6.075,6.121387283236994,0.0,0.5,0.0,40,173,16.79346631286301,20.52869500429825,116.96689564056676,120.7578302904684,0.6608529240108187,0.4615608567397717,8.103429586646303,7.741948770894088,0,1,Deccan Chargers,1,139,138,4,8,wickets,0,6
419148,2010-04-10,2009/10,Bangalore,M Chinnaswamy Stadium,Royal Challengers Bangalore,Kolkata Knight Riders,Royal Challengers Bangalore,field,0.4532374100719424,0.4886363636363636,0.2,0.6,156.0431654676259,163.3068181818182,160.26618705035972,162.96022727272728,6.223021582733813,6.181818181818182,5.776978417266187,5.7727272727272725,0.2352941176470588,0.75,0.4166666666666667,139,176,16.632005337325545,16.15800455461957,114.89872316970072,105.56669751154536,0.445834488529217,0.4080147922253185,10.425540178571428,8.522817023015843,1,0,Royal Challengers Bangalore,1,162,160,3,9,wickets,0,7
419149,2010-04-11,2009/10,Delhi,Feroz Shah Kotla,Delhi Daredevils,Kings XI Punjab,Delhi Daredevils,bat,0.5074626865671642,0.4623655913978494,0.8,0.4,156.17910447761193,160.25806451612902,158.76119402985074,162.53763440860214,5.731343283582089,5.774193548387097,6.477611940298507,5.56989247311828,0.6111111111111112,0.5,0.4,67,93,18.630988329851963,14.540852825081013,122.03922591105878,120.33411140681577,0.6170023093426464,0.3389184726522188,8.958566650283657,8.071408359091828,1,1,Kings XI Punjab,0,111,112,10,3,wickets,0,7
419150,2010-04-11,2009/10,Jaipur,Sawai Mansingh Stadium,Rajasthan Royals,Mumbai Indians,Rajasthan Royals,field,0.5058823529411764,0.5108695652173914,0.6,0.6,167.13529411764705,167.875,168.95882352941177,163.96195652173913,6.194117647058824,6.081521739130435,5.817647058823529,6.233695652173913,0.7272727272727273,0.0,0.5,170,184,17.537381205210536,16.955676794526024,120.27691954203576,129.96442360248366,0.4933424597671422,0.5544840905124064,8.351551499062099,8.522167773340446,1,0,Mumbai Indians,0,137,174,8,5,runs,37,0
419151,2010-04-12,2009/10,Nagpur,"Vidarbha Cricket Association Stadium, Jamtha",Deccan Chargers,Royal Challengers Bangalore,Royal Challengers Bangalore,field,0.3902439024390244,0.4571428571428571,0.4,0.4,154.90243902439025,156.0857142857143,158.58536585365854,160.2642857142857,6.585365853658536,6.2,6.121951219512195,5.8,0.5,0.5,0.0,41,140,17.385283490322497,16.888650013899852,112.64883649383763,108.40356240772348,0.6308172292153986,0.3765551265551265,7.838459194730718,10.24133443240856,0,0,Deccan Chargers,1,151,138,6,10,runs,13,0
419152,2010-04-13,2009/10,Mumbai,Brabourne Stadium,Mumbai Indians,Delhi Daredevils,Mumbai Indians,bat,0.5135135135135135,0.5,0.6,0.6,167.9081081081081,155.51470588235293,163.81621621621622,158.0735294117647,6.075675675675676,5.794117647058823,6.243243243243243,6.426470588235294,0.8,0.5,0.6666666666666666,185,68,17.63926624313663,17.449857772542916,134.00416362468425,105.88108292302472,0.6996653360137858,0.6070159802357945,8.083826082974706,9.075273914292817,1,1,Mumbai Indians,1,183,144,4,7,runs,39,0
419153,2010-04-13,2009/10,Chennai,"MA Chidambaram Stadium, Chepauk",Chennai Super Kings,Kolkata Knight Riders,Kolkata Knight Riders,bat,0.5229885057471264,0.4858757062146893,0.6,0.4,167.5344827586207,163.28813559322035,163.8735632183908,162.954802259887,5.459770114942529,6.19774011299435,6.109195402298851,5.757062146892656,0.5454545454545454,0.0,0.5,174,177,16.130150368415244,17.912671703642772,112.03569718600544,117.6248280410226,0.5062043883814219,0.4005681271590362,7.708916921597471,8.753622704856504,0,1,Chennai Super Kings,1,143,139,1,8,wickets,0,9
419154,2010-04-14,2009/10,Jaipur,Sawai Mansingh Stadium,Rajasthan Royals,Royal Challengers Bangalore,Rajasthan Royals,bat,0.5029239766081871,0.4539007092198581,0.4,0.4,166.95906432748538,155.95744680851064,168.98830409356725,160.19858156028369,6.204678362573099,6.226950354609929,5.812865497076023,5.801418439716312,0.6956521739130435,0.0,0.4444444444444444,171,141,16.973826761473823,17.647490997997334,115.7530660645599,109.74957228380876,0.4043454790823212,0.4220550210568359,8.31734489801598,8.832617495780916,1,1,Royal Challengers Bangalore,0,130,132,6,5,wickets,0,5
419155,2010-04-15,2009/10,Chennai,"MA Chidambaram Stadium, Chepauk",Chennai Super Kings,Delhi Daredevils,Chennai Super Kings,bat,0.5257142857142857,0.4927536231884058,0.8,0.4,167.3942857142857,155.34782608695653,163.73142857142858,158.43478260869566,5.434285714285714,5.811594202898551,6.12,6.391304347826087,0.5833333333333334,1.0,0.5,175,69,19.664956856357232,17.164103338185765,124.80354245648944,109.08851949099844,0.5435188199126818,0.5305653942017577,7.888248557472084,8.614988342758183,1,1,Delhi Daredevils,0,112,113,9,4,wickets,0,6
419156,2010-04-16,2009/10,Dharamsala,Himachal Pradesh Cricket Association Stadium,Kings XI Punjab,Deccan Chargers,Deccan Chargers,field,0.4680851063829787,0.4047619047619047,0.6,0.6,159.74468085106383,154.8095238095238,161.98936170212767,158.0952380952381,5.74468085106383,6.571428571428571,5.617021276595745,6.214285714285714,0.5,0.5,1.0,94,42,15.119413017155937,16.587458521591188,116.97116611286316,121.85103371378476,0.4044381544381544,0.7136646388564547,8.332996172525116,8.189786041603513,0,0,Deccan Chargers,0,174,178,3,5,wickets,0,5
419157,2010-04-17,2009/10,Bangalore,M Chinnaswamy Stadium,Royal Challengers Bangalore,Mumbai Indians,Royal Challengers Bangalore,field,0.4577464788732394,0.5161290322580645,0.4,0.6,155.7887323943662,167.98924731182797,159.98591549295776,163.70967741935485,6.21830985915493,6.064516129032258,5.802816901408451,6.247311827956989,0.2777777777777778,1.0,0.3333333333333333,142,186,17.80614926810878,16.383969040764843,110.7637475372977,131.13933332502472,0.4386724386724387,0.5575511090216972,8.731875443393715,8.038042864754543,1,0,Mumbai Indians,0,134,191,9,4,runs,57,0
419158,2010-04-17,2009/10,Kolkata,Eden Gardens,Kolkata Knight Riders,Rajasthan Royals,Rajasthan Royals,bat,0.4831460674157303,0.5,0.4,0.4,163.15168539325842,166.74418604651163,162.8426966292135,168.77325581395348,6.207865168539326,6.203488372093023,5.730337078651686,5.808139534883721,0.5428571428571428,0.5,0.5454545454545454,178,172,15.974194226825803,16.197979524724783,111.07967658382572,112.99499028000784,0.4923581107724329,0.3745732761861794,8.537824499723712,7.8670145161899345,0,1,Kolkata Knight Riders,1,133,132,2,9,wickets,0,8
419159,2010-04-18,2009/10,Dharamsala,Himachal Pradesh Cricket Association Stadium,Kings XI Punjab,Chennai Super Kings,Chennai Super Kings,field,0.4631578947368421,0.5227272727272727,0.6,0.6,159.89473684210526,167.07954545454547,162.1578947368421,163.4431818181818,5.71578947368421,5.454545454545454,5.610526315789474,6.107954545454546,0.0,0.5,0.2,95,176,16.44114902936897,17.784740720843555,116.28902407578607,124.78770225151165,0.4025472388937041,0.5835180145524973,8.08068288834941,7.672146472489381,0,0,Chennai Super Kings,0,192,195,3,4,wickets,0,6
419160,2010-04-18,2009/10,Delhi,Feroz Shah Kotla,Delhi Daredevils,Deccan Chargers,Deccan Chargers,bat,0.5,0.4186046511627907,0.4,0.8,154.74285714285713,155.34883720930233,157.77142857142857,158.46511627906978,5.785714285714286,6.534883720930233,6.428571428571429,6.1395348837209305,0.5789473684210527,0.0,0.5,70,43,17.106163895305084,18.12766029900332,108.26503024486446,127.91275637963533,0.552325058364909,0.6639285714285714,8.348796585416952,8.105162819849793,0,1,Deccan Chargers,0,134,145,7,7,runs,11,0
419161,2010-04-19,2009/10,Kolkata,Eden Gardens,Kolkata Knight Riders,Mumbai Indians,Mumbai Indians,bat,0.4860335195530726,0.5187165775401069,0.4,0.6,162.9832402234637,168.11229946524065,162.6703910614525,163.55080213903744,6.184357541899441,6.053475935828877,5.748603351955308,6.262032085561497,0.5555555555555556,0.75,0.3076923076923077,179,187,16.189693423459655,16.98651999321741,110.8661653706694,129.84620613925142,0.4216430865856153,0.4869047619047619,8.474595028312525,8.532442539212811,0,1,Kolkata Knight Riders,1,135,133,1,8,wickets,0,9
419162,2010-04-21,2009/10,Mumbai,Dr DY Patil Sports Academy,Royal Challengers Bangalore,Mumbai Indians,Mumbai Indians,bat,0.4545454545454545,0.5159574468085106,0.4,0.6,155.63636363636363,167.9255319148936,160.2027972027972,163.39893617021278,6.2377622377622375,6.0638297872340425,5.79020979020979,6.23404255319149,0.5,0.75,0.3,143,188,18.189421274123244,18.13674037731564,114.76875302552398,144.14384313125387,0.4818305350563415,0.6138555586925153,8.62369815537948,7.999331110452535,0,1,Mumbai Indians,0,149,184,9,5,runs,35,0
419163,2010-04-22,2009/10,Mumbai,Dr DY Patil Sports Academy,Chennai Super Kings,Deccan Chargers,Chennai Super Kings,bat,0.5254237288135594,0.4318181818181818,0.6,1.0,167.23728813559322,155.11363636363637,163.6045197740113,157.9090909090909,5.446327683615819,6.545454545454546,6.090395480225989,6.159090909090909,0.0,0.3333333333333333,0.25,177,44,16.512489373101776,16.56798863636364,115.94656948989756,112.24409281971197,0.511447314078893,0.5670929152148665,7.572456562136712,7.823273965634695,1,1,Chennai Super Kings,1,142,104,7,10,runs,38,0
419164,2010-04-24,2009/10,Mumbai,Dr DY Patil Sports Academy,Royal Challengers Bangalore,Deccan Chargers,Deccan Chargers,bat,0.4513888888888889,0.4222222222222222,0.4,0.8,155.59027777777777,153.9777777777778,160.36805555555554,157.55555555555554,6.256944444444445,6.622222222222222,5.784722222222222,6.177777777777778,0.0,0.25,0.4,144,45,16.22569245770819,15.005871491973185,115.37055569695691,110.61791006762311,0.4882521435283063,0.5675911045476263,9.53494232783171,8.186148486820532,0,1,Royal Challengers Bangalore,1,86,82,1,10,wickets,0,9
419165,2010-04-25,2009/10,Mumbai,Dr DY Patil Sports Academy,Chennai Super Kings,Mumbai Indians,Chennai Super Kings,bat,0.5280898876404494,0.5185185185185185,0.6,0.8,167.09550561797752,168.010582010582,163.26966292134833,163.32275132275132,5.455056179775281,6.058201058201059,6.112359550561798,6.248677248677248,0.5,0.8,0.4285714285714285,178,189,17.402349786863706,18.0689286613389,124.61344170026648,144.28621772962595,0.5539346951478976,0.6126964225303614,7.470956345194367,7.963772124638869,1,1,Chennai Super Kings,1,168,146,5,9,runs,22,0
501198,2011-04-08,2011,Chennai,"MA Chidambaram Stadium, Chepauk",Chennai Super Kings,Kolkata Knight Riders,Chennai Super Kings,bat,0.5307262569832403,0.4888888888888889,0.8,0.6,167.10055865921788,162.82777777777778,163.1731843575419,162.50555555555556,5.452513966480447,6.155555555555556,6.128491620111732,5.761111111111111,0.5384615384615384,0.0,0.5454545454545454,179,180,16.36461991200188,14.664426217057793,125.4088192809908,100.8185921956806,0.5421988541333048,0.4870367437440608,8.064049822500957,8.817318652291512,1,1,Chennai Super Kings,1,153,151,4,7,runs,2,0
501199,2011-04-09,2011,Hyderabad,"Rajiv Gandhi International Stadium, Uppal",Deccan Chargers,Rajasthan Royals,Rajasthan Royals,field,0.4130434782608695,0.4971098265895953,0.6,0.4,152.41304347826087,166.54335260115607,156.0,168.5664739884393,6.695652173913044,6.219653179190751,6.065217391304348,5.786127167630058,0.0,1.0,0.25,46,173,13.214970081138045,10.777532077532078,92.85498065201784,94.0760908685452,0.5722459269706841,0.5943708425720621,7.88916293622279,8.453463362430753,0,0,Rajasthan Royals,0,137,141,8,2,wickets,0,8
501200,2011-04-09,2011,Kochi,Nehru Stadium,Kochi Tuskers Kerala,Royal Challengers Bangalore,Kochi Tuskers Kerala,bat,0.5,0.4551724137931034,0.5,0.4,0.0,155.1103448275862,0.0,159.82758620689654,0.0,6.220689655172414,0.0,5.813793103448276,0.5,0.5,0.5,0,145,14.736544407497528,17.526745852187027,108.52628680038212,113.3650303559716,0.553948182715306,0.3953796203796204,8.15545975568667,8.3547071712873,1,1,Royal Challengers Bangalore,0,161,162,5,4,wickets,0,6
501201,2011-04-10,2011,Delhi,Feroz Shah Kotla,Delhi Daredevils,Mumbai Indians,Delhi Daredevils,bat,0.4929577464788732,0.5157894736842106,0.2,0.6,154.45070422535213,167.89473684210526,157.59154929577466,163.34736842105264,5.802816901408451,6.073684210526316,6.436619718309859,6.242105263157895,0.55,0.6666666666666666,0.6666666666666666,71,190,16.181363147688224,16.1471721794171,118.88955567275372,139.1232592543076,0.4889670887231863,0.6353295652690814,8.353895282822318,8.364941658768286,1,1,Mumbai Indians,0,95,99,10,2,wickets,0,8
501202,2011-04-10,2011,Mumbai,Dr DY Patil Sports Academy,Pune Warriors,Kings XI Punjab,Kings XI Punjab,bat,0.5,0.4583333333333333,0.5,0.4,0.0,160.22916666666666,0.0,162.5,0.0,5.6875,0.0,5.59375,0.5,0.5,0.5,0,96,14.888194780688,16.904287523775857,108.82435248380686,113.00647208992456,0.4287830687830687,0.3592171717171717,7.839474221990741,8.289402065908385,0,1,Pune Warriors,1,113,112,3,8,wickets,0,7
501203,2011-04-11,2011,Kolkata,Eden Gardens,Kolkata Knight Riders,Deccan Chargers,Kolkata Knight Riders,bat,0.4861878453038674,0.4042553191489361,0.4,0.4,162.76243093922653,152.08510638297872,162.45303867403314,155.68085106382978,6.1602209944751385,6.723404255319149,5.751381215469613,5.97872340425532,0.5675675675675675,0.0,1.0,181,47,15.543652658755256,13.524512494833347,111.38317477974492,94.3599606576799,0.4959848612279226,0.5679198747380566,8.698519342991647,7.885342059866777,1,1,Kolkata Knight Riders,1,163,154,4,8,runs,9,0
501204,2011-04-12,2011,Jaipur,Sawai Mansingh Stadium,Rajasthan Royals,Delhi Daredevils,Delhi Daredevils,bat,0.5,0.4861111111111111,0.4,0.2,166.39655172413794,153.625,168.38505747126436,156.77777777777777,6.195402298850575,5.861111111111111,5.798850574712644,6.375,0.6666666666666666,0.0,0.6666666666666666,174,72,13.9426128562513,14.251960922061642,105.17034524859665,101.64292120816498,0.7047619047619047,0.4214726866486397,8.059160361944377,8.44405392710223,0,1,Rajasthan Royals,1,152,151,4,6,wickets,0,6
501205,2011-04-12,2011,Bangalore,M Chinnaswamy Stadium,Royal Challengers Bangalore,Mumbai Indians,Mumbai Indians,field,0.4589041095890411,0.518324607329843,0.6,0.6,155.15753424657535,167.53403141361255,159.83561643835617,162.9895287958115,6.205479452054795,6.052356020942408,5.808219178082192,6.261780104712042,0.2631578947368421,1.0,0.2727272727272727,146,191,16.990782534171203,14.492600580948393,130.17563802174865,125.25523330852512,0.3554604310418264,0.5691349279084943,8.614317836364554,8.33343846906565,0,0,Mumbai Indians,0,140,143,4,1,wickets,0,9
501206,2011-04-13,2011,Chandigarh,"Punjab Cricket Association Stadium, Mohali",Kings XI Punjab,Chennai Super Kings,Kings XI Punjab,field,0.4536082474226804,0.5333333333333333,0.4,0.8,159.7319587628866,167.0222222222222,161.98969072164948,163.10555555555555,5.711340206185567,5.444444444444445,5.56701030927835,6.133333333333334,0.5833333333333334,1.0,0.1666666666666666,97,180,15.876952105488057,17.529956989247314,126.11219775421084,125.09925896396447,0.4215656565656566,0.5402272727272728,8.194039966286393,8.035645409373226,1,0,Kings XI Punjab,1,193,188,4,4,wickets,0,6
501207,2011-04-13,2011,Mumbai,Dr DY Patil Sports Academy,Pune Warriors,Kochi Tuskers Kerala,Kochi Tuskers Kerala,bat,1.0,0.0,1.0,0.0,113.0,161.0,112.0,162.0,3.0,5.0,8.0,4.0,1.0,0.5,0.5,1,1,15.265462562129228,13.507816129841093,110.7400200230258,98.8077081465876,0.4162596662596662,0.5900724316837274,7.104982969961369,9.847578083954756,0,1,Pune Warriors,1,151,148,6,8,wickets,0,4
501208,2011-04-14,2011,Hyderabad,"Rajiv Gandhi International Stadium, Uppal",Deccan Chargers,Royal Challengers Bangalore,Royal Challengers Bangalore,field,0.3958333333333333,0.4557823129251701,0.2,0.4,152.125,155.05442176870747,155.83333333333334,159.72108843537416,6.75,6.190476190476191,5.9375,5.775510204081633,0.0,0.5,0.5,48,147,14.208141946979143,19.334202068684828,113.86471585906015,117.21465486455196,0.5015087024101217,0.3271080771080771,8.086621465135531,7.964121638285846,0,0,Deccan Chargers,1,175,142,5,9,runs,33,0
501209,2011-04-15,2011,Jaipur,Sawai Mansingh Stadium,Rajasthan Royals,Kolkata Knight Riders,Kolkata Knight Riders,field,0.5028571428571429,0.489010989010989,0.4,0.6,166.31428571428572,162.76373626373626,168.28571428571428,162.4065934065934,6.182857142857143,6.148351648351649,5.8,5.763736263736264,0.68,0.6666666666666666,0.3333333333333333,175,182,15.973093573093571,15.21251900501785,110.56768974250168,109.76461239680263,0.5376910299003322,0.5107062477752133,8.38802587404913,8.356705830428599,0,0,Kolkata Knight Riders,0,159,160,4,1,wickets,0,9
501210,2011-04-15,2011,Mumbai,Wankhede Stadium,Mumbai Indians,Kochi Tuskers Kerala,Kochi Tuskers Kerala,field,0.5208333333333334,0.0,0.6,0.0,167.40625,154.5,162.86979166666666,156.5,6.026041666666667,6.5,6.25,5.0,0.56,0.5,0.5,192,2,17.29678845593515,16.602570888559704,135.31716865283306,119.49262447125793,0.5826856041561924,0.5161732648574754,8.24763928985839,10.0386711125008,0,0,Kochi Tuskers Kerala,0,182,184,2,2,wickets,0,8
501212,2011-04-16,2011,Hyderabad,"Rajiv Gandhi International Stadium, Uppal",Deccan Chargers,Kings XI Punjab,Kings XI Punjab,field,0.4081632653061224,0.4591836734693877,0.2,0.4,152.59183673469389,160.07142857142858,155.55102040816325,162.25510204081633,6.714285714285714,5.6938775510204085,6.0,5.551020408163265,0.1111111111111111,0.5,0.25,49,98,15.082007110405046,18.682547703438114,115.77657377454308,134.17230294692763,0.5147976888954792,0.4097452671330839,8.05753911995852,8.311548740965081,0,0,Kings XI Punjab,0,165,166,8,2,wickets,0,8
501211,2011-04-16,2011,Chennai,"MA Chidambaram Stadium, Chepauk",Chennai Super Kings,Royal Challengers Bangalore,Chennai Super Kings,bat,0.5303867403314917,0.4527027027027027,0.8,0.4,167.13812154696132,154.96621621621622,163.2707182320442,159.82432432432432,5.43646408839779,6.20945945945946,6.121546961325967,5.77027027027027,0.5714285714285714,0.5,0.8,181,148,19.459690154920487,15.967636705229395,129.62060580621383,111.8691963472029,0.4524752819537978,0.4009032634032634,8.184277178779036,8.383184452681133,1,1,Chennai Super Kings,1,183,162,5,7,runs,21,0
501213,2011-04-17,2011,Mumbai,Dr DY Patil Sports Academy,Pune Warriors,Delhi Daredevils,Delhi Daredevils,field,1.0,0.4794520547945205,1.0,0.2,132.0,153.58904109589042,130.0,156.7123287671233,4.5,5.863013698630137,8.0,6.342465753424658,1.0,0.0,0.5,2,73,16.320844896905676,16.20746178600967,111.05075935676446,117.06919920722744,0.3768320866022015,0.467886018139718,7.728097378442857,8.903524859841703,0,0,Delhi Daredevils,0,187,190,5,7,wickets,0,3
501214,2011-04-17,2011,Kolkata,Eden Gardens,Kolkata Knight Riders,Rajasthan Royals,Kolkata Knight Riders,field,0.4918032786885246,0.5,0.8,0.4,162.7486338797814,166.27272727272728,162.3879781420765,168.23863636363637,6.120218579234972,6.170454545454546,5.754098360655738,5.7727272727272725,0.5789473684210527,0.4,0.5833333333333334,183,176,15.216252824147562,14.197221515343289,109.84530391643544,105.44131266210402,0.4972441883919754,0.6185895220817615,8.350597549009255,8.498688145800738,1,0,Kolkata Knight Riders,1,85,81,2,10,wickets,0,8
501215,2011-04-18,2011,Kochi,Nehru Stadium,Kochi Tuskers Kerala,Chennai Super Kings,Kochi Tuskers Kerala,field,0.3333333333333333,0.532967032967033,0.3333333333333333,0.8,164.33333333333334,167.22527472527472,165.0,163.26373626373626,5.0,5.434065934065934,4.0,6.126373626373627,0.0,0.5,0.5,3,182,16.753213867342218,19.094640025490147,119.65383358288253,128.2300423792788,0.5080379575681588,0.5479202258490544,8.81281395963534,7.988429737385599,1,0,Kochi Tuskers Kerala,1,135,131,3,4,wickets,0,7
501216,2011-04-19,2011,Delhi,Feroz Shah Kotla,Delhi Daredevils,Deccan Chargers,Deccan Chargers,bat,0.4864864864864865,0.4,0.4,0.2,154.0810810810811,152.84,157.1216216216216,155.76,5.878378378378378,6.74,6.324324324324325,5.92,0.5238095238095238,0.5,0.3333333333333333,74,50,15.8426513656924,12.944493106153187,111.98310648637522,97.67334143844433,0.5483894892985801,0.4711560410355591,8.775747263943769,9.915279642483345,0,1,Deccan Chargers,0,152,168,7,4,runs,16,0
501218,2011-04-20,2011,Mumbai,Wankhede Stadium,Mumbai Indians,Pune Warriors,Pune Warriors,bat,0.5181347150259067,0.6666666666666666,0.6,0.6666666666666666,167.4818652849741,150.33333333333334,162.97927461139898,150.0,6.005181347150259,4.666666666666667,6.227979274611399,7.666666666666667,0.5384615384615384,0.5,0.5,193,3,17.67449312321546,15.03257869581399,129.34973420755978,117.62963616909204,0.5245945291696926,0.5025462962962963,9.016977380416124,7.132935766648454,0,1,Mumbai Indians,1,124,118,3,10,wickets,0,7
501219,2011-04-20,2011,Kolkata,Eden Gardens,Kolkata Knight Riders,Kochi Tuskers Kerala,Kolkata Knight Riders,field,0.4945652173913043,0.5,0.8,0.5,162.32608695652175,157.0,161.94565217391303,156.5,6.0978260869565215,4.5,5.777173913043479,4.0,0.5897435897435898,0.5,0.5,184,4,15.102588700958265,15.373318929675804,109.11596562526952,115.1934954091154,0.5090160508692698,0.5411365587399521,8.27837158173098,8.390375236567182,1,0,Kochi Tuskers Kerala,0,126,132,9,7,runs,6,0
501220,2011-04-21,2011,Chandigarh,"Punjab Cricket Association Stadium, Mohali",Kings XI Punjab,Rajasthan Royals,Rajasthan Royals,field,0.4646464646464646,0.4971751412429379,0.4,0.4,160.13131313131314,165.7909604519774,162.2828282828283,167.7683615819209,5.656565656565657,6.192090395480226,5.575757575757576,5.751412429378531,0.6153846153846154,0.5,0.5,99,177,20.80886781208209,15.89809499679065,135.29892489668907,115.49960245739314,0.8175577377705038,0.4515079365079365,8.120611387752875,9.017074583137129,0,0,Kings XI Punjab,1,195,147,7,7,runs,48,0
501221,2011-04-22,2011,Mumbai,Wankhede Stadium,Mumbai Indians,Chennai Super Kings,Chennai Super Kings,field,0.520618556701031,0.5300546448087432,0.6,0.6,167.2577319587629,167.02732240437155,162.74742268041237,163.10928961748633,5.989690721649485,5.426229508196721,6.247422680412371,6.109289617486339,0.5555555555555556,0.6666666666666666,0.3636363636363636,194,183,15.72720243766153,19.87141838170181,125.46508209079283,130.17399304308134,0.642190357460771,0.4647115756871854,8.526157140137048,8.04602087250631,0,0,Mumbai Indians,1,164,156,4,9,runs,8,0
501222,2011-04-22,2011,Kolkata,Eden Gardens,Kolkata Knight Riders,Royal Challengers Bangalore,Royal Challengers Bangalore,field,0.4918918918918919,0.4496644295302013,0.6,0.4,162.12972972972972,155.01342281879195,161.78378378378378,159.9798657718121,6.113513513513514,6.214765100671141,5.783783783783784,5.76510067114094,0.575,0.2,0.7142857142857143,185,149,14.906075439491454,18.27927938157432,113.53790604027124,128.66217131487085,0.5987769003629538,0.3162781591809725,8.453526380788203,8.289350889650349,0,0,Royal Challengers Bangalore,0,171,175,5,1,wickets,0,9
501223,2011-04-23,2011,Delhi,Feroz Shah Kotla,Delhi Daredevils,Kings XI Punjab,Kings XI Punjab,field,0.48,0.47,0.2,0.6,154.05333333333334,160.48,157.26666666666668,162.13,5.8933333333333335,5.67,6.293333333333333,5.59,0.5,0.6666666666666666,0.3333333333333333,75,100,16.981051076116866,19.2828558266172,120.34659574601191,127.80513533803702,0.504465231737959,0.6018685262106315,9.0589588161136,8.522206173117784,0,0,Delhi Daredevils,1,231,202,4,6,runs,29,0
501225,2011-04-24,2011,Jaipur,Sawai Mansingh Stadium,Rajasthan Royals,Kochi Tuskers Kerala,Rajasthan Royals,field,0.4943820224719101,0.6,0.4,0.6,165.68539325842696,152.0,167.92134831460675,150.4,6.196629213483146,5.0,5.758426966292135,5.0,0.6538461538461539,0.5,0.5,178,5,16.910347413651376,14.156647385159973,110.68404074865096,110.97458740391733,0.5571514828339905,0.550738276319336,8.049111296014445,8.547623327108964,1,0,Rajasthan Royals,1,111,109,2,10,wickets,0,8
501224,2011-04-24,2011,Hyderabad,"Rajiv Gandhi International Stadium, Uppal",Deccan Chargers,Mumbai Indians,Deccan Chargers,field,0.4117647058823529,0.5230769230769231,0.4,0.8,153.13725490196077,167.24102564102563,155.68627450980392,162.7128205128205,6.686274509803922,5.97948717948718,5.941176470588236,6.2615384615384615,0.1,0.6666666666666666,0.5,51,195,13.520073467202655,16.091980853511913,105.72252246583196,125.20351707811808,0.5660602102864842,0.5803168250338061,9.751585677868212,8.436735697436452,1,0,Mumbai Indians,0,135,172,8,4,runs,37,0
501226,2011-04-25,2011,Chennai,"MA Chidambaram Stadium, Chepauk",Chennai Super Kings,Pune Warriors,Pune Warriors,field,0.5271739130434783,0.5,0.4,0.5,166.9673913043478,142.25,163.1141304347826,143.5,5.445652173913044,6.0,6.0978260869565215,6.5,0.6,0.5,0.5,184,4,17.937188448243216,15.630748769924027,122.80892956880211,109.96635454446287,0.563050742024349,0.4020822665983956,7.814140213266936,6.807637848134811,0,0,Chennai Super Kings,1,142,117,6,9,runs,25,0
501227,2011-04-26,2011,Delhi,Feroz Shah Kotla,Delhi Daredevils,Royal Challengers Bangalore,Royal Challengers Bangalore,field,0.4868421052631579,0.4533333333333333,0.4,0.4,155.06578947368422,155.14666666666668,157.85526315789474,160.05333333333334,5.868421052631579,6.18,6.289473684210527,5.76,0.5217391304347826,0.3333333333333333,0.4,76,150,15.910923140757994,18.0759118650463,118.8452163586524,117.7160589826879,0.5130977543730393,0.3475513042096271,9.336246897674735,8.736725104165979,0,0,Royal Challengers Bangalore,0,160,161,6,7,wickets,0,3
501228,2011-04-27,2011,Mumbai,Dr DY Patil Sports Academy,Pune Warriors,Chennai Super Kings,Pune Warriors,bat,0.4,0.5297297297297298,0.4,0.4,137.2,166.83243243243243,143.2,162.86486486486487,6.6,5.448648648648649,6.4,6.113513513513514,0.6666666666666666,0.6666666666666666,0.5,5,185,15.8127288847887,18.54562878053712,123.71475034103744,124.4049726147832,0.7090066020708655,0.490971585767174,7.220679057303345,7.854942792751092,1,1,Chennai Super Kings,0,141,145,6,2,wickets,0,8
501229,2011-04-27,2011,Kochi,Nehru Stadium,Kochi Tuskers Kerala,Deccan Chargers,Kochi Tuskers Kerala,field,0.5,0.4038461538461538,0.6,0.4,144.83333333333334,152.78846153846155,143.83333333333334,156.0,5.833333333333333,6.711538461538462,4.5,5.903846153846154,0.5,0.5,0.5,6,52,14.15061542267402,13.738629475127777,105.42139786729692,116.15838932317034,0.5001594896331739,0.5465149329388928,8.909640754410422,9.943540543519871,1,0,Deccan Chargers,0,74,129,10,7,runs,55,0
501230,2011-04-28,2011,Delhi,Feroz Shah Kotla,Delhi Daredevils,Kolkata Knight Riders,Delhi Daredevils,field,0.4805194805194805,0.489247311827957,0.4,0.6,155.12987012987014,162.17741935483872,157.8961038961039,161.8548387096774,5.87012987012987,6.10752688172043,6.298701298701299,5.758064516129032,0.5,0.5,0.8,77,186,17.051224652181205,15.247837535271746,125.50707154783682,111.45097164957753,0.5915761464697635,0.4839806321922095,9.328012663053636,8.620287843285064,1,0,Kolkata Knight Riders,0,131,148,9,7,runs,17,0
501231,2011-04-29,2011,Jaipur,Sawai Mansingh Stadium,Rajasthan Royals,Mumbai Indians,Rajasthan Royals,field,0.4972067039106145,0.5255102040816326,0.4,0.8,165.37988826815644,167.26530612244898,167.59217877094972,162.57142857142858,6.173184357541899,5.969387755102041,5.782122905027933,6.270408163265306,0.6666666666666666,0.25,0.4444444444444444,179,196,16.73771906068557,17.813098935278813,110.98792436261536,134.4733348438021,0.5666378516118922,0.5691001433327015,7.99641150489271,8.23490584914419,1,0,Rajasthan Royals,1,95,94,3,8,wickets,0,7
501232,2011-04-29,2011,Bangalore,M Chinnaswamy Stadium,Royal Challengers Bangalore,Pune Warriors,Pune Warriors,field,0.4569536423841059,0.3333333333333333,0.4,0.2,155.18543046357615,137.83333333333334,160.05298013245033,143.5,6.185430463576159,6.5,5.76158940397351,5.666666666666667,0.25,0.5,0.5,151,6,16.767962376232816,12.733646585721736,113.97817813139103,98.06485614938842,0.39508547008547,0.4865997638724911,8.309526825548453,7.081088280702938,0,0,Royal Challengers Bangalore,1,181,155,5,5,runs,26,0
501233,2011-04-30,2011,Kochi,Nehru Stadium,Kochi Tuskers Kerala,Delhi Daredevils,Delhi Daredevils,bat,0.4285714285714285,0.4743589743589743,0.6,0.4,134.71428571428572,154.82051282051282,141.71428571428572,157.76923076923077,6.428571428571429,5.910256410256411,4.857142857142857,6.307692307692308,0.3333333333333333,0.5,0.5,7,78,14.35472960122338,15.39483469075468,112.75232305989884,119.42170554220468,0.5532849949181973,0.5600180122907396,8.064679249973056,9.13659961212726,0,1,Delhi Daredevils,0,119,157,10,7,runs,38,0
501234,2011-04-30,2011,Kolkata,Eden Gardens,Kolkata Knight Riders,Kings XI Punjab,Kolkata Knight Riders,field,0.4919786096256685,0.4653465346534653,0.6,0.6,162.10160427807486,160.8910891089109,161.6898395721925,162.8118811881188,6.112299465240642,5.673267326732673,5.775401069518717,5.574257425742574,0.5609756097560976,0.4,0.625,187,101,15.425198848544625,20.287825495814715,114.50777783751911,131.9708200849982,0.4337606579138902,0.5681849103277674,8.21439376100281,8.584058138050933,1,0,Kolkata Knight Riders,1,120,119,2,6,wickets,0,8
501235,2011-05-01,2011,Jaipur,Sawai Mansingh Stadium,Rajasthan Royals,Pune Warriors,Rajasthan Royals,field,0.5,0.2857142857142857,0.4,0.0,164.98888888888888,140.28571428571428,167.18333333333334,148.85714285714286,6.155555555555556,6.285714285714286,5.794444444444444,5.571428571428571,0.6785714285714286,0.5,0.5,180,7,16.487201186454783,14.4099250761951,110.03116034854963,108.37722631860042,0.6405647382920111,0.4595260354618642,7.732902039706172,7.034809682680294,1,0,Rajasthan Royals,1,144,143,4,7,wickets,0,6
501236,2011-05-01,2011,Chennai,"MA Chidambaram Stadium, Chepauk",Chennai Super Kings,Deccan Chargers,Chennai Super Kings,bat,0.532258064516129,0.4150943396226415,0.6,0.6,166.71505376344086,152.33962264150944,162.747311827957,154.45283018867926,5.43010752688172,6.716981132075472,6.112903225806452,5.981132075471698,0.625,1.0,0.4,186,53,17.795092928009645,13.844314282675144,121.7794369477515,95.98337075688296,0.5505006777734051,0.5505445040474073,7.647882252681199,9.528476481817098,1,1,Chennai Super Kings,1,165,146,5,8,runs,19,0
501237,2011-05-02,2011,Mumbai,Wankhede Stadium,Mumbai Indians,Kings XI Punjab,Kings XI Punjab,field,0.5228426395939086,0.4607843137254901,0.6,0.6,166.89340101522842,160.4803921568627,162.2284263959391,162.3921568627451,5.979695431472082,5.676470588235294,6.253807106598985,5.53921568627451,0.5714285714285714,0.4,0.5,197,102,17.332267423984614,19.66273371417558,120.13021647390887,131.0854531894096,0.6006946544506353,0.5206617405582923,8.011801045014336,8.467064452198738,0,0,Mumbai Indians,1,159,136,5,8,runs,23,0
501238,2011-05-02,2011,Delhi,Feroz Shah Kotla,Delhi Daredevils,Kochi Tuskers Kerala,Kochi Tuskers Kerala,field,0.4810126582278481,0.375,0.4,0.4,154.84810126582278,132.75,157.27848101265823,143.625,5.924050632911392,6.875,6.354430379746836,5.125,0.48,0.5,0.5,79,8,15.961139249617226,13.6043154993155,121.93528269634952,103.36997259070893,0.5970585214725186,0.5146542207792207,9.068843825497824,8.628108002195093,0,0,Kochi Tuskers Kerala,0,140,141,6,3,wickets,0,7
501239,2011-05-03,2011,Hyderabad,"Rajiv Gandhi International Stadium, Uppal",Deccan Chargers,Kolkata Knight Riders,Deccan Chargers,field,0.4074074074074074,0.4946808510638298,0.4,0.6,152.22222222222223,161.87765957446808,154.64814814814815,161.4627659574468,6.7407407407407405,6.090425531914893,5.962962962962963,5.776595744680851,0.0909090909090909,0.5,0.5,54,188,13.275614677419837,14.508819641005635,103.597385293947,113.7869745783546,0.5695770000790283,0.5221721608753694,9.729523368353464,8.370225060827366,1,0,Kolkata Knight Riders,0,149,169,6,4,runs,20,0
501241,2011-05-04,2011,Mumbai,Dr DY Patil Sports Academy,Pune Warriors,Mumbai Indians,Pune Warriors,field,0.25,0.5252525252525253,0.0,0.8,140.625,166.85353535353536,148.25,162.09595959595958,6.375,5.974747474747475,5.375,6.262626262626263,0.5,0.6666666666666666,0.5,8,198,14.792966617782684,17.291561535882686,109.6586659629204,121.41482995669324,0.4796044864226683,0.6751208791208791,7.801615094785093,8.093442632044558,1,0,Mumbai Indians,0,139,160,7,7,runs,21,0
501240,2011-05-04,2011,Chennai,"MA Chidambaram Stadium, Chepauk",Chennai Super Kings,Rajasthan Royals,Rajasthan Royals,bat,0.5347593582887701,0.5027624309392266,0.6,0.6,166.7058823529412,164.87292817679557,162.6577540106952,167.04972375690608,5.427807486631016,6.143646408839779,6.122994652406417,5.801104972375691,0.6470588235294118,0.5,0.4285714285714285,187,181,17.645308806989398,18.09039498463673,121.73119807850416,118.39243601972066,0.5441473661946102,0.5534484752652454,7.6586368732242995,7.950050950885497,0,1,Chennai Super Kings,1,149,147,2,6,wickets,0,8
501242,2011-05-05,2011,Kochi,Nehru Stadium,Kochi Tuskers Kerala,Kolkata Knight Riders,Kolkata Knight Riders,field,0.4444444444444444,0.4973544973544973,0.4,0.6,133.66666666666666,161.91534391534393,143.22222222222223,161.3968253968254,6.444444444444445,6.079365079365079,5.222222222222222,5.777777777777778,0.25,0.5,0.5,9,189,14.41266430357024,14.308320905486788,108.27004601174232,107.24453798294007,0.5064097740758082,0.5035143161550261,8.520386214933744,8.49788962142459,0,0,Kochi Tuskers Kerala,1,156,139,5,7,runs,17,0
501243,2011-05-05,2011,Hyderabad,"Rajiv Gandhi International Stadium, Uppal",Deccan Chargers,Delhi Daredevils,Delhi Daredevils,field,0.4,0.475,0.4,0.4,152.16363636363636,154.6625,154.9090909090909,157.075,6.727272727272728,5.925,5.927272727272728,6.3125,0.0833333333333333,0.5,0.25,55,80,15.633939524527758,17.03787461464787,111.52875867124094,127.4826596350213,0.5079435198947395,0.5085454545454545,7.732184134507803,8.637831615600785,0,0,Delhi Daredevils,0,175,179,5,6,wickets,0,4
501244,2011-05-06,2011,Bangalore,M Chinnaswamy Stadium,Royal Challengers Bangalore,Kings XI Punjab,Kings XI Punjab,field,0.4605263157894737,0.4563106796116505,0.6,0.4,155.35526315789474,160.24271844660194,160.01973684210526,162.35922330097088,6.177631578947368,5.699029126213592,5.756578947368421,5.533980582524272,0.2857142857142857,0.6666666666666666,0.4285714285714285,152,103,16.350694629108713,18.7102947284323,123.80299755137708,128.61698315535355,0.3478113573978236,0.4909752992105933,8.498236304790156,8.397118853546878,0,0,Royal Challengers Bangalore,1,205,120,6,9,runs,85,0
501245,2011-05-07,2011,Kolkata,Eden Gardens,Kolkata Knight Riders,Chennai Super Kings,Chennai Super Kings,bat,0.4947368421052631,0.5372340425531915,0.6,0.8,161.79473684210527,166.61170212765958,161.3684210526316,162.5744680851064,6.08421052631579,5.409574468085107,5.773684210526316,6.122340425531915,0.5714285714285714,0.75,0.1,190,188,14.50488532023844,18.35519518925713,113.60188906108864,122.85058195928846,0.5239158259279594,0.5401462012500242,8.3852620078172,7.650491914745467,0,1,Kolkata Knight Riders,1,61,114,2,4,runs,10,0
501246,2011-05-07,2011,Mumbai,Wankhede Stadium,Mumbai Indians,Delhi Daredevils,Delhi Daredevils,field,0.5276381909547738,0.4814814814814814,0.8,0.4,166.81909547738692,154.96296296296296,161.97989949748742,157.2962962962963,5.9798994974874375,5.925925925925926,6.266331658291457,6.296296296296297,0.5862068965517241,0.3333333333333333,0.75,199,81,16.225779635267006,16.950146398040435,119.86489231042992,119.47692772865804,0.6131334811063368,0.5154130038337386,8.082151128059294,9.465719619228391,0,0,Mumbai Indians,1,178,146,4,10,runs,32,0
501247,2011-05-08,2011,Bangalore,M Chinnaswamy Stadium,Royal Challengers Bangalore,Kochi Tuskers Kerala,Kochi Tuskers Kerala,bat,0.4640522875816993,0.5,0.8,0.4,155.6797385620915,135.9,159.7581699346405,142.8,6.176470588235294,6.3,5.777777777777778,5.4,0.3181818181818182,0.5,0.5,153,10,17.259167400376523,15.473854087089382,115.83400120939748,113.66937455675084,0.3736297852474323,0.4846153846153846,8.282481005644742,8.023955025048831,0,1,Royal Challengers Bangalore,1,128,125,1,9,wickets,0,9
501248,2011-05-08,2011,Chandigarh,"Punjab Cricket Association Stadium, Mohali",Kings XI Punjab,Pune Warriors,Kings XI Punjab,bat,0.4519230769230769,0.2222222222222222,0.2,0.0,159.85576923076923,140.44444444444446,162.76923076923077,149.55555555555554,5.730769230769231,6.444444444444445,5.538461538461538,5.555555555555555,0.6428571428571429,0.5,0.5,104,9,18.308345823383725,15.816622168769786,123.15129549184869,114.69439627923413,0.4852006688963211,0.6255978388536528,9.70174782742608,8.462916282383564,1,1,Pune Warriors,0,119,120,8,5,wickets,0,5
501249,2011-05-09,2011,Jaipur,Sawai Mansingh Stadium,Rajasthan Royals,Chennai Super Kings,Rajasthan Royals,field,0.5,0.5343915343915344,0.6,0.8,164.77472527472528,166.33333333333334,166.95054945054946,162.03703703703704,6.142857142857143,5.402116402116402,5.78021978021978,6.1005291005291005,0.6896551724137931,0.3333333333333333,0.75,182,189,15.63985876983117,19.30017470666135,107.64237215941806,129.02606051018716,0.580864587756129,0.5410750148649266,7.859653874175532,7.795157674983328,1,0,Chennai Super Kings,0,133,196,10,3,runs,63,0
501250,2011-05-10,2011,Hyderabad,"Rajiv Gandhi International Stadium, Uppal",Deccan Chargers,Pune Warriors,Deccan Chargers,bat,0.3928571428571428,0.3,0.2,0.2,152.57142857142858,138.4,155.33928571428572,146.5,6.696428571428571,6.3,5.928571428571429,5.8,0.0769230769230769,0.5,0.5,56,10,14.2899221395249,15.681666683582472,104.17745709815144,107.90915457345696,0.5667726577055032,0.6217091467091467,9.075876123716348,7.909451239540302,1,1,Pune Warriors,0,136,137,8,4,wickets,0,6
501251,2011-05-10,2011,Chandigarh,"Punjab Cricket Association Stadium, Mohali",Kings XI Punjab,Mumbai Indians,Mumbai Indians,field,0.4476190476190476,0.53,0.0,0.8,159.46666666666667,166.875,162.36190476190475,161.9,5.752380952380952,5.97,5.533333333333333,6.285,0.6,0.0,0.4285714285714285,105,200,18.02777737477927,17.556135640451043,122.45225682039586,124.24399007363576,0.4389142880180616,0.6183532721774226,9.272719573764793,8.082882587404054,0,0,Kings XI Punjab,1,163,87,8,10,runs,76,0
501252,2011-05-11,2011,Jaipur,Sawai Mansingh Stadium,Rajasthan Royals,Royal Challengers Bangalore,Royal Challengers Bangalore,field,0.4972677595628415,0.4675324675324675,0.6,1.0,164.60109289617486,155.5,167.10928961748633,159.53246753246754,6.163934426229508,6.142857142857143,5.765027322404372,5.798701298701299,0.6666666666666666,0.25,0.4,183,154,15.337377011986694,16.287828720207237,108.04705783398369,100.27353515214593,0.4870213787994537,0.4963321293429653,8.314669460530844,7.914590550902914,0,0,Royal Challengers Bangalore,0,146,151,6,1,wickets,0,9
501253,2011-05-12,2011,Chennai,"MA Chidambaram Stadium, Chepauk",Chennai Super Kings,Delhi Daredevils,Chennai Super Kings,bat,0.5368421052631579,0.4756097560975609,0.8,0.4,166.48947368421054,154.85365853658536,161.8842105263158,157.5487804878049,5.389473684210526,5.975609756097561,6.121052631578947,6.2682926829268295,0.6666666666666666,1.0,0.4,190,82,19.411055630643837,15.48974038078316,129.2595246460923,108.69664670831644,0.5511714248492192,0.5590624653124653,7.7640578568213,9.592594847532409,1,1,Chennai Super Kings,1,176,158,4,6,runs,18,0
501254,2011-05-13,2011,Indore,Holkar Cricket Stadium,Kochi Tuskers Kerala,Kings XI Punjab,Kings XI Punjab,field,0.4545454545454545,0.4528301886792453,0.4,0.2,134.9090909090909,159.5,141.45454545454547,161.6509433962264,6.545454545454546,5.773584905660377,5.0,5.575471698113208,0.5,0.4285714285714285,0.5,11,106,14.207727101536843,17.76840492186011,109.07796129133531,124.05457258546087,0.5370018921666599,0.4546569814366424,8.353174636422793,9.24915162680188,0,0,Kings XI Punjab,0,178,181,7,4,wickets,0,6
501255,2011-05-14,2011,Bangalore,M Chinnaswamy Stadium,Royal Challengers Bangalore,Kolkata Knight Riders,Royal Challengers Bangalore,field,0.4709677419354838,0.4973821989528796,1.0,0.8,155.47096774193548,161.2670157068063,159.44516129032257,161.12041884816753,6.109677419354838,6.06282722513089,5.8,5.7643979057591626,0.3478260869565217,0.6,0.4615384615384615,155,191,15.182584012601511,14.437088566778034,103.43314775263303,113.49275230120298,0.46493104418801,0.5179460780963774,8.226951581436802,8.31227606225187,1,0,Royal Challengers Bangalore,1,105,89,6,4,wickets,0,4
501256,2011-05-14,2011,Mumbai,Wankhede Stadium,Mumbai Indians,Deccan Chargers,Deccan Chargers,bat,0.527363184079602,0.3859649122807017,0.6,0.2,166.47761194029852,152.28070175438597,161.90547263681592,155.01754385964912,5.990049751243781,6.719298245614035,6.293532338308458,5.894736842105263,0.6,0.5,0.5,201,57,17.135936107194293,16.37035950639399,123.89708367110777,109.89362103143404,0.6155201907320551,0.468063373718546,8.09640922442904,9.294919478649517,0,1,Deccan Chargers,0,125,135,8,6,runs,10,0
501257,2011-05-15,2011,Dharamsala,Himachal Pradesh Cricket Association Stadium,Kings XI Punjab,Delhi Daredevils,Delhi Daredevils,field,0.4579439252336448,0.4698795180722891,0.4,0.4,159.70093457943926,154.89156626506025,161.80373831775702,157.7710843373494,5.757009345794392,5.975903614457831,5.588785046728972,6.240963855421687,0.0,0.5,0.75,107,83,17.55289837863048,17.25334992374466,123.0601785059026,109.72329354195202,0.4883876036817213,0.4441634399539358,9.315760129902555,9.902832471549726,0,0,Kings XI Punjab,1,170,141,6,8,runs,29,0
501258,2011-05-15,2011,Indore,Holkar Cricket Stadium,Kochi Tuskers Kerala,Rajasthan Royals,Kochi Tuskers Kerala,field,0.4166666666666667,0.4945652173913043,0.4,0.4,138.5,164.5,144.75,167.02173913043478,6.583333333333333,6.163043478260869,4.916666666666667,5.739130434782608,0.0,0.0,0.5,12,184,15.954528985507247,16.00748155998966,112.07106905153218,110.89082444669732,0.446365131456552,0.5738639667211096,8.528392521354457,7.982864723906118,1,0,Kochi Tuskers Kerala,1,98,97,2,10,wickets,0,8
501259,2011-05-16,2011,Mumbai,Dr DY Patil Sports Academy,Pune Warriors,Deccan Chargers,Deccan Chargers,field,0.3636363636363636,0.396551724137931,0.4,0.2,138.27272727272728,151.98275862068965,145.54545454545453,154.5,6.090909090909091,6.706896551724138,6.0,5.931034482758621,0.4,0.2,0.5,11,58,17.446490868320573,14.269208097327263,116.23894053497628,104.31330683916916,0.5694875842448156,0.5647875771947961,7.505023342418064,9.051301584645854,0,0,Deccan Chargers,0,136,138,9,4,wickets,0,6
501260,2011-05-17,2011,Dharamsala,Himachal Pradesh Cricket Association Stadium,Kings XI Punjab,Royal Challengers Bangalore,Kings XI Punjab,bat,0.4629629629629629,0.4743589743589743,0.6,1.0,159.7962962962963,155.14743589743588,161.61111111111111,158.99358974358975,5.75925925925926,6.108974358974359,5.611111111111111,5.788461538461538,0.3333333333333333,0.5,0.4285714285714285,108,156,17.529023377969548,13.942838955620164,123.39872627532512,114.6494354482765,0.5000207704753159,0.5045454545454545,9.206379359323982,8.521960239929475,1,1,Kings XI Punjab,1,232,121,2,10,runs,111,0
501261,2011-05-18,2011,Chennai,"MA Chidambaram Stadium, Chepauk",Chennai Super Kings,Kochi Tuskers Kerala,Chennai Super Kings,bat,0.5392670157068062,0.4615384615384615,0.8,0.6,166.5392670157068,135.3846153846154,161.86387434554973,141.07692307692307,5.382198952879581,6.230769230769231,6.12041884816754,5.307692307692308,0.6842105263157895,0.5,0.5,191,13,19.314456453695172,14.205702228739494,129.26278510473009,107.13287818232156,0.5456584245916246,0.5609690199493842,7.786016074145157,7.905474319555005,1,1,Chennai Super Kings,1,152,141,5,5,runs,11,0
501262,2011-05-19,2011,Mumbai,Dr DY Patil Sports Academy,Pune Warriors,Kolkata Knight Riders,Kolkata Knight Riders,field,0.3333333333333333,0.4947916666666667,0.4,0.6,138.08333333333334,160.890625,144.91666666666666,160.828125,6.333333333333333,6.052083333333333,5.833333333333333,5.765625,0.3333333333333333,1.0,0.5,12,192,14.582646757940877,15.079463019779224,104.86909314277618,113.40794586713751,0.6274231324231325,0.5018658406358941,7.588705481855219,8.026839477963897,0,0,Kolkata Knight Riders,0,118,119,7,3,wickets,0,7
501263,2011-05-20,2011,Mumbai,Wankhede Stadium,Mumbai Indians,Rajasthan Royals,Mumbai Indians,bat,0.5247524752475248,0.4918918918918919,0.6,0.2,166.27227722772278,164.13513513513513,161.77227722772278,166.64864864864865,6.0,6.183783783783784,6.292079207920792,5.718918918918919,0.5806451612903226,1.0,0.3333333333333333,202,185,15.856566898386417,14.674729888012305,116.8095966676011,99.02359278009811,0.6424453176944872,0.5558928889493674,8.27172097054481,8.42748529453782,1,1,Rajasthan Royals,0,133,134,5,0,wickets,0,10
501264,2011-05-21,2011,Dharamsala,Himachal Pradesh Cricket Association Stadium,Kings XI Punjab,Deccan Chargers,Kings XI Punjab,field,0.4678899082568807,0.4067796610169492,0.8,0.4,160.45871559633028,151.74576271186442,161.23853211009174,154.1864406779661,5.724770642201835,6.661016949152542,5.651376146788991,5.983050847457627,0.5,1.0,0.5,109,59,18.854102343014983,13.385397770219198,123.30642557506933,101.80081257347724,0.5009110586383314,0.6096871064901755,9.013145149017795,10.493205126853477,1,0,Deccan Chargers,0,116,198,10,2,runs,82,0
501266,2011-05-22,2011,Bangalore,M Chinnaswamy Stadium,Royal Challengers Bangalore,Chennai Super Kings,Royal Challengers Bangalore,field,0.4713375796178344,0.5416666666666666,0.8,0.8,154.9299363057325,166.46354166666666,159.45859872611464,161.75520833333334,6.13375796178344,5.380208333333333,5.764331210191083,6.114583333333333,0.375,0.5,0.4615384615384615,157,192,17.99484739166859,19.242290797423323,122.112579412194,129.00236807556286,0.3580770107085896,0.5418745358082337,8.273716114190577,7.793012169749065,1,0,Royal Challengers Bangalore,1,129,128,2,8,wickets,0,8
501267,2011-05-22,2011,Kolkata,Eden Gardens,Kolkata Knight Riders,Mumbai Indians,Mumbai Indians,field,0.4974093264248704,0.5221674876847291,0.6,0.4,160.67357512953367,166.10837438423644,160.60621761658032,161.63546798029557,6.036269430051814,5.995073891625616,5.772020725388601,6.261083743842365,0.5813953488372093,0.6,0.3571428571428571,193,203,15.01191554335372,15.647608625108626,113.19886026160268,120.98880751334048,0.5045216696078184,0.5059083648591846,7.986266495846077,8.52580011636433,0,0,Mumbai Indians,0,175,178,7,5,wickets,0,5
501268,2011-05-24,2011,Mumbai,Wankhede Stadium,Royal Challengers Bangalore,Chennai Super Kings,Chennai Super Kings,field,0.4746835443037974,0.538860103626943,0.8,0.6,154.76582278481013,166.2642487046632,159.2594936708861,161.58549222797927,6.1075949367088604,5.393782383419689,5.778481012658228,6.093264248704664,0.25,0.5714285714285714,0.5,158,193,17.998468166197323,18.94100671032596,121.81995363923193,128.41640566015397,0.375650443832262,0.5324766776688716,8.201594100216083,7.817383555433405,0,0,Chennai Super Kings,0,175,177,4,4,wickets,0,6
501269,2011-05-25,2011,Mumbai,Wankhede Stadium,Mumbai Indians,Kolkata Knight Riders,Mumbai Indians,field,0.5245098039215687,0.4948453608247423,0.4,0.4,166.16666666666666,160.74742268041237,161.70098039215685,160.6958762886598,5.990196078431373,6.041237113402062,6.264705882352941,5.768041237113402,0.5625,0.0,0.7272727272727273,204,194,15.995400274825,14.908594485384624,124.66627531257596,113.31590042024132,0.5932696961038988,0.5051113827114748,8.301006034462416,8.008979268277058,1,0,Mumbai Indians,1,148,147,6,7,wickets,0,4
501270,2011-05-27,2011,Chennai,"MA Chidambaram Stadium, Chepauk",Royal Challengers Bangalore,Mumbai Indians,Mumbai Indians,field,0.4716981132075472,0.526829268292683,0.6,0.4,154.8930817610063,166.0780487804878,159.37106918238993,161.62926829268292,6.09433962264151,5.990243902439024,5.767295597484277,6.2682926829268295,0.3333333333333333,0.0,0.25,159,205,18.150041109334225,16.057505352598728,124.16006358926478,123.002523970222,0.4353592389165512,0.5622294372294373,8.18853487396673,8.382669585736535,0,0,Royal Challengers Bangalore,1,185,142,4,8,runs,43,0
501271,2011-05-28,2011,Chennai,"MA Chidambaram Stadium, Chepauk",Chennai Super Kings,Royal Challengers Bangalore,Chennai Super Kings,bat,0.5412371134020618,0.475,0.8,0.6,166.31958762886595,155.08125,161.65463917525773,159.2625,5.38659793814433,6.08125,6.082474226804123,5.78125,0.7,0.5,0.8333333333333334,194,160,18.81296101412716,18.05535370733976,128.56678252951886,124.08758512882116,0.527652734544745,0.4723004268458813,7.832488095857806,8.107848990387561,1,1,Chennai Super Kings,1,205,147,5,8,runs,58,0
548306,2012-04-04,2012,Chennai,"MA Chidambaram Stadium, Chepauk",Chennai Super Kings,Mumbai Indians,Mumbai Indians,field,0.5435897435897435,0.5242718446601942,0.8,0.4,166.5179487179487,165.96116504854368,161.5794871794872,161.74271844660194,5.384615384615385,6.0,6.092307692307692,6.257281553398058,0.7142857142857143,0.0,0.4666666666666667,195,206,18.950725499654425,16.844569201871114,131.148583478577,121.74684746121564,0.5952060811816909,0.588857379954078,7.835040530183796,8.425035296852432,0,0,Mumbai Indians,0,112,115,10,3,wickets,0,8
548307,2012-04-05,2012,Kolkata,Eden Gardens,Kolkata Knight Riders,Delhi Daredevils,Delhi Daredevils,field,0.4923076923076923,0.4642857142857143,0.4,0.2,160.6769230769231,154.72619047619048,160.63076923076923,157.91666666666666,6.046153846153846,6.0,5.769230769230769,6.238095238095238,0.5681818181818182,0.0,1.0,195,84,17.112647132748684,14.205669559429255,117.13291754643797,120.11708258824208,0.4385132275132274,0.6188207800794804,8.198704113619073,8.483245637664798,0,0,Delhi Daredevils,0,97,100,9,2,wickets,0,8
548308,2012-04-06,2012,Mumbai,Wankhede Stadium,Mumbai Indians,Pune Warriors,Mumbai Indians,field,0.5265700483091788,0.3076923076923077,0.6,0.4,165.71497584541063,136.53846153846155,161.5024154589372,142.92307692307693,5.985507246376812,6.384615384615385,6.27536231884058,5.615384615384615,0.5757575757575758,0.0,1.0,207,13,19.08692152066492,13.519953578915846,124.96678422754012,101.402828694073,0.5890503471627544,0.478379232538825,7.9388602002601,8.124644802350721,1,0,Pune Warriors,0,101,129,9,9,runs,28,0
548309,2012-04-06,2012,Jaipur,Sawai Mansingh Stadium,Rajasthan Royals,Kings XI Punjab,Kings XI Punjab,field,0.4946236559139785,0.4636363636363636,0.2,0.8,163.9731182795699,160.05454545454546,166.46774193548387,161.57272727272726,6.150537634408602,5.763636363636364,5.71505376344086,5.618181818181818,0.6451612903225806,0.25,0.75,186,110,15.381671761103846,16.124927127391718,96.59894937181105,113.334944176061,0.5127434656846421,0.4931132439379914,6.991780724265754,9.111030283170836,0,0,Rajasthan Royals,1,191,160,4,9,runs,31,0
548311,2012-04-07,2012,Visakhapatnam,Dr. Y.S. Rajasekhara Reddy ACA-VDCA Cricket Stadium,Deccan Chargers,Chennai Super Kings,Deccan Chargers,field,0.4166666666666667,0.5408163265306123,0.6,0.6,152.51666666666668,166.23979591836735,153.55,161.34183673469389,6.583333333333333,5.408163265306122,6.05,6.076530612244898,0.5,1.0,0.5,60,196,15.693516433099768,18.629876385115484,124.55255461095582,126.96093076868236,0.4114729672200936,0.5882279898483816,11.806025561760812,7.831984929431559,1,0,Chennai Super Kings,0,119,193,10,6,runs,74,0
548310,2012-04-07,2012,Bangalore,M Chinnaswamy Stadium,Royal Challengers Bangalore,Delhi Daredevils,Delhi Daredevils,field,0.4720496894409938,0.4705882352941176,0.4,0.4,155.0310559006211,154.08235294117648,159.54658385093168,157.2,6.093167701863354,5.952941176470588,5.77639751552795,6.270588235294118,0.4,1.0,0.4,161,85,15.370406250942942,14.619479748893957,113.1617124893772,120.42375279661314,0.5588143314823122,0.5832567740901075,8.196847660346831,8.615840355272663,0,0,Royal Challengers Bangalore,1,157,137,8,7,runs,20,0
548313,2012-04-08,2012,Pune,Subrata Roy Sahara Stadium,Pune Warriors,Kings XI Punjab,Pune Warriors,bat,0.3571428571428571,0.4594594594594595,0.6,0.6,136.0,160.05405405405406,139.92857142857142,161.83783783783784,6.571428571428571,5.792792792792793,5.857142857142857,5.603603603603603,0.5,0.5,1.0,14,111,14.632693456795367,12.886112218580912,106.33330882987455,115.91812282150416,0.4771686459186458,0.6408316312227161,7.394611388675707,8.965408120615212,1,1,Pune Warriors,1,166,144,6,8,runs,22,0
548312,2012-04-08,2012,Jaipur,Sawai Mansingh Stadium,Rajasthan Royals,Kolkata Knight Riders,Kolkata Knight Riders,field,0.4973262032085561,0.4897959183673469,0.4,0.2,164.11764705882354,160.35204081632654,166.4331550802139,160.32142857142858,6.13903743315508,6.061224489795919,5.732620320855615,5.75,0.65625,0.75,0.3,187,196,14.8170103473762,16.999623209607726,121.30520787933864,123.17203758032412,0.8790764790764792,0.4764044381691441,7.132738090411984,8.076459046918158,0,0,Rajasthan Royals,1,164,142,5,10,runs,22,0
548314,2012-04-09,2012,Visakhapatnam,Dr. Y.S. Rajasekhara Reddy ACA-VDCA Cricket Stadium,Deccan Chargers,Mumbai Indians,Deccan Chargers,bat,0.4098360655737705,0.5240384615384616,0.6,0.6,151.9672131147541,165.40384615384616,154.1967213114754,161.34615384615384,6.639344262295082,6.0,6.049180327868853,6.288461538461538,0.0,0.5,0.4,61,208,16.671174164268297,15.730188728478948,119.67761468741824,120.45647270461694,0.4329342409833635,0.6306942872205858,11.308480657881784,7.939980822533569,1,1,Mumbai Indians,0,138,142,9,5,wickets,0,5
548316,2012-04-10,2012,Delhi,Feroz Shah Kotla,Delhi Daredevils,Chennai Super Kings,Delhi Daredevils,field,0.4651162790697674,0.5431472081218274,0.2,0.6,153.88372093023256,166.37563451776649,157.19767441860466,161.12690355329948,5.965116279069767,5.411167512690355,6.290697674418604,6.096446700507614,0.4615384615384615,1.0,0.3333333333333333,86,197,15.118492913705678,18.60488956252276,118.62482056118374,127.21245994565643,0.6435319058731295,0.5934636843837883,8.713064636434247,8.848989583796746,1,0,Delhi Daredevils,1,111,110,2,8,wickets,0,8
548315,2012-04-10,2012,Bangalore,M Chinnaswamy Stadium,Royal Challengers Bangalore,Kolkata Knight Riders,Royal Challengers Bangalore,field,0.4753086419753086,0.4873096446700508,0.6,0.2,155.04320987654322,160.25888324873097,159.40740740740742,160.34010152284264,6.104938271604938,6.081218274111675,5.783950617283951,5.746192893401015,0.4230769230769231,0.5,0.5,162,197,16.918394176457777,17.73880934486457,115.55417236442514,117.7442185589828,0.5317232193094262,0.4826995129626708,7.965188730531871,8.247583220291565,1,0,Kolkata Knight Riders,0,123,165,9,8,runs,42,0
548317,2012-04-11,2012,Mumbai,Wankhede Stadium,Mumbai Indians,Rajasthan Royals,Rajasthan Royals,field,0.5263157894736842,0.5,0.6,0.6,165.29186602870814,164.11702127659575,161.23444976076556,166.3031914893617,5.9952153110047846,6.132978723404255,6.301435406698564,5.75531914893617,0.5588235294117647,1.0,0.3076923076923077,209,188,14.854038162208164,13.913113943035668,118.63719470063488,108.94319135414447,0.6373404442434293,0.8702838164251208,7.9344030618086,7.002261731419635,0,0,Mumbai Indians,1,197,170,6,10,runs,27,0
548318,2012-04-12,2012,Chennai,"MA Chidambaram Stadium, Chepauk",Chennai Super Kings,Royal Challengers Bangalore,Royal Challengers Bangalore,bat,0.5404040404040404,0.4723926380368098,0.6,0.4,166.0909090909091,154.84662576687117,160.87373737373738,159.44171779141104,5.424242424242424,6.122699386503068,6.075757575757576,5.7975460122699385,0.6818181818181818,0.4,0.8571428571428571,198,163,18.36412940729013,17.902718229139285,126.41712860258504,116.39336341601988,0.5827713521716771,0.4559340622547523,8.856713688562582,7.772392019629692,0,1,Chennai Super Kings,1,208,205,5,8,wickets,0,5
548319,2012-04-12,2012,Chandigarh,"Punjab Cricket Association Stadium, Mohali",Kings XI Punjab,Pune Warriors,Kings XI Punjab,field,0.4553571428571428,0.4,0.4,0.6,159.91071428571428,138.0,161.875,140.2,5.8125,6.533333333333333,5.607142857142857,6.0,0.625,1.0,0.0,112,15,16.11050995628715,16.39181226746351,118.61063984768968,109.992866294157,0.5815319406805053,0.4933933302354354,8.859949655858939,7.396674339753775,1,0,Kings XI Punjab,1,116,115,3,10,wickets,0,7
548320,2012-04-13,2012,Kolkata,Eden Gardens,Kolkata Knight Riders,Rajasthan Royals,Rajasthan Royals,bat,0.4898989898989899,0.4973544973544973,0.2,0.6,160.2828282828283,164.14814814814815,160.15151515151516,166.46560846560843,6.090909090909091,6.1534391534391535,5.762626262626263,5.756613756613756,0.5555555555555556,0.3333333333333333,0.6153846153846154,198,189,18.27845127784229,14.704644179350062,121.75952119860294,99.2493137704901,0.5061304951128512,0.733313264054816,8.191227068450782,7.380386677967919,0,1,Kolkata Knight Riders,1,137,131,5,5,wickets,0,5
548322,2012-04-14,2012,Pune,Subrata Roy Sahara Stadium,Pune Warriors,Chennai Super Kings,Chennai Super Kings,bat,0.375,0.542713567839196,0.4,0.6,136.5625,166.30150753768845,138.6875,161.09547738693468,6.75,5.422110552763819,5.8125,6.085427135678392,1.0,0.5,0.0,16,199,14.627385623924196,19.34515277056257,106.24448281226384,125.54541159619389,0.5321461034977782,0.5459708945017981,7.329299616440297,9.276007627344834,0,1,Pune Warriors,1,156,155,3,5,wickets,0,7
548323,2012-04-15,2012,Kolkata,Eden Gardens,Kolkata Knight Riders,Kings XI Punjab,Kolkata Knight Riders,field,0.4924623115577889,0.4601769911504424,0.4,0.4,160.16582914572865,159.52212389380531,160.00502512562815,161.46017699115043,6.085427135678392,5.787610619469026,5.758793969849246,5.646017699115045,0.5652173913043478,0.3333333333333333,0.6666666666666666,199,113,18.420564673022195,13.368576987231863,126.59943729072116,104.64734065142602,0.5073354230731221,0.6061325014854426,8.250454459412346,8.866976354109907,1,0,Kings XI Punjab,0,132,134,7,9,runs,2,0
548324,2012-04-15,2012,Bangalore,M Chinnaswamy Stadium,Royal Challengers Bangalore,Rajasthan Royals,Rajasthan Royals,bat,0.4695121951219512,0.4947368421052631,0.4,0.6,155.15243902439025,163.97368421052633,159.7378048780488,166.31052631578947,6.134146341463414,6.147368421052631,5.7926829268292686,5.752631578947368,0.4074074074074074,0.5,0.5,164,190,16.368986283177282,14.454561914167405,114.96533649485718,94.3456172446256,0.5175314540531931,0.6352340247393723,7.970990972131047,7.528976451332285,0,1,Rajasthan Royals,0,136,195,10,2,runs,59,0
548325,2012-04-16,2012,Mumbai,Wankhede Stadium,Mumbai Indians,Delhi Daredevils,Delhi Daredevils,field,0.5285714285714286,0.4772727272727273,0.6,0.6,165.44285714285715,153.48863636363637,161.27619047619046,156.6590909090909,5.995238095238095,5.909090909090909,6.319047619047619,6.329545454545454,0.5714285714285714,0.25,0.8,210,88,14.07930481094103,15.768559039777529,112.79181229699488,121.29022571412732,0.5847142599729951,0.582655898375009,7.699443847623084,9.145116289335231,0,0,Delhi Daredevils,0,92,93,10,3,wickets,0,7
548326,2012-04-17,2012,Jaipur,Sawai Mansingh Stadium,Rajasthan Royals,Deccan Chargers,Deccan Chargers,bat,0.4973821989528796,0.3968253968253968,0.6,0.4,164.13612565445027,151.82539682539684,166.15183246073298,154.12698412698413,6.12565445026178,6.698412698412699,5.774869109947644,6.015873015873016,0.6666666666666666,0.0,1.0,191,63,13.706292016528238,16.086250374691467,92.95544804477836,116.15169967527244,0.6429135609586737,0.4696048098281881,7.382439515261894,9.431941771228502,0,1,Rajasthan Royals,1,197,196,5,2,wickets,0,5
548327,2012-04-17,2012,Bangalore,M Chinnaswamy Stadium,Royal Challengers Bangalore,Pune Warriors,Pune Warriors,bat,0.4666666666666667,0.4117647058823529,0.2,0.6,155.03636363636363,137.7058823529412,159.95151515151514,139.64705882352942,6.157575757575757,6.529411764705882,5.7696969696969695,5.764705882352941,0.3928571428571428,0.0,1.0,165,17,17.22181807375045,14.329166263934663,116.0212803516262,104.01677148886728,0.5054925789969317,0.5763494229301384,8.111311942633487,7.460689224934465,0,1,Royal Challengers Bangalore,1,186,182,4,6,wickets,0,6
548328,2012-04-18,2012,Chandigarh,"Punjab Cricket Association Stadium, Mohali",Kings XI Punjab,Kolkata Knight Riders,Kings XI Punjab,bat,0.4649122807017544,0.49,0.4,0.4,159.2982456140351,160.025,161.2017543859649,159.875,5.815789473684211,6.09,5.657894736842105,5.775,0.6470588235294118,0.5,0.5,114,200,15.211185587288533,17.713589470419706,122.94648254185148,122.01766920951262,0.6172284909989828,0.4291359669828971,8.831171482062182,8.194619547644729,1,1,Kolkata Knight Riders,0,124,127,7,2,wickets,0,8
548321,2012-04-19,2012,Delhi,Feroz Shah Kotla,Delhi Daredevils,Deccan Chargers,Deccan Chargers,bat,0.4712643678160919,0.4032258064516129,0.4,0.6,153.39080459770116,151.74193548387098,156.6551724137931,154.0,5.919540229885057,6.67741935483871,6.310344827586207,6.032258064516129,0.4814814814814814,0.6666666666666666,0.25,87,62,15.377419355268987,16.991068113573625,120.73644969632188,116.96058093455922,0.5757440114857824,0.4291033434650456,9.152823147362705,9.39715629459881,0,1,Delhi Daredevils,1,162,157,5,8,wickets,0,5
548330,2012-04-19,2012,Chennai,"MA Chidambaram Stadium, Chepauk",Chennai Super Kings,Pune Warriors,Pune Warriors,field,0.54,0.3888888888888889,0.4,0.6,166.245,140.16666666666666,161.07,142.22222222222223,5.42,6.5,6.07,5.666666666666667,0.6956521739130435,0.0,1.0,200,18,18.169200880040627,16.23601091484052,124.51296729607978,112.1017300306883,0.542235680985681,0.5507508127665948,8.924953376443133,7.557713302195888,0,0,Chennai Super Kings,1,164,151,5,7,runs,13,0
548331,2012-04-20,2012,Chandigarh,"Punjab Cricket Association Stadium, Mohali",Kings XI Punjab,Royal Challengers Bangalore,Royal Challengers Bangalore,field,0.4608695652173913,0.4698795180722891,0.4,0.4,158.9913043478261,155.22289156626505,160.90434782608696,160.0843373493976,5.826086956521739,6.144578313253012,5.626086956521739,5.771084337349397,0.6111111111111112,0.5,0.5,115,166,17.659139243307603,17.13567035849921,131.44116392763155,119.31429457371192,0.4645143972106125,0.52079163900082,9.215907381485506,8.45284058114899,0,0,Royal Challengers Bangalore,0,163,166,6,5,wickets,0,5
548332,2012-04-21,2012,Chennai,"MA Chidambaram Stadium, Chepauk",Chennai Super Kings,Rajasthan Royals,Rajasthan Royals,bat,0.5422885572139303,0.5,0.6,0.6,166.23383084577114,164.30729166666666,161.01990049751242,166.30729166666666,5.417910447761194,6.119791666666667,6.074626865671642,5.755208333333333,0.7083333333333334,0.3333333333333333,0.4666666666666667,201,192,18.22523820870655,14.73408299232163,124.53736845330997,111.92239791532916,0.5414554333215224,0.7707769423558898,8.932962827190499,7.569269236928402,0,1,Chennai Super Kings,1,147,146,3,4,wickets,0,7
548333,2012-04-21,2012,Delhi,Feroz Shah Kotla,Delhi Daredevils,Pune Warriors,Delhi Daredevils,field,0.4888888888888889,0.3684210526315789,0.8,0.4,153.25555555555556,140.73684210526315,156.27777777777777,143.3684210526316,5.822222222222222,6.526315789473684,6.344444444444444,5.631578947368421,0.5,0.5,0.5,90,19,15.566765570523332,15.889167259863028,120.62891843441749,106.45293499138478,0.6174927271183956,0.5088220551378446,8.94766742775435,7.435359136750623,1,0,Pune Warriors,0,172,192,7,3,runs,20,0
548334,2012-04-22,2012,Mumbai,Wankhede Stadium,Mumbai Indians,Kings XI Punjab,Mumbai Indians,bat,0.5260663507109005,0.4568965517241379,0.6,0.4,165.09478672985782,159.02586206896552,160.95260663507108,160.94827586206895,6.014218009478673,5.827586206896552,6.303317535545023,5.620689655172414,0.5555555555555556,0.3333333333333333,0.5714285714285714,211,116,15.376420419021168,16.91041862508009,109.31224305004046,129.77312110742096,0.6058238698144751,0.4148338293650794,8.334167899032142,9.462693045057028,1,1,Kings XI Punjab,0,163,164,6,4,wickets,0,6
548335,2012-04-22,2012,Cuttack,Barabati Stadium,Deccan Chargers,Kolkata Knight Riders,Kolkata Knight Riders,field,0.3846153846153846,0.4925373134328358,0.0,0.6,153.04615384615386,159.86069651741295,155.3846153846154,159.69651741293532,6.584615384615384,6.069651741293533,5.923076923076923,5.781094527363184,1.0,0.5,0.4,65,201,17.76020911731696,17.683267175525966,115.34553959754456,121.89017212590493,0.392198791857733,0.4328408117936085,9.505334115046546,8.165284073401759,0,0,Kolkata Knight Riders,0,126,127,7,5,wickets,0,5
548336,2012-04-23,2012,Jaipur,Sawai Mansingh Stadium,Rajasthan Royals,Royal Challengers Bangalore,Rajasthan Royals,field,0.4974093264248704,0.4730538922155688,0.4,0.4,164.21243523316062,155.2874251497006,166.20725388601036,160.10179640718562,6.108808290155441,6.137724550898204,5.740932642487047,5.772455089820359,0.6764705882352942,0.4,0.3636363636363636,193,167,14.66776704357794,17.2190237371603,114.5822203564235,115.94077376322156,0.7130785107565294,0.4982195178134231,7.720888989168638,8.19793858701433,1,0,Royal Challengers Bangalore,0,143,189,7,3,runs,46,0
548337,2012-04-24,2012,Pune,Subrata Roy Sahara Stadium,Pune Warriors,Delhi Daredevils,Pune Warriors,bat,0.4,0.4835164835164835,0.4,0.8,143.3,153.46153846153845,144.8,156.67032967032966,6.35,5.835164835164835,5.7,6.307692307692308,1.0,0.5,0.0,20,91,15.73214678338359,15.563941153847946,104.85048883475426,120.60238689723346,0.5187868397752119,0.6056101607777343,7.221606524528054,8.985143801720161,1,1,Delhi Daredevils,0,146,148,2,2,wickets,0,8
548339,2012-04-25,2012,Chandigarh,"Punjab Cricket Association Stadium, Mohali",Kings XI Punjab,Mumbai Indians,Kings XI Punjab,bat,0.4615384615384615,0.5235849056603774,0.6,0.4,159.06837606837607,165.08490566037736,160.96581196581195,160.96698113207546,5.811965811965812,6.014150943396227,5.623931623931624,6.29245283018868,0.5789473684210527,0.0,0.5,117,212,16.624675573782124,17.02078014244797,126.94637875279147,115.1604646599678,0.4046511627906977,0.5124516927106353,9.59164669091435,8.347943902440857,1,1,Mumbai Indians,0,168,171,3,6,wickets,0,4
548341,2012-04-26,2012,Pune,Subrata Roy Sahara Stadium,Pune Warriors,Deccan Chargers,Deccan Chargers,bat,0.3809523809523809,0.3787878787878788,0.4,0.0,143.42857142857142,152.63636363636363,144.95238095238096,154.95454545454547,6.142857142857143,6.590909090909091,5.523809523809524,5.909090909090909,0.6666666666666666,0.5,0.0,21,66,15.142441230539635,15.797464995855762,102.72385282760104,112.74870591700788,0.5693733232503286,0.4067566381391265,7.4067338965072755,9.310728872789404,0,1,Deccan Chargers,0,159,177,7,4,runs,18,0
548342,2012-04-27,2012,Delhi,Feroz Shah Kotla,Delhi Daredevils,Mumbai Indians,Mumbai Indians,field,0.4891304347826087,0.5258215962441315,0.8,0.6,153.40217391304347,165.11267605633802,156.55434782608697,161.0,5.793478260869565,6.014084507042254,6.260869565217392,6.276995305164319,0.4827586206896552,0.75,0.5714285714285714,92,213,15.701009106860171,17.299112058599334,120.77683468254388,137.87827161788732,0.5732543882855823,0.4775883206065074,9.15190944725578,7.384231543335476,0,0,Delhi Daredevils,1,207,170,5,9,runs,37,0
548343,2012-04-28,2012,Chennai,"MA Chidambaram Stadium, Chepauk",Chennai Super Kings,Kings XI Punjab,Kings XI Punjab,bat,0.5445544554455446,0.4576271186440678,0.6,0.4,166.13861386138615,159.14406779661016,160.94554455445544,161.05084745762713,5.405940594059406,5.788135593220339,6.064356435643564,5.627118644067797,0.72,0.0,0.8333333333333334,202,118,19.206150173082627,16.893307884680638,129.6559357816817,127.2234038604906,0.4999364226248864,0.4205222473604826,9.099531380672754,9.172847516642108,0,1,Kings XI Punjab,0,149,156,8,8,runs,7,0
548344,2012-04-28,2012,Kolkata,Eden Gardens,Kolkata Knight Riders,Royal Challengers Bangalore,Kolkata Knight Riders,bat,0.495049504950495,0.4761904761904761,0.8,0.6,159.6980198019802,155.48809523809524,159.52970297029702,160.0,6.064356435643564,6.119047619047619,5.787128712871287,5.779761904761905,0.5531914893617021,0.3333333333333333,0.625,202,168,16.873287121807923,17.326158983114553,124.51216056400918,116.05181809325497,0.4780477751100239,0.5314474173169825,8.021966967694164,8.130331545185646,1,1,Kolkata Knight Riders,1,190,143,4,6,runs,47,0
548345,2012-04-29,2012,Delhi,Feroz Shah Kotla,Delhi Daredevils,Rajasthan Royals,Delhi Daredevils,bat,0.4946236559139785,0.4948453608247423,0.8,0.4,153.9784946236559,164.10309278350516,156.6989247311828,166.32474226804123,5.78494623655914,6.11340206185567,6.290322580645161,5.72680412371134,0.5,0.0,0.6666666666666666,93,194,15.778105544115148,14.207476076555023,121.14843919197848,109.2278263542833,0.5782037606200287,0.718687213902525,9.146616280739858,7.683325529499913,1,1,Delhi Daredevils,1,152,151,6,3,runs,1,0
548346,2012-04-29,2012,Mumbai,Wankhede Stadium,Mumbai Indians,Deccan Chargers,Mumbai Indians,field,0.5233644859813084,0.3880597014925373,0.4,0.2,165.1355140186916,153.0,161.21495327102804,155.01492537313433,6.02803738317757,6.552238805970149,6.271028037383178,5.925373134328358,0.5405405405405406,1.0,0.3333333333333333,214,67,15.74285036256573,16.126393584825955,125.18322086204856,110.41628370078664,0.6535190508510667,0.4602453102453102,8.245467913661159,10.739404511532776,1,0,Mumbai Indians,1,101,100,5,10,wickets,0,5
548347,2012-04-30,2012,Chennai,"MA Chidambaram Stadium, Chepauk",Chennai Super Kings,Kolkata Knight Riders,Chennai Super Kings,bat,0.541871921182266,0.4975369458128079,0.6,0.8,166.05418719211823,159.84729064039408,160.92118226600985,159.44827586206895,5.41871921182266,6.054187192118227,6.073891625615763,5.788177339901478,0.6923076923076923,0.0,0.5833333333333334,203,203,19.107967764565057,16.946375592828986,122.85535026068382,124.66318433930527,0.5779795844932031,0.4810469523858665,9.104851269695178,8.020749254424821,1,1,Kolkata Knight Riders,0,139,140,5,5,wickets,0,5
548348,2012-05-01,2012,Cuttack,Barabati Stadium,Deccan Chargers,Pune Warriors,Deccan Chargers,bat,0.3823529411764705,0.3636363636363636,0.2,0.2,152.22058823529412,144.13636363636363,154.22058823529412,146.4090909090909,6.602941176470588,6.181818181818182,5.911764705882353,5.454545454545454,0.6666666666666666,0.5,0.0,68,22,15.315770847770846,15.417096188668932,105.50443133360844,105.86591622468228,0.5378859180035651,0.5256259614058025,8.902759066153628,7.518463169262312,1,1,Deccan Chargers,1,186,173,4,5,runs,13,0
548349,2012-05-01,2012,Jaipur,Sawai Mansingh Stadium,Rajasthan Royals,Delhi Daredevils,Rajasthan Royals,bat,0.4923076923076923,0.5,0.4,0.8,164.03589743589745,153.95744680851064,166.25128205128206,156.63829787234042,6.097435897435897,5.787234042553192,5.728205128205128,6.25531914893617,0.6571428571428571,0.0,0.75,195,94,15.844142562932308,15.644805886612607,103.61030618129044,120.61453165890173,0.6218355806872553,0.5968499996209192,7.631932070781641,8.95516843132858,1,1,Delhi Daredevils,0,141,144,6,4,wickets,0,6
548350,2012-05-02,2012,Bangalore,M Chinnaswamy Stadium,Royal Challengers Bangalore,Kings XI Punjab,Kings XI Punjab,field,0.4733727810650887,0.4621848739495798,0.6,0.4,155.41420118343194,159.11764705882354,160.17751479289942,160.94957983193277,6.118343195266272,5.80672268907563,5.769230769230769,5.647058823529412,0.4137931034482758,0.5,0.5,169,119,16.63520728456953,16.127864477570363,124.94603001618206,121.34778900217913,0.4727759585259065,0.5049805512192672,8.251685869571638,9.035075372702838,0,0,Kings XI Punjab,0,158,163,5,6,wickets,0,4
548351,2012-05-03,2012,Pune,Subrata Roy Sahara Stadium,Pune Warriors,Mumbai Indians,Mumbai Indians,bat,0.3478260869565217,0.5255813953488372,0.2,0.4,145.3913043478261,164.8372093023256,148.1304347826087,160.93023255813952,6.130434782608695,6.023255813953488,5.391304347826087,6.288372093023256,0.5,0.5,0.0,23,215,16.321331614513433,14.57961473351758,105.50228728172834,112.48735222479785,0.5319177778593581,0.6550101888443388,7.606708407195986,8.192122095993799,0,1,Mumbai Indians,0,119,120,6,9,runs,1,0
548352,2012-05-04,2012,Chennai,"MA Chidambaram Stadium, Chepauk",Chennai Super Kings,Deccan Chargers,Chennai Super Kings,bat,0.5392156862745098,0.391304347826087,0.4,0.4,165.92156862745097,152.71014492753622,160.8186274509804,154.4927536231884,5.416666666666667,6.565217391304348,6.068627450980392,5.898550724637682,0.6666666666666666,0.6666666666666666,0.5,204,69,19.69032808255509,14.301362804738888,129.6914300153948,105.79913976939328,0.4982162732075973,0.5366040450198866,9.091189784003411,9.223091766367618,1,1,Chennai Super Kings,1,160,150,6,5,runs,10,0
548353,2012-05-05,2012,Kolkata,Eden Gardens,Kolkata Knight Riders,Pune Warriors,Kolkata Knight Riders,bat,0.5,0.3333333333333333,0.8,0.2,159.75,144.29166666666666,159.34803921568627,146.95833333333334,6.049019607843137,6.125,5.784313725490196,5.541666666666667,0.5625,0.5,0.5,204,24,17.947126031862872,16.82482863133038,125.0741011569061,107.20163108317368,0.4606265004398887,0.4263163782465415,8.08976118976266,7.38902907290346,1,1,Kolkata Knight Riders,1,150,143,5,8,runs,7,0
548354,2012-05-05,2012,Chandigarh,"Punjab Cricket Association Stadium, Mohali",Kings XI Punjab,Rajasthan Royals,Rajasthan Royals,bat,0.4666666666666667,0.4897959183673469,0.6,0.2,159.15,163.91836734693877,160.925,166.1377551020408,5.808333333333334,6.096938775510204,5.641666666666667,5.719387755102041,0.55,0.3333333333333333,0.5555555555555556,120,196,17.462745522451407,15.520126306273296,122.82512409490536,113.4976743595564,0.5337130634705262,0.6452375024356448,8.946017604266137,7.803597863534327,0,1,Rajasthan Royals,0,134,177,8,6,runs,43,0
548355,2012-05-06,2012,Mumbai,Wankhede Stadium,Mumbai Indians,Chennai Super Kings,Mumbai Indians,field,0.5277777777777778,0.5414634146341464,0.6,0.6,164.62962962962962,165.89268292682928,160.73611111111111,160.7658536585366,6.037037037037037,5.419512195121952,6.287037037037037,6.0634146341463415,0.5526315789473685,0.625,0.4166666666666667,216,205,15.97983462927699,19.62529099401184,119.40989184696,129.70051159810365,0.65650704421397,0.4952544712701678,8.254929402684203,9.083822830281427,1,0,Mumbai Indians,1,174,173,8,8,wickets,0,2
548356,2012-05-06,2012,Bangalore,M Chinnaswamy Stadium,Royal Challengers Bangalore,Deccan Chargers,Royal Challengers Bangalore,field,0.4705882352941176,0.3857142857142857,0.6,0.4,155.4294117647059,152.67142857142858,160.19411764705882,154.57142857142858,6.1117647058823525,6.542857142857143,5.770588235294118,5.9,0.4,0.5,0.5,170,70,15.448079718402091,15.279085924884097,126.16014199871724,99.90806594473904,0.4668088992693736,0.5503247420561517,8.52809005851163,9.672093065446054,1,0,Royal Challengers Bangalore,1,185,181,5,2,wickets,0,5
548357,2012-05-07,2012,Delhi,Feroz Shah Kotla,Delhi Daredevils,Kolkata Knight Riders,Delhi Daredevils,bat,0.5052631578947369,0.5024390243902439,0.8,1.0,153.85263157894738,159.70243902439023,156.47368421052633,159.26829268292684,5.768421052631579,6.04390243902439,6.252631578947368,5.795121951219512,0.5161290322580645,0.6666666666666666,0.6666666666666666,95,205,15.314642116606562,16.639113884187562,111.35577101196952,120.71309393872508,0.5260366826156301,0.4946593261810653,9.599450366807078,8.234054498312805,1,1,Kolkata Knight Riders,0,153,154,9,4,wickets,0,6
548358,2012-05-08,2012,Pune,Subrata Roy Sahara Stadium,Pune Warriors,Rajasthan Royals,Pune Warriors,bat,0.32,0.4923857868020304,0.0,0.2,144.24,163.98477157360406,147.08,165.9746192893401,6.2,6.096446700507614,5.52,5.730964467005077,0.4,0.5,0.5,25,197,15.284649406149407,15.75755315616484,108.19722816468406,115.2947638463452,0.4944180042304342,0.5717131401093665,7.515977089877902,7.7383812030715635,1,1,Rajasthan Royals,0,125,126,6,3,wickets,0,7
548359,2012-05-08,2012,Hyderabad,"Rajiv Gandhi International Stadium, Uppal",Deccan Chargers,Kings XI Punjab,Deccan Chargers,field,0.380281690140845,0.4628099173553719,0.4,0.6,153.07042253521126,158.94214876033058,155.0,161.05785123966942,6.47887323943662,5.826446280991736,5.887323943661972,5.644628099173554,0.0666666666666666,0.6666666666666666,0.2,71,121,16.042270583190394,16.563624383647653,97.45714416390896,122.12156921375367,0.4718065187239945,0.4895117696201287,9.908088343355526,9.146449266489087,1,0,Kings XI Punjab,0,145,170,8,5,runs,25,0
548360,2012-05-09,2012,Mumbai,Wankhede Stadium,Mumbai Indians,Royal Challengers Bangalore,Royal Challengers Bangalore,field,0.5299539170506913,0.4736842105263157,0.8,0.6,164.67281105990784,155.60233918128654,160.7926267281106,160.31578947368422,6.046082949308755,6.105263157894737,6.2949308755760365,5.748538011695906,0.5641025641025641,0.2,0.375,217,171,16.556858596115266,17.380191029746275,116.21074970263356,121.3632292568704,0.6325745376115551,0.5393005180286864,8.293030498434458,8.312754670406273,0,0,Royal Challengers Bangalore,0,141,142,6,1,wickets,0,9
548361,2012-05-10,2012,Jaipur,Sawai Mansingh Stadium,Rajasthan Royals,Chennai Super Kings,Chennai Super Kings,field,0.494949494949495,0.5388349514563107,0.4,0.4,163.7929292929293,165.9271844660194,165.76767676767676,160.83009708737865,6.08080808080808,5.432038834951456,5.732323232323233,6.072815533980583,0.6388888888888888,0.5,0.6666666666666666,198,206,15.361829306078064,18.33823949696337,109.12757357954224,123.14069387167996,0.6454213156378878,0.531178299358216,7.792250363930653,8.140074880987145,0,0,Chennai Super Kings,0,126,127,6,6,wickets,0,4
548329,2012-05-10,2012,Hyderabad,"Rajiv Gandhi International Stadium, Uppal",Deccan Chargers,Delhi Daredevils,Deccan Chargers,bat,0.390625,0.4831460674157303,0.2,0.8,152.515625,152.80898876404495,154.796875,155.93258426966293,6.625,5.876404494382022,6.0,6.370786516853933,0.0714285714285714,0.6666666666666666,0.2,64,89,17.691842882820325,16.796168561373438,123.3626397312995,117.0105630558488,0.3574926900584795,0.5855238789730768,9.202152826379535,9.482970637306604,1,1,Delhi Daredevils,0,187,193,4,1,wickets,0,9
548362,2012-05-11,2012,Pune,Subrata Roy Sahara Stadium,Pune Warriors,Royal Challengers Bangalore,Pune Warriors,field,0.3076923076923077,0.4767441860465116,0.0,0.6,143.5,155.52325581395348,146.26923076923077,160.20348837209303,6.1923076923076925,6.075581395348837,5.423076923076923,5.75,0.3333333333333333,0.5,0.5,26,172,17.1785156641604,16.906067404959288,117.65875952217066,112.47212511611538,0.4100709574113829,0.5325199975325883,8.753586361833795,8.194514779868939,1,0,Royal Challengers Bangalore,0,138,173,9,3,runs,35,0
548363,2012-05-12,2012,Kolkata,Eden Gardens,Kolkata Knight Riders,Mumbai Indians,Mumbai Indians,bat,0.5048543689320388,0.5275229357798165,1.0,0.6,159.6747572815534,164.56422018348624,159.2378640776699,160.70642201834863,6.033980582524272,6.045871559633028,5.810679611650485,6.270642201834862,0.5714285714285714,0.6666666666666666,0.3333333333333333,206,218,17.072789274137623,16.81329104943782,124.33890103546352,118.63551189502728,0.4921837191885072,0.5774988367956057,8.11333726890208,8.157554114710123,0,1,Mumbai Indians,0,155,182,4,1,runs,27,0
548364,2012-05-12,2012,Chennai,"MA Chidambaram Stadium, Chepauk",Chennai Super Kings,Delhi Daredevils,Chennai Super Kings,field,0.5410628019323671,0.5,0.4,0.8,165.7391304347826,153.84375,160.66183574879227,156.44791666666666,5.434782608695652,5.802083333333333,6.072463768115942,6.229166666666667,0.6785714285714286,0.6666666666666666,0.5,207,96,18.620869302878397,16.104175760950252,128.3584551000783,116.48242947855634,0.4910647312899495,0.5897444257069927,7.9401164187717725,9.19654448092884,1,0,Chennai Super Kings,1,115,114,1,5,wickets,0,9
548365,2012-05-13,2012,Jaipur,Sawai Mansingh Stadium,Rajasthan Royals,Pune Warriors,Rajasthan Royals,bat,0.4924623115577889,0.2962962962962963,0.4,0.0,163.60301507537687,143.2962962962963,165.57286432160805,147.25925925925927,6.080402010050252,6.296296296296297,5.733668341708543,5.333333333333333,0.6216216216216216,0.0,1.0,199,27,17.619822921061324,16.227700992072013,113.43684697769122,111.0794566521764,0.6425861817347887,0.491342465133672,7.550604062608407,8.692429380398853,1,1,Rajasthan Royals,1,170,125,4,9,runs,45,0
548366,2012-05-13,2012,Chandigarh,"Punjab Cricket Association Stadium, Mohali",Kings XI Punjab,Deccan Chargers,Deccan Chargers,bat,0.4672131147540984,0.375,0.6,0.2,159.0327868852459,152.95833333333334,160.9262295081967,155.20833333333334,5.819672131147541,6.5,5.663934426229508,5.875,0.5238095238095238,0.0,0.3333333333333333,122,72,16.159017214514712,16.85735272444459,118.96536705588164,122.99833691745444,0.5638030203515318,0.4615942028985507,9.192278394615068,9.07857271566525,0,1,Kings XI Punjab,1,194,190,6,4,wickets,0,4
548367,2012-05-14,2012,Bangalore,M Chinnaswamy Stadium,Royal Challengers Bangalore,Mumbai Indians,Mumbai Indians,field,0.4797687861271676,0.5296803652968036,0.6,0.8,155.6242774566474,164.64383561643837,160.07514450867052,160.68036529680364,6.057803468208093,6.0228310502283104,5.76878612716763,6.260273972602739,0.4193548387096774,1.0,0.3076923076923077,173,219,16.99355059554066,17.01248040094232,112.52042161820768,122.10258527788297,0.5405261654189415,0.5781660168756942,8.181245708299617,8.219778224784815,0,0,Mumbai Indians,0,171,173,6,5,wickets,0,5
548368,2012-05-14,2012,Kolkata,Eden Gardens,Kolkata Knight Riders,Chennai Super Kings,Chennai Super Kings,field,0.5024154589371981,0.5432692307692307,0.8,0.6,159.65217391304347,165.49519230769232,159.34782608695653,160.4375,6.024154589371981,5.413461538461538,5.78743961352657,6.0673076923076925,0.56,0.6,0.1818181818181818,207,208,17.7157873892348,20.69213009952005,122.49015633808058,127.3969201815548,0.4816908804392508,0.3894565963198581,8.32880907723461,9.174975059052938,0,0,Chennai Super Kings,0,158,160,6,5,wickets,0,5
548369,2012-05-15,2012,Delhi,Feroz Shah Kotla,Delhi Daredevils,Kings XI Punjab,Kings XI Punjab,bat,0.4948453608247423,0.4715447154471545,0.6,0.8,153.43298969072166,159.3170731707317,156.02061855670104,161.16260162601623,5.793814432989691,5.821138211382114,6.175257731958763,5.650406504065041,0.5,0.5,0.4285714285714285,97,123,16.58761268013096,17.63401965133845,117.58388766367852,129.71308026160767,0.5482347470828975,0.4314895330112721,9.262587744542534,9.095605102559723,0,1,Delhi Daredevils,1,140,136,5,8,wickets,0,5
548370,2012-05-16,2012,Mumbai,Wankhede Stadium,Mumbai Indians,Kolkata Knight Riders,Mumbai Indians,field,0.5318181818181819,0.5,0.8,0.6,164.6818181818182,159.64423076923077,160.72727272727272,159.35096153846155,6.0181818181818185,6.024038461538462,6.259090909090909,5.783653846153846,0.55,0.0,0.75,220,208,16.914859569903914,16.36296343569159,122.07215506735788,119.56270561456527,0.5749060959104352,0.5371249061184126,8.208775849456051,8.005422375330522,1,0,Kolkata Knight Riders,0,108,140,10,7,runs,32,0
548371,2012-05-17,2012,Dharamsala,Himachal Pradesh Cricket Association Stadium,Kings XI Punjab,Chennai Super Kings,Kings XI Punjab,field,0.4677419354838709,0.5454545454545454,0.6,0.8,159.1290322580645,165.4688995215311,160.99193548387098,160.42583732057415,5.838709677419355,5.411483253588517,5.645161290322581,6.066985645933015,0.4,1.0,0.2857142857142857,124,209,13.895941767905963,18.403983072765797,115.588802867272,124.05562963586722,0.6406044182504415,0.5305431413878867,9.14082205801498,8.071133567112774,1,0,Kings XI Punjab,1,123,120,4,7,wickets,0,6
548372,2012-05-17,2012,Delhi,Feroz Shah Kotla,Delhi Daredevils,Royal Challengers Bangalore,Delhi Daredevils,field,0.5,0.4770114942528735,0.6,0.6,153.29591836734693,155.71264367816093,155.81632653061226,160.1494252873563,5.785714285714286,6.057471264367816,6.1938775510204085,5.764367816091954,0.5151515151515151,0.5,0.3333333333333333,98,174,15.5421183034154,17.019422085155945,109.1076016271963,116.88506872376428,0.4947050534423313,0.546247924110979,9.479587159397877,8.402746344431065,1,0,Royal Challengers Bangalore,0,194,215,9,1,runs,21,0
548373,2012-05-18,2012,Hyderabad,"Rajiv Gandhi International Stadium, Uppal",Deccan Chargers,Rajasthan Royals,Rajasthan Royals,bat,0.3698630136986301,0.495,0.2,0.6,153.46575342465752,163.635,155.73972602739727,165.37,6.465753424657534,6.07,5.876712328767123,5.75,0.0625,1.0,0.2,73,200,16.547928579764267,17.643367913056696,113.44552968257064,115.01903256374912,0.5745119175949216,0.5543575506618985,9.086716969374953,7.451810036406526,0,1,Deccan Chargers,1,128,126,5,8,wickets,0,5
548374,2012-05-19,2012,Dharamsala,Himachal Pradesh Cricket Association Stadium,Kings XI Punjab,Delhi Daredevils,Delhi Daredevils,field,0.472,0.494949494949495,0.6,0.4,158.84,153.7070707070707,160.664,156.41414141414143,5.824,5.818181818181818,5.656,6.141414141414141,0.5,0.0,0.8,125,99,14.710043724421494,14.804110814053502,117.4822027040717,114.79597833770612,0.7151941971616822,0.591629591373422,8.951879156906848,8.988600168408794,0,0,Delhi Daredevils,0,141,145,8,4,wickets,0,6
548375,2012-05-19,2012,Pune,Subrata Roy Sahara Stadium,Pune Warriors,Kolkata Knight Riders,Kolkata Knight Riders,bat,0.2857142857142857,0.5023923444976076,0.0,0.6,142.64285714285714,159.55023923444975,148.07142857142858,159.10526315789474,6.392857142857143,6.028708133971292,5.285714285714286,5.803827751196172,0.2857142857142857,0.5,0.0,28,209,13.982293632293633,16.260348988628948,100.6268179770654,119.56365931795388,0.4815785224876133,0.5436840574253465,7.526907806013577,7.97549444562982,0,1,Kolkata Knight Riders,0,102,136,8,4,runs,34,0
548376,2012-05-20,2012,Hyderabad,"Rajiv Gandhi International Stadium, Uppal",Deccan Chargers,Royal Challengers Bangalore,Royal Challengers Bangalore,field,0.3783783783783784,0.48,0.2,0.8,153.1216216216216,156.05142857142857,155.33783783783784,160.34285714285716,6.445945945945946,6.0285714285714285,5.905405405405405,5.782857142857143,0.1176470588235294,0.3333333333333333,0.6666666666666666,74,175,16.720150122610026,17.10118120871186,109.52544896982054,117.0625207209671,0.5738224964085119,0.5762832926412229,9.027222035627656,8.436055124082351,0,0,Deccan Chargers,1,132,123,7,9,runs,9,0
548377,2012-05-20,2012,Jaipur,Sawai Mansingh Stadium,Rajasthan Royals,Mumbai Indians,Rajasthan Royals,bat,0.4925373134328358,0.5294117647058824,0.6,0.6,163.44776119402985,164.42533936651583,165.18407960199005,160.63348416289594,6.079601990049751,6.036199095022624,5.746268656716418,6.262443438914027,0.631578947368421,0.2,0.5,201,221,14.2560889245601,16.42982921066351,103.20694231461644,118.2986178666058,0.6939172798305925,0.5854212122013979,7.208043047749892,8.413770333388955,1,1,Mumbai Indians,0,162,163,6,0,wickets,0,10
548378,2012-05-22,2012,Pune,Subrata Roy Sahara Stadium,Delhi Daredevils,Kolkata Knight Riders,Kolkata Knight Riders,bat,0.5,0.5047619047619047,0.4,0.6,153.62,159.43809523809523,156.26,158.83333333333334,5.8,6.019047619047619,6.16,5.814285714285714,1.0,1.0,0.5714285714285714,100,210,16.538950810785604,15.59610789242643,117.63568022336136,119.97902535249348,0.544289801107983,0.5898623395852459,9.272937566226377,7.656631664143259,0,1,Kolkata Knight Riders,0,144,162,8,4,runs,18,0
548379,2012-05-23,2012,Bangalore,M Chinnaswamy Stadium,Chennai Super Kings,Mumbai Indians,Mumbai Indians,field,0.5428571428571428,0.5315315315315315,0.6,0.6,165.25238095238095,164.4189189189189,160.24761904761905,160.63963963963965,5.419047619047619,6.009009009009009,6.057142857142857,6.261261261261262,0.3333333333333333,1.0,0.4375,210,222,19.448290038027263,16.673338513127206,127.60144829895542,118.3199242167834,0.4890728142991068,0.5815358883540701,7.905525780782856,8.388903353109825,0,0,Chennai Super Kings,1,187,149,5,9,runs,38,0
548380,2012-05-25,2012,Chennai,"MA Chidambaram Stadium, Chepauk",Delhi Daredevils,Chennai Super Kings,Delhi Daredevils,field,0.495049504950495,0.5450236966824644,0.4,0.8,153.52475247524754,165.35545023696682,156.31683168316832,160.19431279620852,5.821782178217822,5.417061611374408,6.138613861386139,6.071090047393365,0.5,0.6896551724137931,0.5,101,211,18.327843887602803,19.51329316685364,122.44732868554745,127.81621968198024,0.4811283588974743,0.4920546875166736,9.774782881981285,7.890061785846942,1,0,Chennai Super Kings,0,136,222,10,5,runs,86,0
548381,2012-05-27,2012,Chennai,"MA Chidambaram Stadium, Chepauk",Kolkata Knight Riders,Chennai Super Kings,Chennai Super Kings,bat,0.5071090047393365,0.5471698113207547,0.6,0.8,159.45023696682463,165.62264150943398,158.76303317535545,160.08018867924528,6.009478672985782,5.415094339622642,5.8246445497630335,6.089622641509434,0.25,0.7,0.1666666666666666,211,212,15.93667694108474,19.629772672362854,122.52205047151423,128.33028566524976,0.5749482301269121,0.4957240271587562,7.964619095002941,7.900135540315898,0,1,Kolkata Knight Riders,1,192,190,5,3,wickets,0,5
597998,2013-04-03,2013,Kolkata,Eden Gardens,Kolkata Knight Riders,Delhi Daredevils,Kolkata Knight Riders,field,0.5094339622641509,0.4901960784313725,0.8,0.4,159.60377358490567,153.35294117647058,158.91037735849056,156.9607843137255,6.004716981132075,5.862745098039215,5.811320754716981,6.127450980392157,0.5490196078431373,0.2,0.8,212,102,16.450255961006533,15.19991238242649,121.6745175242956,111.99138801810368,0.5019693293719267,0.5568567606674787,8.223614373109182,8.793923374161919,1,0,Kolkata Knight Riders,1,129,128,4,10,wickets,0,6
597999,2013-04-04,2013,Bangalore,M Chinnaswamy Stadium,Royal Challengers Bangalore,Mumbai Indians,Mumbai Indians,field,0.4772727272727273,0.5291479820627802,0.6,0.6,155.86363636363637,164.34977578475338,160.1818181818182,160.7578475336323,6.045454545454546,6.022421524663677,5.789772727272728,6.255605381165919,0.40625,0.8571428571428571,0.2857142857142857,176,223,16.329711363384856,14.969782161316909,116.36550946399274,118.5694278897594,0.4725477014724902,0.5583061921123529,8.186662124630493,8.313192720655294,0,0,Royal Challengers Bangalore,1,156,154,5,5,runs,2,0
598000,2013-04-05,2013,Hyderabad,"Rajiv Gandhi International Stadium, Uppal",Sunrisers Hyderabad,Pune Warriors,Pune Warriors,field,0.4758620689655172,0.2758620689655172,0.6,0.0,171.28275862068966,141.24137931034485,170.13103448275862,147.6551724137931,5.931034482758621,6.448275862068965,6.0137931034482754,5.241379310344827,0.8571428571428571,1.0,0.5,145,29,12.68266306115499,16.37233264723686,102.12680146140002,113.73815325607488,0.461810836855742,0.5867290921638748,9.153255354906994,8.479410012393114,0,0,Sunrisers Hyderabad,1,126,104,6,10,runs,22,0
598001,2013-04-06,2013,Delhi,Feroz Shah Kotla,Delhi Daredevils,Rajasthan Royals,Rajasthan Royals,bat,0.4854368932038835,0.4900990099009901,0.2,0.4,153.10679611650485,163.44059405940595,156.6893203883495,165.17326732673268,5.902912621359223,6.079207920792079,6.106796116504855,5.717821782178218,0.5,0.0,0.7142857142857143,103,202,14.297440012939626,13.74839476143824,109.34171224305295,111.90536603972744,0.5064352639251138,0.8174285382089375,8.771204220433487,7.66388817944739,0,1,Rajasthan Royals,0,160,165,6,7,runs,5,0
598002,2013-04-06,2013,Chennai,"MA Chidambaram Stadium, Chepauk",Chennai Super Kings,Mumbai Indians,Mumbai Indians,bat,0.5446009389671361,0.5267857142857143,0.6,0.4,165.73708920187792,164.30357142857142,160.2300469483568,160.73660714285714,5.403755868544601,6.017857142857143,6.084507042253521,6.25,0.6774193548387096,0.25,0.4705882352941176,213,224,16.649232478350754,16.205054750392904,105.50907241452856,117.9641711222835,0.5631867607773712,0.5157683788879823,8.321556195461438,8.264356659020478,0,1,Mumbai Indians,0,139,148,9,6,runs,9,0
598003,2013-04-07,2013,Pune,Subrata Roy Sahara Stadium,Pune Warriors,Kings XI Punjab,Pune Warriors,bat,0.2666666666666666,0.4682539682539682,0.0,0.6,140.0,158.6984126984127,146.93333333333334,160.53968253968253,6.566666666666666,5.841269841269841,5.266666666666667,5.642857142857143,0.25,0.0,1.0,30,126,15.898270669311986,14.53226686859304,112.07890354233776,117.68148411465444,0.5816264496523601,0.5785160849370192,8.546294375749095,8.931058477681955,1,1,Kings XI Punjab,0,99,100,9,2,wickets,0,8
598005,2013-04-08,2013,Jaipur,Sawai Mansingh Stadium,Rajasthan Royals,Kolkata Knight Riders,Kolkata Knight Riders,field,0.4926108374384236,0.5117370892018779,0.4,1.0,163.44827586206895,159.4600938967136,165.14778325123152,158.76525821596243,6.083743842364532,5.995305164319249,5.719211822660099,5.830985915492958,0.6153846153846154,0.6,0.3636363636363636,203,213,13.107870956284954,16.438816559748286,112.60350828089854,125.03594352496974,0.7734313956437062,0.5218540471170973,7.969011144816857,8.300314780566701,0,0,Rajasthan Royals,1,144,125,6,10,runs,19,0
598048,2013-04-09,2013,Bangalore,M Chinnaswamy Stadium,Royal Challengers Bangalore,Sunrisers Hyderabad,Sunrisers Hyderabad,bat,0.4810810810810811,0.487012987012987,0.4,0.6,156.56756756756758,168.62987012987014,160.15675675675675,167.61688311688312,5.978378378378379,5.941558441558442,5.848648648648648,6.064935064935065,0.4594594594594595,0.0,0.5714285714285714,185,154,16.143225223973886,13.657436625020608,116.6132077029652,109.29323116996947,0.5349218436362363,0.4578075231232419,8.242333242744207,8.627598302732654,0,1,Royal Challengers Bangalore,1,162,161,3,6,wickets,0,7
598006,2013-04-09,2013,Mumbai,Wankhede Stadium,Mumbai Indians,Delhi Daredevils,Mumbai Indians,bat,0.5288888888888889,0.4807692307692308,0.4,0.2,164.23111111111112,153.17307692307693,160.64,156.76923076923077,6.017777777777778,5.903846153846154,6.262222222222222,6.115384615384615,0.5365853658536586,0.4,0.6666666666666666,225,104,15.257786572026896,12.82409224711991,114.9219469426128,104.93592270686264,0.5609096656527487,0.5015220861846046,8.23041482291436,8.63666311546866,1,1,Mumbai Indians,1,209,165,5,9,runs,44,0
598007,2013-04-10,2013,Chandigarh,"Punjab Cricket Association Stadium, Mohali",Kings XI Punjab,Chennai Super Kings,Chennai Super Kings,field,0.4724409448818897,0.5420560747663551,0.6,0.4,158.23622047244095,165.61214953271028,160.0551181102362,160.1728971962617,5.811023622047244,5.420560747663552,5.669291338582677,6.08411214953271,0.5454545454545454,0.5,0.375,127,214,14.622307764793277,17.51446431079921,117.79573404267116,115.79653091271815,0.5817884397021088,0.5648395340801106,8.838750423828737,8.09717538957734,0,0,Chennai Super Kings,0,138,139,10,0,wickets,0,10
598008,2013-04-11,2013,Bangalore,M Chinnaswamy Stadium,Royal Challengers Bangalore,Kolkata Knight Riders,Royal Challengers Bangalore,field,0.480225988700565,0.5093457943925234,0.6,0.8,155.864406779661,159.29906542056074,160.14689265536722,158.69626168224298,6.03954802259887,6.014018691588785,5.785310734463277,5.831775700934579,0.4242424242424242,0.5714285714285714,0.4666666666666667,177,214,19.00566316672011,15.983745717791988,117.52853581072196,112.5083345377073,0.4682391741053471,0.5333078433547693,8.387577974381049,8.341705052721085,1,0,Royal Challengers Bangalore,1,158,154,2,8,wickets,0,8
598009,2013-04-11,2013,Pune,Subrata Roy Sahara Stadium,Pune Warriors,Rajasthan Royals,Rajasthan Royals,bat,0.2580645161290322,0.4950980392156863,0.0,0.6,138.67741935483872,163.35294117647058,145.4193548387097,164.95098039215685,6.645161290322581,6.083333333333333,5.161290322580645,5.740196078431373,0.2222222222222222,1.0,0.0,31,204,15.99052000397578,12.22152628750912,115.28953197636925,123.25079899775284,0.5552160602258559,0.710047116626064,8.171308277784673,7.95018043739984,0,1,Pune Warriors,1,148,145,3,5,wickets,0,7
598010,2013-04-12,2013,Delhi,Feroz Shah Kotla,Delhi Daredevils,Sunrisers Hyderabad,Delhi Daredevils,bat,0.4761904761904761,0.4794520547945205,0.0,0.6,153.28571428571428,170.97260273972603,157.26666666666668,169.67808219178082,5.933333333333334,5.931506849315069,6.104761904761904,6.041095890410959,0.4857142857142857,0.0,0.3333333333333333,105,146,15.72296712053347,13.301426167420384,112.07736660979448,106.14887091864684,0.5644097740582942,0.481257982120051,8.804508804359605,8.78840645422405,1,1,Sunrisers Hyderabad,0,114,115,8,7,wickets,0,3
598012,2013-04-13,2013,Chennai,"MA Chidambaram Stadium, Chepauk",Chennai Super Kings,Royal Challengers Bangalore,Chennai Super Kings,field,0.5441860465116279,0.4831460674157303,0.6,0.6,165.48837209302326,155.87640449438203,160.06976744186048,160.1123595505618,5.395348837209302,6.01685393258427,6.102325581395349,5.797752808988764,0.65625,0.3333333333333333,0.875,215,178,17.71722091453313,16.415032289448366,117.06194214275888,120.0589330266827,0.5944433878451474,0.4865055063792647,8.090835844959802,8.321738058040266,1,0,Chennai Super Kings,1,166,165,6,6,wickets,0,4
598011,2013-04-13,2013,Mumbai,Wankhede Stadium,Mumbai Indians,Pune Warriors,Mumbai Indians,bat,0.5309734513274337,0.28125,0.6,0.2,164.42920353982302,138.96875,160.65929203539824,145.40625,6.013274336283186,6.53125,6.274336283185841,5.15625,0.5476190476190477,0.5,0.5,226,32,15.09449258951176,16.02172945582419,114.66053564031114,115.14485547611616,0.5708720558785289,0.55335693046732,8.267224263162767,8.155379234056609,1,1,Mumbai Indians,1,183,142,3,8,runs,41,0
598013,2013-04-14,2013,Kolkata,Eden Gardens,Kolkata Knight Riders,Sunrisers Hyderabad,Kolkata Knight Riders,bat,0.5069767441860465,0.4829931972789115,0.6,0.8,159.27441860465115,170.59183673469389,158.69302325581396,169.29931972789117,6.023255813953488,5.938775510204081,5.813953488372093,6.054421768707483,0.5576923076923077,0.5,0.6666666666666666,215,147,17.202626819740455,12.083787183248988,121.44299694916911,110.24486450992462,0.4908374379243945,0.6046954337676487,8.255437104615313,8.861644533574982,1,1,Kolkata Knight Riders,1,180,132,4,7,runs,48,0
598014,2013-04-14,2013,Jaipur,Sawai Mansingh Stadium,Rajasthan Royals,Kings XI Punjab,Rajasthan Royals,field,0.4926829268292683,0.46875,0.4,0.4,163.26341463414633,158.078125,164.86829268292684,159.890625,6.078048780487805,5.84375,5.726829268292683,5.625,0.625,0.2,0.8,205,128,15.358378059839556,14.389494430008265,110.66427740967774,114.68619013790772,0.804865211961847,0.556029526029526,7.651512011679999,8.913507223430315,1,0,Rajasthan Royals,1,126,124,4,10,wickets,0,6
598015,2013-04-15,2013,Chennai,"MA Chidambaram Stadium, Chepauk",Chennai Super Kings,Pune Warriors,Pune Warriors,bat,0.5462962962962963,0.2727272727272727,0.6,0.2,165.49074074074073,139.06060606060606,160.09259259259258,146.54545454545453,5.398148148148148,6.575757575757576,6.101851851851852,5.090909090909091,0.6666666666666666,0.0,1.0,216,33,16.627553858467238,17.176129089561844,124.14315972328404,114.22631083001824,0.5862045524294244,0.468403927643058,7.916093702259891,9.031781262748488,0,1,Pune Warriors,0,135,159,8,5,runs,24,0
598016,2013-04-16,2013,Chandigarh,"Punjab Cricket Association Stadium, Mohali",Kings XI Punjab,Kolkata Knight Riders,Kolkata Knight Riders,field,0.4651162790697674,0.5092592592592593,0.4,0.6,157.8139534883721,159.37037037037038,159.6279069767442,158.56944444444446,5.875968992248062,6.013888888888889,5.612403100775194,5.819444444444445,0.5217391304347826,0.6666666666666666,0.4285714285714285,129,216,15.144709076191935,17.46584944191749,118.90984744593894,121.93904654880876,0.4917906468298405,0.4307380092313867,8.912313872447593,8.188924354670593,0,0,Kings XI Punjab,1,157,153,9,9,runs,4,0
598018,2013-04-17,2013,Pune,Maharashtra Cricket Association Stadium,Pune Warriors,Sunrisers Hyderabad,Pune Warriors,field,0.2941176470588235,0.4797297297297297,0.4,0.6,139.64705882352942,170.3310810810811,146.2058823529412,169.3716216216216,6.529411764705882,5.945945945945946,5.176470588235294,6.04054054054054,0.5,0.0,0.5,34,148,17.027613518102854,11.202138051571277,113.88167681102748,108.93326506316316,0.5219693386970436,0.5476797905651661,8.654772241056058,9.212640036166622,1,0,Sunrisers Hyderabad,0,108,119,10,8,runs,11,0
598019,2013-04-17,2013,Jaipur,Sawai Mansingh Stadium,Rajasthan Royals,Mumbai Indians,Rajasthan Royals,bat,0.4951456310679611,0.5330396475770925,0.6,0.6,163.08252427184465,164.51101321585904,164.66990291262135,160.5770925110132,6.067961165048544,6.0,5.747572815533981,6.28193832599119,0.6341463414634146,0.3333333333333333,0.4545454545454545,206,227,13.31920606864728,15.178527557814675,112.82167333783056,114.8857025261939,0.7728067836880925,0.5783228241567385,7.629873148019807,8.221926919040511,1,1,Rajasthan Royals,1,179,92,3,10,runs,87,0
598020,2013-04-18,2013,Delhi,Feroz Shah Kotla,Delhi Daredevils,Chennai Super Kings,Chennai Super Kings,bat,0.4716981132075472,0.543778801843318,0.0,0.4,152.91509433962264,165.35023041474653,156.8679245283019,160.08755760368663,5.952830188679245,5.410138248847926,6.113207547169812,6.096774193548387,0.4722222222222222,0.6666666666666666,0.4,106,217,14.774730218300864,18.679848291831245,107.46774817296104,127.559495476329,0.4639698494243948,0.5941724307015737,9.168466503936363,8.267508966496237,0,1,Chennai Super Kings,0,83,169,10,4,runs,86,0
598021,2013-04-19,2013,Hyderabad,"Rajiv Gandhi International Stadium, Uppal",Sunrisers Hyderabad,Kings XI Punjab,Kings XI Punjab,bat,0.4832214765100671,0.4692307692307692,0.6,0.4,169.98657718120805,157.80769230769232,168.95973154362417,159.57692307692307,5.959731543624161,5.9,6.067114093959732,5.638461538461539,0.875,0.75,0.8,149,130,12.612557392102843,15.662809521734587,105.76190075595036,125.93509951865867,0.5695180592183532,0.6001955719625375,9.133813407968915,8.70717490476036,0,1,Sunrisers Hyderabad,1,127,123,5,9,wickets,0,5
598022,2013-04-20,2013,Kolkata,Eden Gardens,Kolkata Knight Riders,Chennai Super Kings,Kolkata Knight Riders,bat,0.5069124423963134,0.5458715596330275,0.4,0.6,159.34101382488478,165.36697247706422,158.56221198156683,159.73394495412845,6.027649769585254,5.403669724770642,5.83410138248848,6.114678899082569,0.5660377358490566,0.6666666666666666,0.2307692307692307,217,218,15.17913707143599,18.75179486763256,116.2523281964171,127.6115590804019,0.5886117560809251,0.5971720718521847,7.970429357565183,8.234116748222167,1,1,Chennai Super Kings,0,119,124,9,6,wickets,0,4
598023,2013-04-20,2013,Bangalore,M Chinnaswamy Stadium,Royal Challengers Bangalore,Rajasthan Royals,Royal Challengers Bangalore,field,0.4804469273743016,0.4975845410628019,0.6,0.8,155.92737430167597,163.15942028985506,160.14525139664804,164.31884057971016,6.016759776536313,6.053140096618358,5.798882681564246,5.768115942028985,0.4411764705882353,0.6666666666666666,0.4444444444444444,179,207,15.954587579572582,13.381349698915864,105.83401049913827,102.30078591136854,0.6842947895319437,0.7789203720442209,8.290075535795783,7.567700833467027,1,0,Royal Challengers Bangalore,1,123,117,3,10,wickets,0,7
598024,2013-04-21,2013,Delhi,Feroz Shah Kotla,Delhi Daredevils,Mumbai Indians,Mumbai Indians,bat,0.4672897196261682,0.5307017543859649,0.0,0.6,152.26168224299064,164.19298245614036,156.98130841121494,160.6578947368421,5.990654205607477,6.017543859649122,6.093457943925234,6.267543859649122,0.4594594594594595,0.6,0.625,107,228,16.82715308331044,15.769793944733944,122.49383760498652,119.87120157345215,0.5583154196426507,0.5838116473392051,9.136067315445052,8.089525030652629,0,1,Delhi Daredevils,1,165,161,1,4,wickets,0,9
598025,2013-04-21,2013,Chandigarh,"Punjab Cricket Association Stadium, Mohali",Kings XI Punjab,Pune Warriors,Kings XI Punjab,field,0.465648854961832,0.2857142857142857,0.4,0.4,157.54198473282443,138.74285714285713,159.32824427480915,145.42857142857142,5.923664122137405,6.628571428571429,5.633587786259542,5.257142857142857,0.5416666666666666,0.5,0.5,131,35,14.97340498241262,13.077815081181768,121.23739138091172,102.10511185343871,0.5085683665229119,0.4971272989816081,8.912135547910877,8.184429352887843,1,0,Kings XI Punjab,1,186,185,3,4,wickets,0,7
598026,2013-04-22,2013,Chennai,"MA Chidambaram Stadium, Chepauk",Chennai Super Kings,Rajasthan Royals,Rajasthan Royals,bat,0.547945205479452,0.4951923076923077,0.8,0.6,165.17808219178082,162.9375,159.54794520547946,164.12019230769232,5.406392694063927,6.072115384615385,6.127853881278539,5.7548076923076925,0.6470588235294118,0.25,0.5,219,208,18.28843676327553,13.401690433523436,125.15739067760438,112.37136360549736,0.6340306806191248,0.8145545035287589,8.251678745428817,7.607331227088358,0,1,Chennai Super Kings,1,186,185,5,4,wickets,0,5
598059,2013-04-23,2013,Delhi,Feroz Shah Kotla,Delhi Daredevils,Kings XI Punjab,Kings XI Punjab,field,0.4649122807017544,0.460431654676259,0.4,0.2,152.06140350877192,157.74100719424462,156.4298245614035,159.72661870503595,5.947368421052632,5.920863309352518,5.964912280701754,5.568345323741007,0.4615384615384615,0.4,0.5,114,139,16.16506521187587,13.414619879246676,117.03802760556891,115.88603410819924,0.5425317308303612,0.4538268414888052,8.746378598838323,9.01702429446579,0,0,Kings XI Punjab,0,120,121,7,5,wickets,0,5
598027,2013-04-23,2013,Bangalore,M Chinnaswamy Stadium,Royal Challengers Bangalore,Pune Warriors,Pune Warriors,field,0.4833333333333333,0.2777777777777778,0.6,0.4,155.74444444444444,140.02777777777777,159.90555555555557,146.55555555555554,6.0,6.555555555555555,5.822222222222222,5.194444444444445,0.4571428571428571,0.0,1.0,180,36,15.946028658767544,18.034888852216884,105.63099586491109,130.08758105938904,0.6449189447080427,0.4498867578337776,8.121104921205792,8.680886372876452,0,0,Royal Challengers Bangalore,1,263,133,5,9,runs,130,0
598029,2013-04-24,2013,Kolkata,Eden Gardens,Kolkata Knight Riders,Mumbai Indians,Kolkata Knight Riders,bat,0.5045871559633027,0.5283842794759825,0.2,0.6,159.1559633027523,164.17903930131004,158.40366972477065,160.6768558951965,6.041284403669724,6.008733624454148,5.834862385321101,6.244541484716157,0.5555555555555556,0.7142857142857143,0.3125,218,229,14.60538205276306,15.432685080359729,113.9389886274038,114.70706664927545,0.5873364751630623,0.6612311736648487,7.674054875700566,8.266763567082915,1,1,Mumbai Indians,0,159,162,6,5,wickets,0,5
598030,2013-04-25,2013,Chennai,"MA Chidambaram Stadium, Chepauk",Chennai Super Kings,Sunrisers Hyderabad,Sunrisers Hyderabad,bat,0.55,0.4866666666666667,0.8,0.8,165.27272727272728,169.7,159.66363636363636,168.65333333333334,5.404545454545454,5.953333333333333,6.118181818181818,6.086666666666667,0.6571428571428571,0.5,0.4444444444444444,220,150,18.370041573370216,13.84806933303866,125.38124380802552,110.52299881394916,0.6280174463552605,0.6833841569599978,8.25870775486813,8.762184288655785,0,1,Chennai Super Kings,1,160,159,5,6,wickets,0,5
598031,2013-04-26,2013,Kolkata,Eden Gardens,Kolkata Knight Riders,Kings XI Punjab,Kings XI Punjab,bat,0.502283105022831,0.4736842105263157,0.2,0.6,159.1552511415525,157.85714285714286,158.4200913242009,159.5563909774436,6.041095890410959,5.887218045112782,5.831050228310502,5.631578947368421,0.5454545454545454,0.4285714285714285,0.6,219,133,14.273848979298627,14.800980447636311,105.33955179749972,126.78749963427084,0.5412645506848989,0.4617539087523413,7.876891203512706,8.965010348948413,0,1,Kolkata Knight Riders,1,150,149,4,6,wickets,0,6
598032,2013-04-27,2013,Jaipur,Sawai Mansingh Stadium,Rajasthan Royals,Sunrisers Hyderabad,Sunrisers Hyderabad,bat,0.492822966507177,0.4834437086092715,0.4,0.6,163.04306220095694,169.6291390728477,164.22488038277513,168.59602649006624,6.062200956937799,5.953642384105961,5.751196172248804,6.079470198675497,0.6428571428571429,0.5,0.4,209,151,13.866125854301062,14.016412959937371,114.12165303603246,114.58854462466635,0.7183366143223414,0.6174484884778318,7.386238348534562,8.541224506498683,0,1,Rajasthan Royals,1,146,144,2,9,wickets,0,8
598033,2013-04-27,2013,Mumbai,Wankhede Stadium,Mumbai Indians,Royal Challengers Bangalore,Mumbai Indians,bat,0.5304347826086957,0.4861878453038674,0.6,0.8,164.1695652173913,156.33701657458565,160.6695652173913,159.75690607734808,6.004347826086956,5.994475138121547,6.243478260869566,5.8397790055248615,0.5581395348837209,0.3333333333333333,0.3333333333333333,230,181,15.604484012617156,15.793674710970976,117.07356894750642,109.5042926546602,0.6234119232511097,0.668327939668036,8.3192869410135,8.195568864655318,1,1,Mumbai Indians,1,194,136,7,7,runs,58,0
598034,2013-04-28,2013,Chennai,"MA Chidambaram Stadium, Chepauk",Chennai Super Kings,Kolkata Knight Riders,Kolkata Knight Riders,field,0.5520361990950227,0.5045454545454545,0.8,0.4,165.24886877828055,159.11363636363637,159.6606334841629,158.37727272727273,5.402714932126697,6.031818181818182,6.117647058823529,5.831818181818182,0.6666666666666666,0.4,0.5384615384615384,221,220,17.130559875217205,16.812509956008007,116.64310600347358,122.03193147556266,0.5924844983558455,0.4848782478288163,8.0564905109888,7.828062494468965,0,0,Chennai Super Kings,1,200,186,3,4,runs,14,0
598035,2013-04-28,2013,Raipur,Shaheed Veer Narayan Singh International Stadium,Delhi Daredevils,Pune Warriors,Pune Warriors,field,0.4678899082568807,0.2702702702702703,0.2,0.2,152.4862385321101,139.83783783783784,157.14678899082568,149.7027027027027,5.954128440366972,6.621621621621622,6.055045871559633,5.1891891891891895,0.5,0.5,0.0,109,37,17.309207119469747,15.108886894421914,117.16708750063262,128.63747124102684,0.4912052486520571,0.4566337836570034,8.903417458894104,8.760712041976394,0,0,Delhi Daredevils,1,164,149,5,4,runs,15,0
598036,2013-04-29,2013,Jaipur,Sawai Mansingh Stadium,Rajasthan Royals,Royal Challengers Bangalore,Rajasthan Royals,field,0.4952380952380952,0.4835164835164835,0.6,0.6,162.96190476190475,156.22527472527472,164.12857142857143,159.94505494505495,6.042857142857143,6.0,5.766666666666667,5.846153846153846,0.6511627906976745,0.5,0.3333333333333333,210,182,17.12940774562151,15.697330468450428,110.84825483142482,108.17286913893608,0.6910629190055028,0.6252160025725371,7.3511371417785405,8.195570417319649,1,0,Rajasthan Royals,1,173,171,6,6,wickets,0,4
598037,2013-04-29,2013,Mumbai,Wankhede Stadium,Mumbai Indians,Kings XI Punjab,Mumbai Indians,bat,0.5324675324675324,0.4701492537313433,0.6,0.6,164.2987012987013,157.7910447761194,160.56277056277057,159.48507462686567,6.008658008658009,5.888059701492537,6.246753246753247,5.619402985074627,0.5681818181818182,0.4285714285714285,0.5,231,134,15.643277649206114,16.177202818102533,117.66250239928046,120.63904094075212,0.6251448408935169,0.5092627718416973,8.305551190508908,8.97142820265849,1,1,Mumbai Indians,1,174,170,3,10,runs,4,0
598038,2013-04-30,2013,Pune,Subrata Roy Sahara Stadium,Pune Warriors,Chennai Super Kings,Chennai Super Kings,bat,0.2631578947368421,0.5540540540540541,0.2,1.0,140.07894736842104,165.40540540540542,150.07894736842104,159.77927927927928,6.552631578947368,5.391891891891892,5.184210526315789,6.108108108108108,0.3,0.0,0.5,38,222,15.402460910113149,18.40315541619514,117.55775206403744,127.55988242307858,0.5033006535947713,0.589556996845531,9.031678839116871,8.207214118729736,0,1,Chennai Super Kings,0,127,164,9,3,runs,37,0
598039,2013-05-01,2013,Hyderabad,"Rajiv Gandhi International Stadium, Uppal",Sunrisers Hyderabad,Mumbai Indians,Mumbai Indians,bat,0.4802631578947368,0.5344827586206896,0.4,0.6,169.46052631578948,164.3405172413793,168.44736842105263,160.60344827586206,5.973684210526316,5.995689655172414,6.052631578947368,6.262931034482759,0.8888888888888888,0.75,0.5,152,232,15.53128019553654,15.667004417161818,113.40958547838623,117.42690013730704,0.6150238134291338,0.633557050246032,8.292277485220083,8.309902723407152,0,1,Sunrisers Hyderabad,1,130,129,3,4,wickets,0,7
598040,2013-05-01,2013,Raipur,Shaheed Veer Narayan Singh International Stadium,Delhi Daredevils,Kolkata Knight Riders,Kolkata Knight Riders,bat,0.4727272727272727,0.502262443438914,0.4,0.2,152.5909090909091,159.23529411764707,157.07272727272726,158.5656108597285,5.945454545454545,6.02262443438914,6.036363636363636,5.819004524886878,1.0,0.5,0.5,110,221,15.757042773650475,15.215996628850274,115.14329293458694,122.5337806521391,0.4869536645428475,0.523885289846451,8.90141422669636,8.272701958303749,0,1,Delhi Daredevils,1,137,136,3,7,wickets,0,7
598041,2013-05-02,2013,Chennai,"MA Chidambaram Stadium, Chepauk",Chennai Super Kings,Kings XI Punjab,Chennai Super Kings,bat,0.5560538116591929,0.4666666666666667,1.0,0.4,165.39910313901345,157.88148148148147,159.6322869955157,159.59259259259258,5.381165919282512,5.918518518518519,6.121076233183857,5.6,0.6756756756756757,0.5,0.7142857142857143,223,135,18.363637235272805,15.751832544644609,127.51288959862067,118.7920527931497,0.5900848869094911,0.403084339593162,8.18303531687128,9.265723877824785,1,1,Chennai Super Kings,1,186,171,4,6,runs,15,0
598042,2013-05-02,2013,Pune,Subrata Roy Sahara Stadium,Pune Warriors,Royal Challengers Bangalore,Royal Challengers Bangalore,bat,0.2564102564102564,0.4808743169398907,0.0,0.4,139.74358974358975,156.30601092896174,150.43589743589743,160.01639344262296,6.615384615384615,6.0,5.128205128205129,5.8469945355191255,0.2727272727272727,1.0,0.0,39,183,13.760419670620337,19.082337309276557,104.85914248337212,116.55932673983833,0.545293633752634,0.4419452790590779,8.725998963464225,8.043114973712232,0,1,Royal Challengers Bangalore,0,170,187,9,3,runs,17,0
598043,2013-05-03,2013,Kolkata,Eden Gardens,Kolkata Knight Riders,Rajasthan Royals,Rajasthan Royals,bat,0.5,0.4976303317535545,0.2,0.6,159.13063063063063,163.00947867298578,158.46846846846847,164.1611374407583,6.027027027027027,6.042654028436019,5.806306306306307,5.767772511848341,0.5535714285714286,0.2857142857142857,0.6428571428571429,222,211,15.298147056644131,16.4095507368309,118.46517167695296,119.33780655316882,0.5355252076783955,0.5763308756710785,8.002593898315,7.493030137156745,0,1,Kolkata Knight Riders,1,133,132,2,6,wickets,0,8
598044,2013-05-04,2013,Hyderabad,"Rajiv Gandhi International Stadium, Uppal",Sunrisers Hyderabad,Delhi Daredevils,Delhi Daredevils,bat,0.4836601307189542,0.4774774774774775,0.6,0.6,169.20261437908496,152.45045045045046,168.18954248366012,156.88288288288288,5.954248366013072,5.918918918918919,6.03921568627451,6.045045045045045,0.9,0.75,1.0,153,111,14.775947584290249,14.5824613404923,115.35026227928348,105.5058956147784,0.6080468760189712,0.4503444144953579,8.285211964038268,8.937075888176123,0,1,Sunrisers Hyderabad,1,81,80,4,10,wickets,0,6
598046,2013-05-05,2013,Mumbai,Wankhede Stadium,Mumbai Indians,Chennai Super Kings,Mumbai Indians,bat,0.5321888412017167,0.5580357142857143,0.6,1.0,164.18884120171674,165.49107142857142,160.47210300429185,159.68303571428572,5.987124463519313,5.375,6.24892703862661,6.120535714285714,0.5777777777777777,0.5555555555555556,0.4615384615384615,233,224,16.89598989486273,17.61111618269985,121.97322365150038,116.0536254627584,0.6068536849803114,0.6150817014842184,8.24799579646664,8.416580687225432,1,1,Mumbai Indians,1,139,79,5,10,runs,60,0
598047,2013-05-05,2013,Jaipur,Sawai Mansingh Stadium,Rajasthan Royals,Pune Warriors,Pune Warriors,bat,0.4952830188679245,0.25,0.4,0.0,162.86320754716982,140.5,164.01415094339623,151.35,6.04245283018868,6.675,5.75,5.075,0.6590909090909091,0.0,1.0,212,40,15.637151629987596,14.416636833280863,114.99988748403288,114.477434976868,0.719509962094602,0.5472556290978934,7.39013862962882,8.136328943697794,0,1,Rajasthan Royals,1,182,178,5,4,wickets,0,5
598064,2013-05-06,2013,Chandigarh,"Punjab Cricket Association Stadium, Mohali",Kings XI Punjab,Royal Challengers Bangalore,Kings XI Punjab,field,0.4642857142857143,0.4840425531914893,0.4,0.6,157.47857142857143,156.5159574468085,159.44285714285715,160.02659574468086,5.914285714285715,5.968085106382978,5.578571428571428,5.851063829787234,0.5185185185185185,0.6666666666666666,0.4444444444444444,140,188,15.12389504286563,16.63211708781652,116.7009959435253,114.1845306268362,0.4319105003523608,0.5049796335721589,9.272409638602864,8.128444803161214,1,0,Kings XI Punjab,1,194,190,4,3,wickets,0,6
598049,2013-05-07,2013,Jaipur,Sawai Mansingh Stadium,Rajasthan Royals,Delhi Daredevils,Delhi Daredevils,bat,0.4976525821596244,0.4732142857142857,0.6,0.6,162.95305164319248,151.80357142857142,164.07981220657277,156.20535714285714,6.037558685446009,5.955357142857143,5.741784037558685,6.026785714285714,0.6666666666666666,0.25,0.6,213,112,16.81074468425053,15.428320840618966,112.83143334408312,124.50886801122188,0.6480382114707057,0.507112348934779,7.611923989691968,9.10280964634617,0,1,Rajasthan Royals,1,155,154,1,4,wickets,0,9
598050,2013-05-07,2013,Mumbai,Wankhede Stadium,Mumbai Indians,Kolkata Knight Riders,Mumbai Indians,bat,0.5341880341880342,0.5022421524663677,0.8,0.4,164.0811965811966,159.0134529147982,160.1239316239316,158.34977578475338,5.982905982905983,6.00896860986547,6.264957264957265,5.807174887892376,0.5869565217391305,0.1666666666666666,0.6923076923076923,234,223,16.345948296864478,15.764328415823163,120.83973284526442,117.07129287195713,0.620164171967711,0.4962819259348605,8.344215056660424,7.743252743343902,1,1,Mumbai Indians,1,170,105,6,10,runs,65,0
598051,2013-05-08,2013,Hyderabad,"Rajiv Gandhi International Stadium, Uppal",Sunrisers Hyderabad,Chennai Super Kings,Sunrisers Hyderabad,field,0.4838709677419355,0.5555555555555556,0.4,0.8,168.5806451612903,165.10666666666663,167.5806451612903,159.5911111111111,5.941935483870968,5.395555555555555,6.04516129032258,6.115555555555556,0.9090909090909092,1.0,0.2222222222222222,155,225,14.592925950230216,18.29003995082873,114.3623764616495,124.8313703803864,0.6687581508646637,0.621874048630247,8.186694712486066,8.219270534633349,1,0,Chennai Super Kings,0,146,223,8,3,runs,77,0
598052,2013-05-09,2013,Chandigarh,"Punjab Cricket Association Stadium, Mohali",Kings XI Punjab,Rajasthan Royals,Rajasthan Royals,field,0.4671532846715328,0.5,0.4,0.8,158.1094890510949,162.9158878504673,159.8905109489051,164.03271028037383,5.897810218978102,6.014018691588785,5.583941605839416,5.733644859813084,0.56,0.5,0.5,137,214,15.55390617839931,15.095198903340188,121.10629273669632,114.68654447311933,0.4562305403003602,0.7512444607940185,9.221954331377807,7.479891736860271,0,0,Rajasthan Royals,0,145,147,6,2,wickets,0,8
598053,2013-05-09,2013,Pune,Subrata Roy Sahara Stadium,Pune Warriors,Kolkata Knight Riders,Kolkata Knight Riders,bat,0.2439024390243902,0.5,0.0,0.4,141.41463414634146,158.77232142857142,152.09756097560975,158.40178571428572,6.609756097560975,6.026785714285714,5.073170731707317,5.808035714285714,0.25,1.0,0.0,41,224,15.70156842402605,17.05278562761409,117.48825763210132,119.26979877767434,0.5095637493005727,0.5044380668117524,8.410486841154826,7.985008404389525,0,1,Kolkata Knight Riders,0,106,152,10,6,runs,46,0
598054,2013-05-10,2013,Delhi,Feroz Shah Kotla,Delhi Daredevils,Royal Challengers Bangalore,Delhi Daredevils,field,0.4690265486725664,0.4838709677419355,0.4,0.4,151.8230088495575,156.59677419354838,156.1946902654867,160.16129032258064,5.938053097345133,5.962365591397849,5.982300884955753,5.849462365591398,0.4736842105263157,0.6,0.2857142857142857,113,186,15.981342957382964,17.403243942587412,112.13453545129428,122.14351943819138,0.4777708434459006,0.6063873931229579,9.35809881689232,8.352053690663121,1,0,Royal Challengers Bangalore,0,179,183,7,4,runs,4,0
598055,2013-05-11,2013,Pune,Subrata Roy Sahara Stadium,Pune Warriors,Mumbai Indians,Pune Warriors,bat,0.238095238095238,0.5361702127659574,0.0,0.8,140.57142857142858,164.10638297872342,152.0952380952381,159.88936170212767,6.690476190476191,5.982978723404256,5.095238095238095,6.280851063829787,0.2307692307692307,1.0,0.0,42,235,14.301758648820208,16.614036218996922,100.87093089680684,121.81278769079334,0.5504627654945812,0.6160395473236074,8.122463036572434,8.226271632914102,1,1,Mumbai Indians,0,112,116,8,5,wickets,0,5
598056,2013-05-11,2013,Chandigarh,"Punjab Cricket Association Stadium, Mohali",Kings XI Punjab,Sunrisers Hyderabad,Kings XI Punjab,field,0.463768115942029,0.4807692307692308,0.2,0.4,158.0144927536232,168.43589743589743,159.79710144927537,167.93589743589743,5.898550724637682,5.955128205128205,5.557971014492754,6.0256410256410255,0.5384615384615384,0.5,0.6666666666666666,138,156,14.214862515153676,14.400787169367211,119.99121093058052,111.68403874873592,0.4695865750411205,0.5843788177828912,9.123313699145667,8.77102688662002,1,0,Sunrisers Hyderabad,0,120,150,9,7,runs,30,0
598057,2013-05-12,2013,Ranchi,JSCA International Stadium Complex,Kolkata Knight Riders,Royal Challengers Bangalore,Kolkata Knight Riders,field,0.5022222222222222,0.4866310160427807,0.4,0.6,158.7422222222222,156.7379679144385,158.1688888888889,160.2620320855615,6.026666666666666,5.951871657754011,5.826666666666667,5.855614973262032,0.5,0.5,0.6666666666666666,225,187,16.64672605449654,17.392887407953552,116.6220235965266,123.6240715102462,0.5296862097868869,0.5344824224026788,7.881072669073375,8.577213759477745,1,0,Kolkata Knight Riders,1,116,115,5,9,wickets,0,5
598058,2013-05-12,2013,Jaipur,Sawai Mansingh Stadium,Rajasthan Royals,Chennai Super Kings,Rajasthan Royals,field,0.5023255813953489,0.5575221238938053,0.8,0.8,162.84186046511627,165.36283185840708,163.94418604651162,159.53097345132744,5.995348837209303,5.384955752212389,5.734883720930233,6.123893805309734,0.6739130434782609,0.6,0.6,215,226,16.44635339137912,18.39702853501261,127.00125320701297,125.09710716604935,0.6587156314796201,0.6208468690750606,7.68083664616553,8.210481866773888,1,0,Rajasthan Royals,1,144,141,5,4,wickets,0,5
598060,2013-05-13,2013,Mumbai,Wankhede Stadium,Mumbai Indians,Sunrisers Hyderabad,Sunrisers Hyderabad,bat,0.538135593220339,0.4840764331210191,0.8,0.6,163.90254237288136,168.3184713375796,159.6864406779661,167.63057324840764,5.978813559322034,5.961783439490445,6.288135593220339,6.044585987261146,0.5957446808510638,0.25,0.6666666666666666,236,157,15.658655583781076,13.982130188849396,116.9598753506201,111.30736570645276,0.648185425131079,0.6459331691298469,8.22920914040398,8.413243410754227,0,1,Mumbai Indians,1,184,178,4,3,wickets,0,7
598062,2013-05-14,2013,Chennai,"MA Chidambaram Stadium, Chepauk",Chennai Super Kings,Delhi Daredevils,Chennai Super Kings,bat,0.5550660792951542,0.4608695652173913,0.6,0.2,165.2555066079295,151.7826086956522,159.4625550660793,156.12173913043478,5.378854625550661,5.956521739130435,6.118942731277533,5.956521739130435,0.6842105263157895,0.4,0.5714285714285714,227,115,18.802087707009072,15.803633083474592,125.40531946157488,111.28695046021444,0.5965562013380729,0.5768440606346489,8.167736102285355,9.062234423404504,1,1,Chennai Super Kings,1,168,135,4,9,runs,33,0
598045,2013-05-14,2013,Bangalore,M Chinnaswamy Stadium,Royal Challengers Bangalore,Kings XI Punjab,Kings XI Punjab,field,0.483695652173913,0.4632352941176471,0.6,0.4,156.47282608695653,157.97794117647058,160.07065217391303,159.78676470588235,5.983695652173913,5.919117647058823,5.864130434782608,5.588235294117647,0.4722222222222222,0.6,0.4444444444444444,184,136,18.770030252101947,15.045005772043954,118.42201268822024,116.96796519104348,0.4801808542120206,0.5099019706162563,8.336323941408876,9.18257186260331,0,0,Kings XI Punjab,0,174,176,5,3,wickets,0,7
598063,2013-05-15,2013,Mumbai,Wankhede Stadium,Mumbai Indians,Rajasthan Royals,Rajasthan Royals,field,0.540084388185654,0.5046296296296297,0.8,0.8,163.9873417721519,162.75462962962962,159.76371308016877,163.83796296296296,5.970464135021097,5.9907407407407405,6.274261603375527,5.726851851851852,0.6041666666666666,0.8,0.3571428571428571,237,216,13.605886407461918,17.560006927894385,118.29099989771626,131.33754817771955,0.6623755459360179,0.667601389838232,7.880539199678548,7.579193949584426,0,0,Mumbai Indians,1,166,152,8,7,runs,14,0
598061,2013-05-15,2013,Ranchi,JSCA International Stadium Complex,Kolkata Knight Riders,Pune Warriors,Kolkata Knight Riders,field,0.504424778761062,0.2325581395348837,0.6,0.0,158.55309734513276,139.90697674418604,157.97787610619469,151.25581395348837,6.022123893805309,6.72093023255814,5.84070796460177,5.093023255813954,1.0,0.5,1.0,226,43,16.445652831345736,12.995593714259284,116.47145948146598,103.0044998668606,0.5227082776965201,0.4656815471723286,7.969085277211675,9.302718973903662,1,0,Pune Warriors,0,163,170,7,4,runs,7,0
598028,2013-05-16,2013,Dharamsala,Himachal Pradesh Cricket Association Stadium,Kings XI Punjab,Delhi Daredevils,Delhi Daredevils,field,0.4696969696969697,0.4722222222222222,0.4,0.2,157.75757575757575,152.37962962962962,159.52272727272728,157.0185185185185,5.901515151515151,5.944444444444445,5.621212121212121,6.074074074074074,0.4285714285714285,0.5,0.6666666666666666,132,108,15.031453585970894,14.00242259290359,114.35258771395516,109.94058664234592,0.5145263130184947,0.6461585301353412,9.01437010518187,9.056371899931596,0,0,Kings XI Punjab,1,171,164,4,7,runs,7,0
598065,2013-05-17,2013,Hyderabad,"Rajiv Gandhi International Stadium, Uppal",Sunrisers Hyderabad,Rajasthan Royals,Sunrisers Hyderabad,bat,0.4810126582278481,0.5023041474654378,0.4,0.8,168.37974683544303,162.70506912442397,167.73417721518987,163.8479262672811,5.943037974683544,5.9953917050691246,6.031645569620253,5.7373271889400925,0.8333333333333334,0.6666666666666666,0.7142857142857143,158,217,14.152649902382509,17.13719171451818,111.67500691034913,121.2479528513176,0.6227835631860399,0.687198625429336,8.45589882295407,7.527185839098474,1,1,Sunrisers Hyderabad,1,136,113,9,9,runs,23,0
598066,2013-05-18,2013,Dharamsala,Himachal Pradesh Cricket Association Stadium,Kings XI Punjab,Mumbai Indians,Mumbai Indians,field,0.4680851063829787,0.542016806722689,0.6,1.0,157.73758865248226,163.99579831932772,159.6595744680851,159.7310924369748,5.900709219858156,5.978991596638656,5.560283687943262,6.277310924369748,0.5,0.5,0.4444444444444444,141,238,15.87383830692958,14.198192583569742,114.38574824629588,122.1277096295854,0.4867069126501175,0.6224143967065395,8.857557030461633,8.06333918851816,0,0,Kings XI Punjab,1,183,133,8,9,runs,50,0
598068,2013-05-18,2013,Bangalore,M Chinnaswamy Stadium,Royal Challengers Bangalore,Chennai Super Kings,Chennai Super Kings,field,0.4814814814814814,0.5570175438596491,0.4,0.6,156.6931216931217,165.26754385964912,160.20634920634922,159.35526315789474,5.9523809523809526,5.37280701754386,5.841269841269841,6.131578947368421,0.4736842105263157,0.5,0.4666666666666667,189,228,18.90511565517316,18.408132272245396,118.55825445377997,125.0054502136229,0.6296766082450025,0.6206455657887433,8.388143292622349,8.184931175858635,0,0,Royal Challengers Bangalore,1,106,82,2,6,runs,24,0
598067,2013-05-19,2013,Pune,Subrata Roy Sahara Stadium,Pune Warriors,Delhi Daredevils,Pune Warriors,bat,0.25,0.4568965517241379,0.2,0.0,140.5909090909091,151.63793103448276,151.52272727272728,156.22413793103448,6.659090909090909,5.982758620689655,5.136363636363637,5.939655172413793,0.2142857142857142,0.5,0.0,44,116,13.232461371039438,14.851488021994442,108.66956333820298,115.63406053961822,0.5348990305618583,0.4717603805839099,8.389241027963676,10.546825827886837,1,1,Pune Warriors,1,172,134,5,9,runs,38,0
598069,2013-05-19,2013,Hyderabad,"Rajiv Gandhi International Stadium, Uppal",Sunrisers Hyderabad,Kolkata Knight Riders,Kolkata Knight Riders,bat,0.4842767295597484,0.5022026431718062,0.4,0.6,168.1761006289308,158.5726872246696,167.38993710691824,158.0308370044053,5.962264150943396,6.026431718061674,6.050314465408805,5.832599118942731,0.8461538461538461,0.6666666666666666,0.3846153846153846,159,227,16.02612670861551,15.79230051719365,115.09143330556816,114.92357212987464,0.5987100117125724,0.5017248884673127,8.421665097445356,7.827384255124319,0,1,Sunrisers Hyderabad,1,132,130,5,7,wickets,0,5
598070,2013-05-21,2013,Delhi,Feroz Shah Kotla,Chennai Super Kings,Mumbai Indians,Chennai Super Kings,bat,0.5545851528384279,0.5397489539748954,0.4,0.8,164.90393013100436,163.86610878661088,159.12227074235807,159.8284518828452,5.3755458515283845,5.99163179916318,6.11353711790393,6.2845188284518825,0.75,0.5,0.4444444444444444,229,239,18.733113360937093,14.285407287309994,127.20753316819786,119.689421686782,0.5881051018307649,0.6803821781327868,8.153246756686102,7.902846760490676,1,1,Chennai Super Kings,1,192,144,1,10,runs,48,0
598071,2013-05-22,2013,Delhi,Feroz Shah Kotla,Rajasthan Royals,Sunrisers Hyderabad,Sunrisers Hyderabad,bat,0.5,0.4875,0.6,0.6,162.47706422018348,167.95,163.72018348623854,167.15625,6.009174311926605,5.95625,5.752293577981652,6.05625,0.25,0.5,0.4545454545454545,218,160,16.616575202871992,14.52735317106134,127.30369695321023,111.75796173869028,0.6538437819494033,0.6088862664967247,7.588690949945774,8.41794514045129,0,1,Rajasthan Royals,1,135,132,6,7,wickets,0,4
598072,2013-05-24,2013,Kolkata,Eden Gardens,Mumbai Indians,Rajasthan Royals,Rajasthan Royals,bat,0.5375,0.502283105022831,0.6,0.6,163.78333333333333,162.35159817351598,159.9625,163.57534246575344,6.008333333333334,6.0091324200913245,6.2625,5.757990867579909,0.75,0.25,0.4,240,219,14.718234655487914,16.5696556279215,119.68044930045176,126.80781308739432,0.6160363293247554,0.6583317019763868,8.072928445623134,7.520835400150215,0,1,Mumbai Indians,1,169,165,6,6,wickets,0,4
598073,2013-05-26,2013,Kolkata,Eden Gardens,Chennai Super Kings,Mumbai Indians,Mumbai Indians,bat,0.5565217391304348,0.5394190871369294,0.6,0.6,165.02173913043478,163.80497925311204,159.05652173913043,159.98340248962654,5.356521739130435,6.008298755186722,6.130434782608695,6.261410788381743,0.7142857142857143,0.7777777777777778,0.4736842105263157,230,241,18.863653338039374,14.884474549401506,127.36012064862209,119.84172277395427,0.5909085618473209,0.6099387243993237,8.149791413708893,8.072716268533451,0,1,Mumbai Indians,0,125,148,9,9,runs,23,0
729279,2014-04-16,2014,Abu Dhabi,Sheikh Zayed Stadium,Mumbai Indians,Kolkata Knight Riders,Kolkata Knight Riders,bat,0.5413223140495868,0.5,0.6,0.4,163.7396694214876,158.44736842105263,159.8388429752066,157.91666666666666,6.020661157024794,6.030701754385965,6.2727272727272725,5.828947368421052,0.75,0.5714285714285714,0.7142857142857143,242,228,15.262780124905602,18.70517695511472,114.720726833154,130.11800602364585,0.5696022506999794,0.5928252650779483,8.209644221736172,7.785680837900471,0,1,Kolkata Knight Riders,0,122,163,7,5,runs,41,0
729281,2014-04-17,2014,Unknown,Sharjah Cricket Stadium,Delhi Daredevils,Royal Challengers Bangalore,Royal Challengers Bangalore,field,0.452991452991453,0.4842105263157895,0.0,0.6,151.48717948717947,156.42631578947368,156.35897435897436,159.79473684210527,6.0085470085470085,5.931578947368421,5.931623931623932,5.842105263157895,0.5,0.3333333333333333,0.25,117,190,14.091393576914111,14.1205220135929,108.51434829080944,98.82403938777178,0.4901376677075938,0.6307585257788773,8.88882981579307,7.936351470057397,0,0,Royal Challengers Bangalore,0,145,146,4,2,wickets,0,8
729285,2014-04-18,2014,Abu Dhabi,Sheikh Zayed Stadium,Sunrisers Hyderabad,Rajasthan Royals,Rajasthan Royals,field,0.484472049689441,0.5,0.6,0.4,167.72670807453417,162.36363636363637,166.95652173913044,163.6,5.962732919254658,6.009090909090909,6.055900621118012,5.759090909090909,0.5,0.6,0.75,161,220,17.982833880428682,15.711172330570385,115.74990576427524,111.2948270162862,0.6612194987821449,0.6984720584813472,8.646681348357266,7.842816812044916,0,0,Rajasthan Royals,0,133,135,6,6,wickets,0,4
729283,2014-04-18,2014,Abu Dhabi,Sheikh Zayed Stadium,Chennai Super Kings,Kings XI Punjab,Chennai Super Kings,bat,0.5541125541125541,0.4718309859154929,0.4,0.6,164.84848484848484,157.9154929577465,159.00865800865802,159.4718309859155,5.372294372294372,5.915492957746479,6.142857142857143,5.584507042253521,0.5,0.0,0.75,231,142,17.742377383116334,14.909484826943098,121.79104598174744,113.65436073680743,0.6303315574817794,0.5197227951260209,8.971849788821695,8.376350029737097,1,1,Kings XI Punjab,0,205,206,4,4,wickets,0,6
729287,2014-04-19,2014,Unknown,Dubai International Cricket Stadium,Royal Challengers Bangalore,Mumbai Indians,Royal Challengers Bangalore,field,0.4869109947643979,0.5390946502057613,0.6,0.4,156.3717277486911,163.5679012345679,159.717277486911,159.85185185185185,5.9109947643979055,6.024691358024692,5.832460732984293,6.267489711934156,0.6666666666666666,0.6,0.3333333333333333,191,243,13.253952518491188,14.103759803125502,96.0135483669264,110.63154335732752,0.5695973124148535,0.6791795440332026,7.906211617676025,8.093448922943413,1,0,Royal Challengers Bangalore,1,116,115,3,9,wickets,0,7
729289,2014-04-19,2014,Unknown,Dubai International Cricket Stadium,Kolkata Knight Riders,Delhi Daredevils,Kolkata Knight Riders,bat,0.5021834061135371,0.4491525423728814,0.6,0.0,158.46724890829694,151.4322033898305,157.75982532751092,156.27118644067798,6.026200873362446,5.991525423728813,5.834061135371179,5.898305084745763,0.5,0.5,0.8333333333333334,229,118,18.68313135593605,14.428386639185502,130.13954761265092,113.68887032923908,0.592162181495744,0.499470346691616,7.765793502186677,9.145783024301716,1,1,Delhi Daredevils,0,166,167,5,6,wickets,0,4
729291,2014-04-20,2014,Unknown,Sharjah Cricket Stadium,Rajasthan Royals,Kings XI Punjab,Kings XI Punjab,field,0.502262443438914,0.4755244755244755,0.4,0.8,162.2398190045249,158.25174825174824,163.46153846153845,159.7902097902098,6.009049773755656,5.902097902097903,5.760180995475113,5.573426573426573,0.4,0.6666666666666666,0.8333333333333334,221,143,16.11212079631247,14.943014790528627,111.7826963793968,114.76106499412248,0.6337744299044609,0.5173137576025507,8.430108661414767,8.22259827927613,0,0,Kings XI Punjab,0,191,193,5,3,wickets,0,7
729293,2014-04-21,2014,Abu Dhabi,Sheikh Zayed Stadium,Chennai Super Kings,Delhi Daredevils,Chennai Super Kings,bat,0.5517241379310345,0.453781512605042,0.4,0.2,165.02155172413794,151.56302521008402,159.21120689655172,156.35294117647058,5.366379310344827,5.991596638655462,6.133620689655173,5.890756302521009,0.4,0.5,0.625,232,119,18.3095712980948,14.442385656414784,112.0962107951893,113.17809348016532,0.4137032441922283,0.4954172063082954,9.443674344794696,9.174075274125483,1,1,Chennai Super Kings,1,177,84,7,9,runs,93,0
729295,2014-04-22,2014,Unknown,Sharjah Cricket Stadium,Kings XI Punjab,Sunrisers Hyderabad,Sunrisers Hyderabad,field,0.4791666666666667,0.4814814814814814,1.0,0.4,158.49305555555554,167.51234567901236,160.00694444444446,166.75925925925927,5.881944444444445,5.962962962962963,5.569444444444445,6.055555555555555,0.75,0.4,0.5,144,162,15.155890379969156,18.850580753886053,119.95886508225504,118.59116872610625,0.4947391640424546,0.6598335067213273,8.481059885907326,8.599199429163983,0,0,Kings XI Punjab,1,193,121,6,10,runs,72,0
729297,2014-04-23,2014,Unknown,Dubai International Cricket Stadium,Rajasthan Royals,Chennai Super Kings,Rajasthan Royals,field,0.5,0.5536480686695279,0.4,0.4,162.36936936936937,165.07296137339057,163.59459459459458,158.88841201716738,6.004504504504505,5.373390557939914,5.747747747747748,6.145922746781116,0.2222222222222222,0.5833333333333334,0.6363636363636364,222,233,15.162513676436344,18.28044913975122,112.20298395933978,112.15982908596716,0.6234564555428596,0.4664945565155339,8.52414316714692,9.004243004430009,1,0,Chennai Super Kings,0,133,140,10,6,runs,7,0
729299,2014-04-24,2014,Unknown,Sharjah Cricket Stadium,Royal Challengers Bangalore,Kolkata Knight Riders,Royal Challengers Bangalore,field,0.4895833333333333,0.5,0.6,0.4,156.16145833333334,158.5,159.484375,157.8,5.895833333333333,6.021739130434782,5.848958333333333,5.834782608695652,0.4285714285714285,0.5714285714285714,0.5,192,230,13.06719831856101,20.188258545282935,94.51819499833364,131.26577252923127,0.6607381504172202,0.5034031464941013,8.34822678608035,7.897709190110966,1,0,Kolkata Knight Riders,0,148,150,5,7,runs,2,0
729301,2014-04-25,2014,Unknown,Dubai International Cricket Stadium,Sunrisers Hyderabad,Delhi Daredevils,Sunrisers Hyderabad,bat,0.4785276073619632,0.45,0.4,0.2,167.22699386503066,151.0,166.920245398773,156.525,5.987730061349693,6.016666666666667,6.0552147239263805,5.9,0.4545454545454545,1.0,1.0,163,120,19.068469042896705,16.45462987558289,118.09851062620596,113.77662565342251,0.5799030128121038,0.5226470771256867,8.720090493847334,9.021803387876018,1,1,Sunrisers Hyderabad,1,184,180,1,4,runs,4,0
729303,2014-04-25,2014,Unknown,Dubai International Cricket Stadium,Chennai Super Kings,Mumbai Indians,Mumbai Indians,bat,0.5555555555555556,0.5368852459016393,0.6,0.4,164.96581196581195,163.36885245901638,158.77777777777777,159.672131147541,5.3760683760683765,6.036885245901639,6.162393162393163,6.254098360655738,0.6153846153846154,0.5,0.45,234,244,18.249356931790693,14.970020300668033,112.0003641582654,112.35690338078346,0.467188013952086,0.5637815781543555,8.840428237952104,8.204457830439646,0,1,Chennai Super Kings,1,142,141,3,7,wickets,0,7
729305,2014-04-26,2014,Abu Dhabi,Sheikh Zayed Stadium,Rajasthan Royals,Royal Challengers Bangalore,Rajasthan Royals,field,0.4977578475336323,0.4870466321243523,0.4,0.6,162.23766816143498,156.11917098445596,163.48878923766816,159.43523316062175,6.022421524663677,5.891191709844559,5.748878923766816,5.8549222797927465,0.6666666666666666,0.4,0.3846153846153846,223,193,17.63744746329799,15.195064965465887,117.88071648789608,105.74657347835932,0.5271700954210874,0.6212737092428295,8.496022703213757,7.647992700224142,1,0,Rajasthan Royals,1,71,70,4,10,wickets,0,6
729307,2014-04-26,2014,Abu Dhabi,Sheikh Zayed Stadium,Kolkata Knight Riders,Kings XI Punjab,Kolkata Knight Riders,field,0.5021645021645021,0.4827586206896552,0.4,1.0,158.46320346320346,158.73103448275862,157.75757575757575,159.73793103448276,6.025974025974026,5.882758620689655,5.831168831168832,5.6,0.625,0.2,0.6363636363636364,231,145,20.0608341493487,15.087782845167888,130.5429398485501,119.91679335337705,0.4932398316035011,0.503821546026515,7.821943132830107,8.466254503279751,1,0,Kings XI Punjab,0,109,132,10,9,runs,23,0
729309,2014-04-27,2014,Unknown,Sharjah Cricket Stadium,Delhi Daredevils,Mumbai Indians,Mumbai Indians,bat,0.4462809917355372,0.5346938775510204,0.2,0.4,151.2396694214876,163.27755102040817,156.7520661157025,159.6,6.0,6.040816326530612,5.859504132231405,6.240816326530612,0.0,0.6,0.6666666666666666,121,245,15.975290814881795,14.973740098378608,113.81984116491208,113.18480739823036,0.4956319883214842,0.5576112862289655,8.800139222917114,8.205319328304606,0,1,Delhi Daredevils,1,126,125,4,7,wickets,0,6
729311,2014-04-27,2014,Unknown,Sharjah Cricket Stadium,Sunrisers Hyderabad,Chennai Super Kings,Sunrisers Hyderabad,bat,0.4817073170731707,0.5574468085106383,0.4,0.6,167.32926829268294,164.86808510638298,167.0,158.70212765957447,5.9573170731707314,5.365957446808511,6.0426829268292686,6.165957446808511,0.3333333333333333,0.4,0.2,164,235,17.83182100534214,18.287128117671045,114.87595771211564,111.93009112319392,0.6528531777482376,0.4492578091419908,8.720409410058304,8.75660907365632,1,1,Chennai Super Kings,0,145,146,5,5,wickets,0,5
729313,2014-04-28,2014,Unknown,Dubai International Cricket Stadium,Kings XI Punjab,Royal Challengers Bangalore,Kings XI Punjab,field,0.4863013698630137,0.4845360824742268,1.0,0.6,158.54794520547946,155.67525773195877,159.3904109589041,158.97938144329896,5.904109589041096,5.912371134020619,5.63013698630137,5.845360824742268,0.6,0.7,0.5,146,194,14.929229172880133,16.43737182779097,118.43222639822112,103.90315167828324,0.510883299965808,0.6262035362548665,8.427411924916367,8.50135491725802,1,0,Kings XI Punjab,1,127,124,5,8,wickets,0,5
729317,2014-04-30,2014,Unknown,Dubai International Cricket Stadium,Mumbai Indians,Sunrisers Hyderabad,Mumbai Indians,field,0.532520325203252,0.4787878787878787,0.2,0.2,163.1219512195122,167.1939393939394,159.46341463414635,166.87272727272727,6.044715447154472,5.951515151515151,6.2317073170731705,6.036363636363636,0.4285714285714285,0.5,0.7,246,165,13.021005000999626,18.759144447737967,111.67360525376289,118.92265962212986,0.6161089294558656,0.6281500512568979,8.184693093964553,8.579198103073297,1,0,Sunrisers Hyderabad,0,157,172,7,5,runs,15,0
733971,2014-05-02,2014,Ranchi,JSCA International Stadium Complex,Chennai Super Kings,Kolkata Knight Riders,Chennai Super Kings,bat,0.559322033898305,0.5,0.8,0.4,164.78813559322035,158.25,158.64406779661016,157.64655172413794,5.364406779661017,6.043103448275862,6.161016949152542,5.844827586206897,0.5,0.5,0.5714285714285714,236,232,18.30533140769216,19.993021827613997,111.84749673335456,132.88630599380224,0.4376986826701965,0.5841263417564507,8.7716043224467,8.1060913332973,1,1,Chennai Super Kings,1,148,114,3,9,runs,34,0
733975,2014-05-03,2014,Delhi,Feroz Shah Kotla,Delhi Daredevils,Rajasthan Royals,Rajasthan Royals,field,0.4508196721311475,0.5,0.4,0.4,151.0327868852459,161.83035714285714,156.49180327868854,163.07142857142858,5.983606557377049,6.013392857142857,5.868852459016393,5.767857142857143,0.45,0.4,0.625,122,224,15.127279417469964,16.912552074446126,110.69605953641964,116.1848639071833,0.5259213714295384,0.657402329291901,8.552748468160843,8.309639556350719,0,0,Rajasthan Royals,0,152,156,5,3,wickets,0,7
733973,2014-05-03,2014,Mumbai,Wankhede Stadium,Mumbai Indians,Kings XI Punjab,Kings XI Punjab,bat,0.5303643724696356,0.4897959183673469,0.0,1.0,163.09716599190284,158.33333333333334,159.51417004048582,159.14965986394557,6.048582995951417,5.8979591836734695,6.22672064777328,5.64625850340136,0.6122448979591837,0.375,0.5555555555555556,247,147,13.61659272340446,14.968367590046238,117.23994065026844,118.11877607255931,0.5851679774416327,0.5198735849401189,8.18749890973536,8.37538227028531,0,1,Mumbai Indians,1,170,168,5,5,wickets,0,5
733977,2014-05-04,2014,Bangalore,M Chinnaswamy Stadium,Royal Challengers Bangalore,Sunrisers Hyderabad,Royal Challengers Bangalore,field,0.482051282051282,0.4819277108433735,0.4,0.4,155.51282051282053,167.22289156626505,158.8153846153846,166.8132530120482,5.923076923076923,5.945783132530121,5.841025641025641,6.042168674698795,0.4871794871794871,0.0,0.625,195,166,16.492148394274178,18.23000237156319,106.19459094033664,118.02346546938988,0.651924793088652,0.6005646567488869,8.573197963639082,8.699222624709858,1,0,Royal Challengers Bangalore,1,158,155,6,6,wickets,0,4
733979,2014-05-05,2014,Ahmedabad,"Sardar Patel Stadium, Motera",Rajasthan Royals,Kolkata Knight Riders,Kolkata Knight Riders,field,0.5022222222222222,0.4978540772532189,0.6,0.4,161.80444444444444,158.06008583690988,163.0222222222222,157.60515021459227,6.0,6.055793991416309,5.764444444444444,5.832618025751073,0.75,0.0,0.4166666666666667,225,233,16.82708395089333,19.18824371629532,121.236074201514,133.899606337766,0.627364521926402,0.5313194654508684,8.35901487890084,8.164092404994141,0,0,Rajasthan Royals,1,170,160,6,6,runs,10,0
733981,2014-05-05,2014,Delhi,Feroz Shah Kotla,Delhi Daredevils,Chennai Super Kings,Chennai Super Kings,field,0.4471544715447154,0.5611814345991561,0.4,1.0,151.04065040650406,164.71729957805908,156.4878048780488,158.45569620253164,5.975609756097561,5.354430379746836,5.845528455284553,6.172995780590718,0.4390243902439024,0.8,0.3333333333333333,123,237,15.925857685140071,18.325440446154406,113.66132186062048,111.8860606508702,0.4915956357485593,0.4314510178021531,8.748346160425289,8.81441509569299,0,0,Chennai Super Kings,0,178,181,5,2,wickets,0,8
733983,2014-05-06,2014,Mumbai,Wankhede Stadium,Mumbai Indians,Royal Challengers Bangalore,Royal Challengers Bangalore,field,0.532258064516129,0.4846938775510204,0.2,0.4,163.125,155.52551020408163,159.5483870967742,158.79591836734693,6.044354838709677,5.923469387755102,6.221774193548387,5.841836734693878,0.62,0.2857142857142857,0.4,248,196,14.163187268011873,16.432540314423772,120.87438835561603,105.27960452757884,0.5372501047103071,0.6552939646775285,8.22456705378152,8.554993748555717,0,0,Mumbai Indians,1,187,168,5,8,runs,19,0
733985,2014-05-07,2014,Delhi,Feroz Shah Kotla,Delhi Daredevils,Kolkata Knight Riders,Delhi Daredevils,bat,0.4435483870967742,0.4957264957264957,0.2,0.2,151.25806451612902,158.06837606837607,156.68548387096774,157.65811965811966,5.967741935483871,6.055555555555555,5.814516129032258,5.833333333333333,0.4285714285714285,0.75,0.5555555555555556,124,234,15.336115450046684,19.340067267465983,107.65135671503236,128.02040217843975,0.5001629135385501,0.505822146495517,8.696556947103973,7.83274216631088,1,1,Kolkata Knight Riders,0,160,161,5,2,wickets,0,8
733987,2014-05-07,2014,Cuttack,Barabati Stadium,Kings XI Punjab,Chennai Super Kings,Chennai Super Kings,field,0.4864864864864865,0.5630252100840336,0.8,1.0,158.39864864864865,164.78571428571428,159.22297297297297,158.53781512605042,5.891891891891892,5.340336134453781,5.641891891891892,6.168067226890757,0.0,0.5,0.3333333333333333,148,238,15.43908603500826,18.44033173161646,122.94510352691567,111.917469547541,0.4809981798378528,0.4229402200479459,8.848103941947624,8.83281118795464,0,0,Kings XI Punjab,1,231,187,4,6,runs,44,0
733989,2014-05-08,2014,Ahmedabad,"Sardar Patel Stadium, Motera",Rajasthan Royals,Sunrisers Hyderabad,Rajasthan Royals,field,0.504424778761062,0.4790419161676646,0.6,0.4,161.84070796460176,167.14970059880238,163.00884955752213,166.76047904191617,6.0,5.946107784431137,5.765486725663717,6.041916167664671,0.8,0.5,0.5,226,167,17.02211439882742,18.623422338814745,116.42877772031866,119.12634278450446,0.6844315779247285,0.5947894864048073,8.314516623762772,8.63640844689979,1,0,Sunrisers Hyderabad,0,102,134,10,9,runs,32,0
733991,2014-05-09,2014,Bangalore,M Chinnaswamy Stadium,Royal Challengers Bangalore,Kings XI Punjab,Royal Challengers Bangalore,field,0.482233502538071,0.4899328859060403,0.2,0.8,155.58883248730965,158.88590604026845,158.93908629441626,159.40939597315435,5.934010152284264,5.879194630872483,5.83756345177665,5.644295302013423,0.5,0.6666666666666666,0.4,197,149,16.356169328442864,15.79212117952721,108.4957107234074,123.89918687416034,0.6562378886983631,0.5058565076539164,7.959680344058081,9.087078019474422,1,0,Kings XI Punjab,0,166,198,9,8,runs,32,0
733993,2014-05-10,2014,Delhi,Feroz Shah Kotla,Delhi Daredevils,Sunrisers Hyderabad,Sunrisers Hyderabad,field,0.44,0.4821428571428571,0.2,0.6,151.328,166.95238095238096,156.72,166.375,5.96,5.964285714285714,5.784,6.065476190476191,0.4186046511627907,0.3333333333333333,0.25,125,168,14.93290767475181,18.51127238613948,110.87643672979512,118.71227871532128,0.5241724941724942,0.5983244877085179,8.412944537963702,8.611793633307192,0,0,Sunrisers Hyderabad,0,143,44,7,2,wickets,0,8
733995,2014-05-10,2014,Mumbai,Wankhede Stadium,Mumbai Indians,Chennai Super Kings,Chennai Super Kings,field,0.5341365461847389,0.5606694560669456,0.4,0.8,163.22088353413653,164.8786610878661,159.58232931726909,158.84100418410043,6.040160642570281,5.343096234309623,6.228915662650603,6.158995815899582,0.6274509803921569,0.5,0.5,249,239,14.251446481658029,16.970050635266425,120.5233665091894,107.08805484800722,0.5615014631510644,0.4831753026128682,8.16608164365653,8.786629366158373,0,0,Chennai Super Kings,0,157,160,6,6,wickets,0,4
733999,2014-05-11,2014,Bangalore,M Chinnaswamy Stadium,Royal Challengers Bangalore,Rajasthan Royals,Royal Challengers Bangalore,bat,0.4797979797979798,0.5022026431718062,0.2,0.6,155.64141414141417,161.5770925110132,159.13636363636363,162.88105726872246,5.94949494949495,6.0176211453744495,5.848484848484849,5.779735682819383,0.4878048780487805,0.5,0.5,198,227,16.65720253576992,17.261584659727536,107.33598207893344,119.22414986284944,0.6854543624918102,0.6513165441276041,8.478849506160067,8.20374862013477,1,1,Rajasthan Royals,0,190,191,5,5,wickets,0,5
733997,2014-05-11,2014,Cuttack,Barabati Stadium,Kings XI Punjab,Kolkata Knight Riders,Kolkata Knight Riders,field,0.4933333333333333,0.4978723404255319,0.8,0.4,159.14666666666668,158.08085106382978,159.45333333333335,157.668085106383,5.8933333333333335,6.038297872340426,5.666666666666667,5.829787234042553,0.5,1.0,0.5,150,235,15.013853551507085,18.64592910445395,118.75524813779543,129.32324582564104,0.5420305487350316,0.507946017312216,8.966432725597382,7.824799987759732,0,0,Kolkata Knight Riders,0,149,150,8,1,wickets,0,9
734001,2014-05-12,2014,Hyderabad,"Rajiv Gandhi International Stadium, Uppal",Sunrisers Hyderabad,Mumbai Indians,Sunrisers Hyderabad,bat,0.4852071005917159,0.532,0.6,0.4,166.22485207100593,163.196,166.23668639053255,159.584,5.940828402366864,6.04,6.071005917159764,6.228,0.8571428571428571,0.6,0.5555555555555556,169,250,18.45266278387694,13.867110576242585,118.75437480801855,112.90033699681516,0.6019509661982781,0.5794306577985133,8.608756684083845,8.132277455366609,1,1,Mumbai Indians,0,157,160,3,3,wickets,0,7
734003,2014-05-13,2014,Ranchi,JSCA International Stadium Complex,Chennai Super Kings,Rajasthan Royals,Rajasthan Royals,bat,0.5625,0.5043859649122807,0.8,0.8,164.85833333333332,161.7061403508772,158.83333333333334,163.0,5.345833333333333,6.0131578947368425,6.158333333333333,5.776315789473684,1.0,0.5,0.5294117647058824,240,228,17.554677746037804,14.935386161373405,109.02574968647218,129.58350848365964,0.5257025129802055,0.6670423037887153,9.130833791045022,8.21187889688596,0,1,Chennai Super Kings,1,149,148,5,8,wickets,0,5
734005,2014-05-13,2014,Bangalore,M Chinnaswamy Stadium,Royal Challengers Bangalore,Delhi Daredevils,Delhi Daredevils,field,0.4773869346733668,0.4365079365079365,0.2,0.2,155.8140703517588,151.26190476190476,159.2964824120603,155.82539682539684,5.944723618090452,5.968253968253968,5.844221105527638,5.753968253968254,0.4761904761904761,0.6666666666666666,0.5,199,126,17.226031921203155,16.12450018086375,109.55923945565915,112.37171243926736,0.512903408772974,0.4721700283764092,7.657968965094809,9.063245126299735,0,0,Royal Challengers Bangalore,1,186,170,4,7,runs,16,0
734009,2014-05-14,2014,Cuttack,Barabati Stadium,Kolkata Knight Riders,Mumbai Indians,Kolkata Knight Riders,field,0.5,0.5338645418326693,0.4,0.6,158.04661016949152,163.18326693227093,157.63135593220338,159.57370517928288,6.016949152542373,6.027888446215139,5.838983050847458,6.215139442231076,1.0,0.5,0.2941176470588235,236,251,17.575019995036207,14.22445604428786,130.35936589688228,113.18966099517584,0.5298831221077709,0.5735603109620087,7.716690907357975,8.11857017839778,1,0,Kolkata Knight Riders,1,142,141,4,5,wickets,0,6
734007,2014-05-14,2014,Hyderabad,"Rajiv Gandhi International Stadium, Uppal",Sunrisers Hyderabad,Kings XI Punjab,Kings XI Punjab,field,0.4823529411764706,0.4900662251655629,0.6,0.6,166.1705882352941,159.0794701986755,166.2,159.39072847682118,5.923529411764706,5.9072847682119205,6.052941176470588,5.635761589403973,0.8,0.6,0.8333333333333334,170,151,18.478284188808825,15.295876449903016,118.69430322150173,134.6678528044438,0.5994236971564463,0.6054532020207076,8.611405509582553,8.173135068484436,0,0,Kings XI Punjab,0,205,211,5,4,wickets,0,6
734011,2014-05-15,2014,Ahmedabad,"Sardar Patel Stadium, Motera",Rajasthan Royals,Delhi Daredevils,Delhi Daredevils,field,0.5021834061135371,0.4330708661417323,0.6,0.0,161.64628820960698,151.40944881889763,162.93886462882097,156.06299212598427,6.021834061135372,5.9763779527559056,5.77292576419214,5.74015748031496,0.6666666666666666,1.0,0.6666666666666666,229,127,14.903627694017802,14.808070325900514,126.94655676216084,104.75499878692855,0.6478371110548143,0.4512710473371371,8.623784312865073,9.038327027327348,0,0,Rajasthan Royals,1,201,139,6,9,runs,62,0
734013,2014-05-18,2014,Ranchi,JSCA International Stadium Complex,Chennai Super Kings,Royal Challengers Bangalore,Chennai Super Kings,bat,0.5643153526970954,0.48,0.8,0.4,164.79253112033194,155.965,158.78838174273858,159.35,5.344398340248962,5.935,6.16597510373444,5.85,1.0,0.0,0.8888888888888888,241,200,15.80166233973382,16.21299051434131,105.51123252039623,105.36211993073236,0.5067145528327839,0.6100669904112362,7.947241896773499,7.809423911429807,1,1,Royal Challengers Bangalore,0,138,142,4,5,wickets,0,5
734015,2014-05-18,2014,Hyderabad,"Rajiv Gandhi International Stadium, Uppal",Sunrisers Hyderabad,Kolkata Knight Riders,Sunrisers Hyderabad,bat,0.47953216374269,0.5021097046413502,0.4,0.6,166.39766081871346,157.9789029535865,166.46198830409358,157.56118143459915,5.918128654970761,6.008438818565401,6.04093567251462,5.835443037974684,0.75,0.5,0.4285714285714285,171,237,18.485037848869915,17.57774866724015,119.09862142323776,130.32343034166837,0.6203310807599299,0.5301941698584645,8.618652780452821,7.713456930544245,1,1,Kolkata Knight Riders,0,142,146,8,3,wickets,0,7
734017,2014-05-19,2014,Ahmedabad,"Sardar Patel Stadium, Motera",Rajasthan Royals,Mumbai Indians,Mumbai Indians,bat,0.5043478260869565,0.5317460317460317,0.6,0.6,161.81739130434784,163.0952380952381,162.83478260869566,159.50396825396825,6.021739130434782,6.023809523809524,5.78695652173913,6.206349206349207,0.7142857142857143,0.5,0.5,230,252,16.12572867075157,16.618883467955044,130.54826204134685,115.84378115949156,0.630396320538454,0.6311817435656852,7.880014302682807,8.304300957954387,0,1,Mumbai Indians,0,153,178,8,3,runs,25,0
734019,2014-05-19,2014,Delhi,Feroz Shah Kotla,Delhi Daredevils,Kings XI Punjab,Kings XI Punjab,field,0.4296875,0.4934210526315789,0.0,0.6,151.3125,159.42105263157896,156.4140625,159.69078947368422,6.0,5.894736842105263,5.7421875,5.631578947368421,0.4090909090909091,0.5,0.4444444444444444,128,152,16.18687641505371,16.350063877388983,117.570847593594,137.61921689781707,0.505762664069071,0.5045766480719657,9.165067149363896,8.34225432291327,0,0,Kings XI Punjab,0,164,165,7,6,wickets,0,4
734021,2014-05-20,2014,Hyderabad,"Rajiv Gandhi International Stadium, Uppal",Sunrisers Hyderabad,Royal Challengers Bangalore,Royal Challengers Bangalore,bat,0.4767441860465116,0.4825870646766169,0.4,0.4,166.25581395348837,155.8955223880597,166.34302325581396,159.24378109452735,5.930232558139535,5.930348258706467,6.023255813953488,5.840796019900497,0.7058823529411765,0.25,0.6666666666666666,172,201,15.930223204304784,15.761419282886884,112.7663713504307,106.32657553623486,0.5855776462737414,0.6099843680101301,8.527233379324745,8.15241508500586,0,1,Sunrisers Hyderabad,1,161,160,3,6,wickets,0,7
734023,2014-05-20,2014,Kolkata,Eden Gardens,Kolkata Knight Riders,Chennai Super Kings,Kolkata Knight Riders,field,0.5042016806722689,0.5619834710743802,0.8,0.6,157.92857142857142,164.6818181818182,157.49579831932772,158.7190082644628,5.995798319327731,5.338842975206612,5.84453781512605,6.161157024793388,0.5614035087719298,0.625,0.2142857142857142,238,242,18.190121607868917,18.346085703996454,131.58367575024124,111.7351350364982,0.5286464727574672,0.4218229528595382,7.895287608469497,8.866899145306784,1,0,Kolkata Knight Riders,1,156,154,2,4,wickets,0,8
734025,2014-05-21,2014,Chandigarh,"Punjab Cricket Association Stadium, Mohali",Kings XI Punjab,Mumbai Indians,Mumbai Indians,field,0.4967320261437908,0.5335968379446641,0.8,0.6,159.45751633986927,163.15415019762847,159.718954248366,159.47826086956522,5.895424836601308,6.011857707509882,5.640522875816994,6.213438735177865,0.5357142857142857,0.25,0.5,153,253,17.743971721300763,16.750578800963908,137.07951582683913,113.43950718218257,0.4535049041135998,0.6228814291293637,8.406692977626214,8.41388159600932,0,0,Mumbai Indians,0,156,159,8,3,wickets,0,7
734027,2014-05-22,2014,Kolkata,Eden Gardens,Kolkata Knight Riders,Royal Challengers Bangalore,Royal Challengers Bangalore,field,0.5062761506276151,0.4801980198019802,1.0,0.4,157.9205020920502,155.9158415841584,157.48117154811715,159.25247524752476,5.97907949790795,5.930693069306931,5.836820083682008,5.826732673267327,0.5689655172413793,0.2857142857142857,0.7,239,202,17.84752764458581,15.152040279223824,131.6472643117097,104.63350426195564,0.5331709421352661,0.5841455812220431,7.786032337490058,8.092829952620333,0,0,Kolkata Knight Riders,1,195,165,4,5,runs,30,0
734029,2014-05-22,2014,Ranchi,JSCA International Stadium Complex,Chennai Super Kings,Sunrisers Hyderabad,Sunrisers Hyderabad,field,0.5596707818930041,0.4797687861271676,0.4,0.4,164.6378600823045,166.22543352601156,158.70781893004116,166.3063583815029,5.333333333333333,5.913294797687861,6.1440329218107,6.023121387283237,0.6666666666666666,0.5,0.5,243,173,18.68454954485244,15.913095330688051,123.22900659394028,112.9734106342686,0.5083846080117242,0.5945723153926391,8.825055639556172,8.582028790079603,0,0,Sunrisers Hyderabad,0,185,189,3,4,wickets,0,6
734031,2014-05-23,2014,Mumbai,Wankhede Stadium,Mumbai Indians,Delhi Daredevils,Delhi Daredevils,field,0.5354330708661418,0.4263565891472868,0.6,0.0,163.13779527559055,151.4108527131783,159.46456692913387,156.48062015503876,6.0,6.007751937984496,6.2204724409448815,5.744186046511628,0.6153846153846154,0.3333333333333333,0.7142857142857143,254,129,17.512913023865103,14.201198707621971,116.73750547049012,105.34394189346204,0.6353888210232901,0.5699662244163289,8.295188920486224,8.989305726164154,0,0,Mumbai Indians,1,173,158,10,4,runs,15,0
734033,2014-05-23,2014,Chandigarh,"Punjab Cricket Association Stadium, Mohali",Kings XI Punjab,Rajasthan Royals,Rajasthan Royals,field,0.4935064935064935,0.5021645021645021,0.6,0.4,159.43506493506493,161.7792207792208,159.71428571428572,162.9004329004329,5.909090909090909,6.03030303030303,5.623376623376624,5.774891774891775,0.5172413793103449,0.6,0.4545454545454545,154,231,17.59709273491373,16.910343809844157,114.26923213565895,129.43941542673016,0.4930559146735617,0.7067700935926643,8.639186629875832,7.535771392899093,0,0,Kings XI Punjab,1,179,163,4,8,runs,16,0
734035,2014-05-24,2014,Bangalore,M Chinnaswamy Stadium,Royal Challengers Bangalore,Chennai Super Kings,Chennai Super Kings,field,0.4778325123152709,0.5573770491803278,0.4,0.4,155.96059113300493,164.72131147540983,159.42857142857142,158.83196721311475,5.926108374384237,5.323770491803279,5.817733990147783,6.135245901639344,0.4883720930232558,0.4,0.5,203,244,15.909238756693007,16.68401367722731,112.44012378426169,113.03145159742502,0.498998564208766,0.5595069252086041,7.911686148774189,8.759796137967282,0,0,Chennai Super Kings,0,154,160,6,2,wickets,0,8
734037,2014-05-24,2014,Kolkata,Eden Gardens,Kolkata Knight Riders,Sunrisers Hyderabad,Kolkata Knight Riders,field,0.5083333333333333,0.4827586206896552,1.0,0.4,158.075,166.35632183908046,157.5125,166.41379310344828,5.970833333333333,5.902298850574713,5.833333333333333,6.005747126436781,0.576271186440678,0.4,0.7,240,174,17.868757198897235,14.529631289298532,132.05321242466695,112.80661233502722,0.5297700693194222,0.5979106307993077,7.786411492907145,8.69309563494599,1,0,Kolkata Knight Riders,1,161,160,6,7,wickets,0,4
734039,2014-05-25,2014,Chandigarh,"Punjab Cricket Association Stadium, Mohali",Kings XI Punjab,Delhi Daredevils,Kings XI Punjab,field,0.4967741935483871,0.4230769230769231,0.6,0.0,159.56129032258065,151.46153846153845,159.73548387096776,156.6076923076923,5.896774193548387,5.992307692307692,5.638709677419355,5.776923076923077,0.5333333333333333,0.5,0.7142857142857143,155,130,16.77341453984176,14.551364020914631,125.15911331857404,113.39026887686114,0.4840594755765925,0.543065937123208,8.421022457891159,8.654859771306471,1,0,Kings XI Punjab,1,119,115,3,10,wickets,0,7
734041,2014-05-25,2014,Mumbai,Wankhede Stadium,Mumbai Indians,Rajasthan Royals,Mumbai Indians,field,0.5372549019607843,0.5,0.8,0.4,163.1764705882353,161.7844827586207,159.45882352941177,162.9698275862069,6.015686274509804,6.038793103448276,6.211764705882353,5.767241379310345,0.6226415094339622,0.6666666666666666,0.4375,255,232,17.158364446718444,16.479535689323942,116.76489611967236,125.7299089676226,0.625569596366206,0.7350320997450184,8.617154604421966,7.643970442792573,1,0,Mumbai Indians,1,195,189,5,4,wickets,0,5
734043,2014-05-27,2014,Kolkata,Eden Gardens,Kings XI Punjab,Kolkata Knight Riders,Kings XI Punjab,field,0.5,0.5103734439834025,0.8,1.0,159.30128205128204,158.08713692946057,159.44871794871796,157.52282157676348,5.878205128205129,5.970954356846473,5.666666666666667,5.838174273858921,0.375,0.5833333333333334,0.4444444444444444,156,241,16.71776380830338,17.61324271611145,124.96844723420212,131.43665208858258,0.4906227106227107,0.532428739835063,8.388938091890532,7.711900690390902,1,0,Kolkata Knight Riders,0,135,163,8,8,runs,28,0
734045,2014-05-28,2014,Mumbai,Brabourne Stadium,Chennai Super Kings,Mumbai Indians,Chennai Super Kings,field,0.5591836734693878,0.5390625,0.4,0.8,164.70204081632653,163.30078125,158.81224489795918,159.57421875,5.310204081632653,6.01171875,6.134693877551021,6.203125,0.5,0.8333333333333334,0.4761904761904761,245,256,17.740473669277723,17.03607692250071,109.75031333910913,118.27409724540756,0.5161461569929036,0.6059010794712061,9.133646011650422,8.565240219011507,1,0,Chennai Super Kings,1,176,173,3,8,wickets,0,7
734047,2014-05-30,2014,Mumbai,Wankhede Stadium,Chennai Super Kings,Kings XI Punjab,Chennai Super Kings,field,0.5609756097560976,0.4968152866242038,0.4,0.6,164.7479674796748,159.1464968152866,158.869918699187,159.47133757961782,5.300813008130081,5.89171974522293,6.142276422764228,5.681528662420382,0.5454545454545454,0.3333333333333333,0.6666666666666666,246,157,17.761023762837276,14.626428129990533,109.8051524653523,120.16492429831602,0.5157724239604243,0.6857433298272493,9.148176666941543,8.162607669487343,1,0,Kings XI Punjab,0,202,226,7,6,runs,24,0
734049,2014-06-01,2014,Bangalore,M Chinnaswamy Stadium,Kolkata Knight Riders,Kings XI Punjab,Kolkata Knight Riders,field,0.512396694214876,0.5,1.0,0.6,158.10743801652893,159.56962025316454,157.4297520661157,159.7405063291139,5.979338842975206,5.89240506329114,5.847107438016529,5.689873417721519,0.5,0.7142857142857143,0.5833333333333334,242,158,17.609950574134373,14.666456828288863,131.6449491170977,119.2152172697254,0.5351061066400299,0.6301394564727612,7.708771915094985,8.223548809789106,1,0,Kolkata Knight Riders,1,200,199,7,4,wickets,0,3
829705,2015-04-08,2015,Kolkata,Eden Gardens,Kolkata Knight Riders,Mumbai Indians,Kolkata Knight Riders,field,0.51440329218107,0.5369649805447471,1.0,0.8,158.2798353909465,163.3385214007782,157.6008230452675,159.63813229571986,5.983539094650205,6.019455252918288,5.839506172839506,6.190661478599222,0.5901639344262295,0.8,0.3333333333333333,243,257,18.063580378150025,13.362808209302411,135.09770336511068,115.75175697395234,0.6018377190361353,0.6772802031933911,8.05257444555601,8.321256126369004,1,0,Kolkata Knight Riders,1,170,168,3,3,wickets,0,7
829707,2015-04-09,2015,Chennai,"MA Chidambaram Stadium, Chepauk",Chennai Super Kings,Delhi Daredevils,Delhi Daredevils,field,0.5587044534412956,0.4198473282442748,0.4,0.0,164.8987854251012,151.18320610687022,159.1417004048583,156.3206106870229,5.307692307692308,6.022900763358779,6.1417004048583,5.755725190839694,0.6923076923076923,0.3333333333333333,0.6666666666666666,247,131,17.073300341943128,15.850394308008337,110.32426451722873,120.32624095930584,0.5922007375979268,0.577481013138908,9.09699952315011,7.5803315807637075,0,0,Chennai Super Kings,1,150,149,7,9,runs,1,0
829709,2015-04-10,2015,Pune,Maharashtra Cricket Association Stadium,Kings XI Punjab,Rajasthan Royals,Kings XI Punjab,field,0.4968553459119497,0.4978540772532189,0.6,0.2,159.8176100628931,161.90128755364807,159.9937106918239,163.10729613733906,5.880503144654088,6.030042918454936,5.69811320754717,5.763948497854077,0.0,0.0,0.5,159,233,15.50732645250473,15.356122832627197,125.9862139689539,119.9114543377557,0.5835348162475822,0.6102633190231145,9.41384894256582,8.837468866455701,1,0,Rajasthan Royals,0,136,162,8,7,runs,26,0
829711,2015-04-11,2015,Chennai,"MA Chidambaram Stadium, Chepauk",Chennai Super Kings,Sunrisers Hyderabad,Chennai Super Kings,bat,0.5604838709677419,0.48,0.6,0.4,164.83870967741936,166.32,159.1008064516129,166.38285714285715,5.314516129032258,5.908571428571428,6.153225806451613,6.005714285714285,0.7,0.0,0.4545454545454545,248,175,17.027166382719376,18.6032957967747,110.3461896108454,111.67024717640646,0.5982927396474653,0.535609439627373,9.085080469576392,9.317095337588864,1,1,Chennai Super Kings,1,209,164,4,6,runs,45,0
829713,2015-04-11,2015,Kolkata,Eden Gardens,Kolkata Knight Riders,Royal Challengers Bangalore,Royal Challengers Bangalore,field,0.5163934426229508,0.4754901960784313,1.0,0.4,158.327868852459,155.95098039215685,157.64344262295083,159.4313725490196,5.971311475409836,5.926470588235294,5.827868852459017,5.799019607843137,0.5967741935483871,0.25,0.7272727272727273,244,204,18.06660067019,16.38216014111791,136.66676881022107,118.26218475252836,0.5847612259926563,0.6087700999053198,8.154179448237024,9.546972895791225,0,0,Royal Challengers Bangalore,0,177,179,6,7,wickets,0,3
829715,2015-04-12,2015,Delhi,Feroz Shah Kotla,Delhi Daredevils,Rajasthan Royals,Rajasthan Royals,field,0.4166666666666667,0.5,0.0,0.4,151.16666666666666,161.9017094017094,156.27272727272728,162.991452991453,6.045454545454546,6.034188034188034,5.765151515151516,5.773504273504273,0.4,0.5,0.5555555555555556,132,234,16.01688021618893,15.428827276813353,118.83203456100088,119.50922976473016,0.6022758195977134,0.6095591222125866,8.223695372888775,8.806412920155722,0,0,Rajasthan Royals,0,184,186,3,7,wickets,0,3
829717,2015-04-12,2015,Mumbai,Wankhede Stadium,Mumbai Indians,Kings XI Punjab,Mumbai Indians,field,0.5348837209302325,0.49375,0.6,0.4,163.35658914728683,159.66875,159.6782945736434,160.00625,6.007751937984496,5.89375,6.178294573643411,5.70625,0.6296296296296297,0.4,0.6,258,160,14.733611465911505,16.022136814714464,117.94477223073169,124.6447048443737,0.6543512627510029,0.4967023235557634,8.56964197304118,9.165967998427096,1,0,Kings XI Punjab,0,159,177,7,5,runs,18,0
829719,2015-04-13,2015,Bangalore,M Chinnaswamy Stadium,Royal Challengers Bangalore,Sunrisers Hyderabad,Sunrisers Hyderabad,field,0.4780487804878048,0.4772727272727273,0.4,0.4,156.06341463414634,166.3068181818182,159.51707317073172,166.625,5.931707317073171,5.909090909090909,5.8,5.994318181818182,0.4772727272727273,0.0,0.6666666666666666,205,176,16.011153096560808,19.561336604207064,114.67479077408473,122.04154972785716,0.5607511948880868,0.5799518597344684,9.54482768859095,9.33355091935768,0,0,Sunrisers Hyderabad,0,166,172,10,2,wickets,0,8
829721,2015-04-14,2015,Ahmedabad,"Sardar Patel Stadium, Motera",Rajasthan Royals,Mumbai Indians,Mumbai Indians,bat,0.502127659574468,0.5328185328185329,0.4,0.4,162.00425531914894,163.33976833976834,163.08085106382978,159.74517374517376,6.038297872340426,6.011583011583012,5.761702127659574,6.173745173745174,0.625,1.0,0.4615384615384615,235,259,15.457880880766446,15.20784249637327,120.23567767664576,116.52168297724366,0.604098912191796,0.6555150176186656,8.774140484133996,8.750660361503941,0,1,Rajasthan Royals,1,165,164,3,6,wickets,0,7
829725,2015-04-15,2015,Pune,Maharashtra Cricket Association Stadium,Kings XI Punjab,Delhi Daredevils,Kings XI Punjab,bat,0.4968944099378882,0.4135338345864661,0.4,0.0,159.77639751552795,151.41353383458647,160.0,156.49624060150376,5.888198757763975,6.022556390977444,5.714285714285714,5.774436090225564,0.0,0.5,0.75,161,133,16.179753165073834,16.96264600794174,124.8614538926048,119.05747325939564,0.5140545260162485,0.5639390445555426,9.206086271621746,8.142575882455997,1,1,Delhi Daredevils,0,165,169,7,5,wickets,0,5
829727,2015-04-16,2015,Visakhapatnam,Dr. Y.S. Rajasekhara Reddy ACA-VDCA Cricket Stadium,Sunrisers Hyderabad,Rajasthan Royals,Rajasthan Royals,field,0.480225988700565,0.5042372881355932,0.6,0.6,166.33898305084745,162.01694915254237,166.62146892655366,163.08474576271186,5.887005649717514,6.02542372881356,6.016949152542373,5.762711864406779,0.0,0.5,0.6666666666666666,177,236,18.63079001972266,15.50480715176173,121.56825043489516,120.270583222295,0.5958779415880411,0.602297796166718,9.02996409332465,8.756593675734756,0,0,Rajasthan Royals,0,127,131,5,4,wickets,0,6
829729,2015-04-17,2015,Mumbai,Wankhede Stadium,Mumbai Indians,Chennai Super Kings,Mumbai Indians,bat,0.5307692307692308,0.56,0.2,0.6,163.34230769230768,165.016,159.76538461538462,159.16,6.0115384615384615,5.324,6.161538461538462,6.14,0.6181818181818182,0.5,0.4666666666666667,260,250,17.475451590088475,17.03167097056511,123.39429272149042,109.9868360323069,0.7135524124220932,0.5974215566981684,8.810498660996242,9.09703396690673,1,1,Chennai Super Kings,0,183,189,7,4,wickets,0,6
829733,2015-04-18,2015,Pune,Maharashtra Cricket Association Stadium,Kings XI Punjab,Kolkata Knight Riders,Kolkata Knight Riders,field,0.4938271604938271,0.516260162601626,0.4,0.8,159.80864197530863,158.4471544715447,160.05555555555554,157.760162601626,5.895061728395062,5.959349593495935,5.709876543209877,5.845528455284553,0.0,1.0,0.4,162,246,16.132738943276753,18.277394424559343,125.43809499617826,136.29593513136965,0.539887370897642,0.5347630485566878,9.196951877760815,8.048520169795452,0,0,Kolkata Knight Riders,0,155,159,9,6,wickets,0,4
829731,2015-04-18,2015,Visakhapatnam,Dr. Y.S. Rajasekhara Reddy ACA-VDCA Cricket Stadium,Sunrisers Hyderabad,Delhi Daredevils,Delhi Daredevils,bat,0.4775280898876404,0.417910447761194,0.4,0.2,166.11797752808988,151.544776119403,166.42134831460675,156.5597014925373,5.882022471910112,6.014925373134329,6.00561797752809,5.783582089552239,0.0,0.5,1.0,178,134,18.724412688641987,16.948473347959343,120.60011196755232,119.07283055144622,0.589327510540067,0.5661930640317737,8.713856286762203,8.139456868798352,0,1,Delhi Daredevils,0,163,167,8,4,runs,4,0
829735,2015-04-19,2015,Ahmedabad,"Sardar Patel Stadium, Motera",Rajasthan Royals,Chennai Super Kings,Chennai Super Kings,bat,0.5063291139240507,0.5617529880478087,0.8,0.6,161.8860759493671,165.11155378486055,162.93248945147678,159.25498007968127,6.0168776371308015,5.318725099601593,5.759493670886076,6.143426294820717,0.6666666666666666,0.0,0.5833333333333334,237,251,17.995668349916635,17.083219913236064,127.3903745629259,110.29141446556253,0.5786139093310088,0.6018853184261128,8.380973699462405,9.093119834449524,0,1,Rajasthan Royals,1,157,156,2,4,wickets,0,8
829737,2015-04-19,2015,Bangalore,M Chinnaswamy Stadium,Royal Challengers Bangalore,Mumbai Indians,Royal Challengers Bangalore,field,0.4757281553398058,0.5287356321839081,0.2,0.0,156.11165048543688,163.4176245210728,159.57766990291262,159.87739463601534,5.951456310679611,6.015325670498084,5.781553398058253,6.153256704980843,0.4666666666666667,0.75,0.375,206,261,16.988205667894665,16.23590746416437,123.80295643133184,120.1587121558514,0.4153716951276953,0.7001240025417524,8.944233865684819,8.532380507208785,1,0,Mumbai Indians,0,191,209,7,7,runs,18,0
829739,2015-04-20,2015,Delhi,Feroz Shah Kotla,Delhi Daredevils,Kolkata Knight Riders,Kolkata Knight Riders,field,0.4222222222222222,0.5182186234817814,0.4,0.8,151.65925925925927,158.4493927125506,156.6074074074074,157.748987854251,6.0,5.959514170040486,5.8,5.8582995951417,0.391304347826087,0.8,0.5,135,247,16.985174202748265,18.19985730439286,119.13641478621052,136.270765693644,0.5727746838141438,0.538123215388077,8.137994654053216,8.046680062321283,0,0,Kolkata Knight Riders,0,146,147,8,4,wickets,0,6
829743,2015-04-22,2015,Visakhapatnam,Dr. Y.S. Rajasekhara Reddy ACA-VDCA Cricket Stadium,Sunrisers Hyderabad,Kolkata Knight Riders,Kolkata Knight Riders,field,0.4748603351955307,0.5201612903225806,0.2,0.8,166.10055865921788,158.40322580645162,166.4245810055866,157.7016129032258,5.893854748603352,5.951612903225806,5.994413407821229,5.866935483870968,0.0,0.5,0.4,179,248,18.69854919294812,18.16799043134806,121.92005412505218,133.66313788880157,0.5952607535745653,0.5917565085597053,8.657472821416015,7.972246228664389,0,0,Sunrisers Hyderabad,1,176,101,4,4,runs,16,0
829745,2015-04-22,2015,Bangalore,M Chinnaswamy Stadium,Royal Challengers Bangalore,Chennai Super Kings,Royal Challengers Bangalore,field,0.4734299516908212,0.5595238095238095,0.2,0.6,156.28019323671498,165.07539682539684,159.81642512077295,159.24603174603175,5.956521739130435,5.313492063492063,5.78743961352657,6.126984126984127,0.4565217391304347,0.5,0.4705882352941176,207,252,16.295519248525064,17.098564982854715,123.43502591775108,110.35523730526978,0.6218257553684404,0.5957159916475385,10.194335863799305,9.086396737209869,1,0,Chennai Super Kings,0,154,181,8,8,runs,27,0
829747,2015-04-23,2015,Delhi,Feroz Shah Kotla,Delhi Daredevils,Mumbai Indians,Mumbai Indians,field,0.4191176470588235,0.5305343511450382,0.4,0.2,151.61764705882354,163.5916030534351,156.53676470588235,159.99618320610688,6.014705882352941,6.019083969465649,5.786764705882353,6.156488549618321,0.3829787234042553,0.4285714285714285,0.7,136,262,15.10017035002006,16.583087716750384,112.02088112794424,121.0547102291867,0.6217043873153714,0.698964609950898,7.625499496381848,8.549578559039581,0,0,Delhi Daredevils,1,190,153,4,9,runs,37,0
829749,2015-04-24,2015,Ahmedabad,"Sardar Patel Stadium, Motera",Rajasthan Royals,Royal Challengers Bangalore,Royal Challengers Bangalore,field,0.5084033613445378,0.4711538461538461,1.0,0.2,161.8655462184874,156.26923076923077,162.9033613445378,159.91826923076923,6.0,5.966346153846154,5.7521008403361344,5.798076923076923,0.7,0.5,0.4285714285714285,238,208,17.50555463367804,17.34677223668517,123.54186607237966,121.16078480655348,0.5951606268269005,0.6399784248024583,8.56851108233966,10.372991733930622,0,0,Royal Challengers Bangalore,0,130,134,9,1,wickets,0,9
829751,2015-04-25,2015,Mumbai,Wankhede Stadium,Mumbai Indians,Sunrisers Hyderabad,Mumbai Indians,bat,0.5285171102661597,0.4777777777777778,0.2,0.4,163.55133079847909,166.15555555555557,160.1102661596958,166.0611111111111,6.030418250950571,5.883333333333334,6.14828897338403,5.983333333333333,0.6071428571428571,0.2,0.6363636363636364,263,180,15.779355804297436,17.40701313260912,117.39662640862966,115.0576664817362,0.7059598495542201,0.6021699873127694,8.665613620481981,8.49085384782815,1,1,Mumbai Indians,1,157,137,8,8,runs,20,0
829753,2015-04-25,2015,Chennai,"MA Chidambaram Stadium, Chepauk",Chennai Super Kings,Kings XI Punjab,Chennai Super Kings,bat,0.5612648221343873,0.4907975460122699,0.6,0.2,165.13833992094862,159.77914110429447,159.22529644268775,160.04907975460122,5.324110671936759,5.914110429447852,6.134387351778656,5.711656441717792,0.7073170731707317,0.3333333333333333,0.6,253,163,17.05717036679192,16.933841546443787,110.0702555605248,123.06178648723386,0.5999909487677727,0.5652613087395696,9.060253099242017,9.34202647745384,1,1,Chennai Super Kings,1,192,95,3,9,runs,97,0
829757,2015-04-26,2015,Delhi,Feroz Shah Kotla,Delhi Daredevils,Royal Challengers Bangalore,Royal Challengers Bangalore,field,0.4233576642335766,0.4736842105263157,0.6,0.4,151.8978102189781,156.16267942583733,156.5109489051095,159.77511961722487,6.0,5.942583732057416,5.810218978102189,5.813397129186603,0.3958333333333333,0.6666666666666666,0.2222222222222222,137,209,15.166511024890005,17.53753301250621,112.27509698632892,123.62466189366232,0.6255243615385648,0.5875972921427467,7.634813776919042,10.329952120069889,0,0,Royal Challengers Bangalore,0,95,99,10,0,wickets,0,10
829759,2015-04-27,2015,Chandigarh,"Punjab Cricket Association Stadium, Mohali",Kings XI Punjab,Sunrisers Hyderabad,Kings XI Punjab,field,0.4878048780487805,0.4751381215469613,0.2,0.4,159.3841463414634,165.99447513812154,160.2439024390244,166.0110497237569,5.932926829268292,5.895027624309392,5.695121951219512,5.994475138121547,0.5483870967741935,1.0,0.6,164,181,17.106592273663164,15.71777776216961,117.48216102200576,117.65798369582131,0.4247112012937832,0.6406780086304015,9.161477145638653,8.750754653211066,1,0,Sunrisers Hyderabad,0,130,150,9,6,runs,20,0
829765,2015-04-28,2015,Chennai,"MA Chidambaram Stadium, Chepauk",Chennai Super Kings,Kolkata Knight Riders,Kolkata Knight Riders,field,0.562992125984252,0.52,0.6,0.8,165.24409448818898,158.224,158.9724409448819,157.776,5.31496062992126,5.948,6.145669291338582,5.86,0.7142857142857143,0.3333333333333333,0.6,254,250,17.104005258883827,17.912524122397794,110.16948813221664,130.58061549191868,0.6034716159574584,0.5545000613421666,9.042341970436436,8.306878733276122,0,0,Chennai Super Kings,1,134,132,6,9,runs,2,0
829723,2015-04-30,2015,Kolkata,Eden Gardens,Kolkata Knight Riders,Chennai Super Kings,Kolkata Knight Riders,field,0.5142857142857142,0.5622489959839357,0.8,0.8,158.40408163265306,165.01606425702812,157.73061224489797,159.12048192771084,5.971428571428572,5.309236947791165,5.83265306122449,6.152610441767068,0.5873015873015873,0.5555555555555556,0.2666666666666666,245,249,18.06840989979144,18.87399302153697,130.6537816100029,121.90152495360726,0.5303335124158779,0.6158323768230025,8.3142003415181,9.221943879844304,1,0,Kolkata Knight Riders,1,169,165,3,9,wickets,0,7
829769,2015-05-01,2015,Mumbai,Wankhede Stadium,Mumbai Indians,Rajasthan Royals,Rajasthan Royals,field,0.5303030303030303,0.5062761506276151,0.4,0.8,163.52651515151516,161.73221757322176,160.02272727272728,162.78242677824267,6.037878787878788,6.01255230125523,6.15530303030303,5.7322175732217575,0.6140350877192983,0.5714285714285714,0.4705882352941176,264,239,15.764577950151743,17.205235525928025,118.00609352539144,121.74561000370652,0.711370565877085,0.5058910533910534,8.612198222134221,8.607138571697654,0,0,Mumbai Indians,1,187,179,5,7,runs,8,0
829767,2015-05-01,2015,Delhi,Feroz Shah Kotla,Delhi Daredevils,Kings XI Punjab,Delhi Daredevils,field,0.4172661870503597,0.4848484848484848,0.4,0.2,151.53237410071944,159.20606060606062,156.20143884892087,160.1818181818182,6.028776978417266,5.951515151515151,5.776978417266187,5.696969696969697,0.3877551020408163,0.5714285714285714,0.4,139,165,15.747034178716426,17.79495954376886,115.16125254826903,125.0356509198984,0.590467495141878,0.4740011016116635,7.684181579526071,8.936072047583725,1,0,Delhi Daredevils,1,119,118,1,8,wickets,0,9
829771,2015-05-02,2015,Bangalore,M Chinnaswamy Stadium,Royal Challengers Bangalore,Kolkata Knight Riders,Royal Challengers Bangalore,field,0.4761904761904761,0.5179282868525896,0.4,0.6,155.8904761904762,158.1195219123506,159.46666666666667,157.6812749003984,5.914285714285715,5.960159362549801,5.833333333333333,5.860557768924303,0.4468085106382978,0.5555555555555556,0.4705882352941176,210,251,17.29207738128609,17.76738120956454,118.80133680783096,130.81391517444197,0.6374007936507936,0.5522080742631262,10.329952454629485,8.264650476535039,1,0,Royal Challengers Bangalore,1,115,111,3,4,wickets,0,7
829773,2015-05-02,2015,Hyderabad,"Rajiv Gandhi International Stadium, Uppal",Sunrisers Hyderabad,Chennai Super Kings,Chennai Super Kings,field,0.478021978021978,0.5647058823529412,0.4,0.8,165.9065934065934,165.12156862745098,165.8131868131868,158.86666666666667,5.895604395604396,5.317647058823529,6.010989010989011,6.15686274509804,0.7222222222222222,1.0,0.1818181818181818,182,255,14.94023343351484,17.378006377113074,118.47240648561508,120.01360202091972,0.5681459123957256,0.6509941972846899,8.750498984022967,9.173002885840477,0,0,Sunrisers Hyderabad,1,192,170,7,6,runs,22,0
829775,2015-05-03,2015,Chandigarh,"Punjab Cricket Association Stadium, Mohali",Kings XI Punjab,Mumbai Indians,Mumbai Indians,bat,0.4819277108433735,0.5320754716981132,0.0,0.6,158.9578313253012,163.61509433962263,159.93373493975903,160.0943396226415,5.963855421686747,6.033962264150944,5.668674698795181,6.158490566037736,0.53125,0.4,0.4545454545454545,166,265,15.369737994901282,15.786553651097853,119.64024264691751,118.04333152940484,0.5841983453934572,0.7150611418651979,8.504133026017193,8.624940734468357,0,1,Mumbai Indians,0,149,172,7,3,runs,23,0
829777,2015-05-03,2015,Mumbai,Brabourne Stadium,Rajasthan Royals,Delhi Daredevils,Delhi Daredevils,field,0.5041666666666667,0.4214285714285714,0.6,0.4,161.80416666666667,151.3,162.88333333333333,155.92857142857142,6.016666666666667,5.992857142857143,5.729166666666667,5.792857142857143,0.0,0.0,0.7142857142857143,240,140,17.473739094982076,16.940794504373592,125.31246759532792,117.33738971377522,0.5532423760749082,0.5142623056118902,8.681647909948955,7.6303420596052,0,0,Rajasthan Royals,1,189,175,2,7,runs,14,0
829779,2015-05-04,2015,Chennai,"MA Chidambaram Stadium, Chepauk",Chennai Super Kings,Royal Challengers Bangalore,Chennai Super Kings,bat,0.5625,0.4786729857819905,0.6,0.6,165.140625,155.69668246445497,158.99609375,159.23696682464455,5.3203125,5.900473933649289,6.16015625,5.8246445497630335,0.7209302325581395,0.2857142857142857,0.8,256,211,17.192600461121817,14.607106312818196,110.94731468685356,117.7638339576731,0.6171334056392325,0.5697909663412015,9.065656449303344,10.311483272551328,1,1,Chennai Super Kings,1,148,124,9,10,runs,24,0
829781,2015-05-04,2015,Kolkata,Eden Gardens,Kolkata Knight Riders,Sunrisers Hyderabad,Sunrisers Hyderabad,field,0.5158730158730159,0.4808743169398907,0.4,0.6,157.93253968253967,166.04918032786884,157.51190476190476,165.8360655737705,5.9523809523809526,5.901639344262295,5.849206349206349,6.0109289617486334,0.6,0.3333333333333333,0.7272727272727273,252,183,17.969086681055398,15.057741494577485,127.40557704852904,117.24403518482414,0.5202138327751462,0.5243254239494841,8.021979369272616,8.476141313292045,0,0,Kolkata Knight Riders,1,167,132,7,9,runs,35,0
829783,2015-05-05,2015,Mumbai,Wankhede Stadium,Mumbai Indians,Delhi Daredevils,Delhi Daredevils,bat,0.5338345864661654,0.4184397163120567,0.8,0.4,163.64661654135338,151.46808510638297,160.05263157894737,156.1631205673759,6.022556390977444,6.0,6.161654135338346,5.76595744680851,0.6206896551724138,0.2857142857142857,0.75,266,141,16.441516671847104,15.791959610574676,122.37840036328107,116.01097087800204,0.7800879598928728,0.59514071715079,8.711273130772742,7.654113747366627,0,1,Mumbai Indians,1,153,152,5,6,wickets,0,5
829785,2015-05-06,2015,Bangalore,M Chinnaswamy Stadium,Royal Challengers Bangalore,Kings XI Punjab,Kings XI Punjab,field,0.4764150943396226,0.4790419161676646,0.6,0.0,155.54716981132074,158.89820359281438,159.18396226415095,160.00598802395209,5.919811320754717,5.970059880239521,5.839622641509434,5.652694610778443,0.4583333333333333,0.625,0.3636363636363636,212,167,17.318086847897998,14.952807919150422,120.6816078639043,117.61654438938858,0.6440844522325266,0.5401531035279837,10.272445582372486,8.335634202262554,0,0,Royal Challengers Bangalore,1,226,88,3,10,runs,138,0
829761,2015-05-07,2015,Kolkata,Eden Gardens,Kolkata Knight Riders,Delhi Daredevils,Kolkata Knight Riders,bat,0.5180722891566265,0.4202898550724637,0.6,0.6,158.1726907630522,151.4855072463768,157.77510040160644,156.09420289855072,5.943775100401607,6.028985507246377,5.859437751004016,5.768115942028985,0.59375,0.1666666666666666,0.7142857142857143,249,138,18.199974960081637,16.613835838483787,129.24258585120822,117.89125322654974,0.6009387458349337,0.5812788724374089,7.944962919418899,8.173900038109217,1,1,Kolkata Knight Riders,1,171,158,7,6,runs,13,0
829787,2015-05-07,2015,Mumbai,Brabourne Stadium,Rajasthan Royals,Sunrisers Hyderabad,Rajasthan Royals,field,0.5062240663900415,0.4782608695652174,0.6,0.6,161.91701244813277,165.8641304347826,162.93360995850622,165.8423913043478,6.0,5.918478260869565,5.734439834024896,6.016304347826087,0.5,0.5,0.4615384615384615,241,184,17.437183709868236,16.275289843580836,123.2371030901873,113.56709698922042,0.5915824518348459,0.5282461560404929,8.602246006684986,8.679710373262578,1,0,Sunrisers Hyderabad,0,194,201,7,4,runs,7,0
829789,2015-05-08,2015,Chennai,"MA Chidambaram Stadium, Chepauk",Chennai Super Kings,Mumbai Indians,Chennai Super Kings,bat,0.5642023346303502,0.5355805243445693,0.8,0.8,165.0739299610895,163.6067415730337,158.8599221789883,160.02247191011236,5.334630350194552,6.0187265917602994,6.175097276264592,6.1610486891385765,0.7272727272727273,0.4,0.5,257,267,17.97054772622151,15.962474507351429,121.76870273360132,118.69403444887055,0.6402487743845927,0.7649974806796492,8.979915224475869,9.000677879046993,1,1,Mumbai Indians,0,158,159,5,4,wickets,0,6
829791,2015-05-09,2015,Kolkata,Eden Gardens,Kolkata Knight Riders,Kings XI Punjab,Kings XI Punjab,bat,0.5177865612648221,0.4761904761904761,0.4,0.0,157.9683794466403,158.47619047619048,157.41106719367588,160.39880952380952,5.956521739130435,5.994047619047619,5.861660079051384,5.636904761904762,0.6060606060606061,0.3333333333333333,0.6153846153846154,253,168,17.923459712522103,15.560247114084104,130.1454951602129,111.13399532055,0.5993916320633635,0.412042522555372,7.921360338577156,8.615441326743323,0,1,Kolkata Knight Riders,1,184,183,9,5,wickets,0,1
829793,2015-05-09,2015,Raipur,Shaheed Veer Narayan Singh International Stadium,Delhi Daredevils,Sunrisers Hyderabad,Sunrisers Hyderabad,bat,0.4154929577464789,0.4810810810810811,0.2,0.6,151.4718309859155,166.05405405405406,156.14084507042253,165.9945945945946,6.0,5.908108108108108,5.76056338028169,6.021621621621621,1.0,0.5,0.2,142,185,17.150749322055983,15.4792146298966,121.14202065311824,111.5658595575691,0.5294616027918637,0.5610321819063657,7.572533777967351,8.802016575453576,0,1,Sunrisers Hyderabad,0,157,163,4,4,runs,6,0
829795,2015-05-10,2015,Mumbai,Wankhede Stadium,Mumbai Indians,Royal Challengers Bangalore,Royal Challengers Bangalore,bat,0.5373134328358209,0.4788732394366197,1.0,0.8,163.58955223880596,155.87793427230048,160.01492537313433,158.84976525821597,6.0111940298507465,5.906103286384977,6.156716417910448,5.859154929577465,0.6271186440677966,0.25,0.4545454545454545,268,213,15.838849823975682,17.367547340740202,120.42980253804438,120.8565161297172,0.792670854299687,0.6430095432856169,8.538698273161792,10.228004680065707,0,1,Royal Challengers Bangalore,0,196,235,7,1,runs,39,0
829797,2015-05-10,2015,Chennai,"MA Chidambaram Stadium, Chepauk",Chennai Super Kings,Rajasthan Royals,Chennai Super Kings,bat,0.562015503875969,0.5041322314049587,0.6,0.4,165.04651162790697,162.0495867768595,158.86046511627907,163.0909090909091,5.333333333333333,6.004132231404959,6.166666666666667,5.727272727272728,0.7111111111111111,0.2,0.5555555555555556,258,242,18.05017187198109,17.44856530790054,122.26233397965537,127.00936668848722,0.6348933682056668,0.608739817626573,8.990867192290803,8.457202055653795,1,1,Chennai Super Kings,1,157,145,5,9,runs,12,0
829799,2015-05-11,2015,Hyderabad,"Rajiv Gandhi International Stadium, Uppal",Sunrisers Hyderabad,Kings XI Punjab,Sunrisers Hyderabad,bat,0.4838709677419355,0.4733727810650887,0.8,0.0,166.03763440860214,158.62130177514794,165.94623655913978,160.53846153846155,5.897849462365591,5.988165680473373,6.010752688172043,5.65680473372781,0.7368421052631579,0.6666666666666666,0.7142857142857143,186,169,17.445979178649633,15.576223776223776,120.36108674589669,111.02527144763656,0.5388454543517834,0.5935298268432564,8.883041501811018,8.212217385366502,1,1,Sunrisers Hyderabad,1,185,180,5,7,runs,5,0
829801,2015-05-12,2015,Raipur,Shaheed Veer Narayan Singh International Stadium,Delhi Daredevils,Chennai Super Kings,Chennai Super Kings,bat,0.4125874125874126,0.5637065637065637,0.2,0.6,151.51048951048952,165.01544401544402,156.1888111888112,158.8069498069498,5.986013986013986,5.332046332046332,5.748251748251748,6.177606177606178,0.6666666666666666,0.5,0.2857142857142857,143,259,18.010600788043327,17.77723565505977,117.99543596313455,115.86439791074518,0.4114105408677077,0.5860415194535953,7.532913644835566,8.987308871745357,0,1,Delhi Daredevils,1,120,119,4,6,wickets,0,6
829803,2015-05-13,2015,Chandigarh,"Punjab Cricket Association Stadium, Mohali",Kings XI Punjab,Royal Challengers Bangalore,Royal Challengers Bangalore,field,0.4705882352941176,0.4813084112149532,0.0,0.8,158.7470588235294,156.24766355140187,160.68235294117648,159.02336448598132,5.994117647058824,5.883177570093458,5.652941176470589,5.864485981308412,0.5151515151515151,0.5,0.5454545454545454,170,214,14.168469786334503,17.432319687106066,109.4550518512645,121.01545722308242,0.6185712062862255,0.6298644892775891,8.482200347761074,10.239784712659295,0,0,Kings XI Punjab,1,106,84,6,6,runs,22,0
829805,2015-05-14,2015,Mumbai,Wankhede Stadium,Mumbai Indians,Kolkata Knight Riders,Kolkata Knight Riders,field,0.5353159851301115,0.5196850393700787,0.8,0.6,163.71003717472118,158.0708661417323,160.29368029739777,157.51181102362204,6.014869888475836,5.968503937007874,6.137546468401487,5.858267716535433,0.6166666666666667,0.1428571428571428,0.6666666666666666,269,254,16.428139843193158,17.98856603499214,124.1135651856406,135.28371098640963,0.7652485116519979,0.6057366258711413,8.711471184652858,8.04385713226543,0,0,Mumbai Indians,1,171,166,4,7,runs,5,0
829807,2015-05-15,2015,Hyderabad,"Rajiv Gandhi International Stadium, Uppal",Sunrisers Hyderabad,Royal Challengers Bangalore,Sunrisers Hyderabad,bat,0.4866310160427807,0.4790697674418605,0.8,0.6,166.13903743315507,155.91162790697675,166.02139037433156,158.7767441860465,5.893048128342246,5.883720930232558,6.016042780748663,5.865116279069768,0.75,0.2,0.7142857142857143,187,215,17.88436130419541,16.76929376887165,122.28483903446369,116.05326286301978,0.5373705519338631,0.6030475206611571,8.595470457407341,10.198147577009642,1,1,Royal Challengers Bangalore,0,135,83,3,4,wickets,0,6
829811,2015-05-16,2015,Mumbai,Brabourne Stadium,Rajasthan Royals,Kolkata Knight Riders,Rajasthan Royals,bat,0.5020576131687243,0.5176470588235295,0.2,0.4,161.97942386831275,158.10196078431372,163.06584362139918,157.56470588235294,6.016460905349795,5.972549019607843,5.724279835390947,5.850980392156862,0.3333333333333333,0.0,0.4615384615384615,243,255,17.39129273855424,18.307571150469727,124.44773880435248,131.85626793442304,0.5518579231437696,0.6295881935114358,9.030116736933095,8.140740797057955,1,1,Rajasthan Royals,1,199,190,6,9,runs,9,0
829809,2015-05-16,2015,Chandigarh,"Punjab Cricket Association Stadium, Mohali",Kings XI Punjab,Chennai Super Kings,Kings XI Punjab,bat,0.4736842105263157,0.5615384615384615,0.2,0.4,158.43859649122808,164.83846153846153,160.23391812865498,158.65769230769232,5.994152046783626,5.334615384615384,5.654970760233918,6.1692307692307695,0.5294117647058824,0.6666666666666666,0.4,171,260,14.026256778537862,18.39446764008029,109.54781249626993,114.32596554644849,0.6176344086021505,0.5540223355617209,8.43335212193078,8.832057633729782,1,1,Chennai Super Kings,0,130,134,7,3,wickets,0,7
829815,2015-05-17,2015,Hyderabad,"Rajiv Gandhi International Stadium, Uppal",Sunrisers Hyderabad,Mumbai Indians,Sunrisers Hyderabad,bat,0.4840425531914893,0.5370370370370371,0.6,0.8,165.97340425531914,163.73703703703703,165.57978723404256,160.3148148148148,5.877659574468085,6.007407407407407,6.00531914893617,6.140740740740741,0.7142857142857143,0.6666666666666666,0.5,188,270,18.03370783176464,16.37146980442463,123.59122748704408,124.04830979884775,0.5655386779279313,0.7643620617885954,8.731979859721388,8.718421347960218,1,1,Mumbai Indians,0,113,114,10,1,wickets,0,9
829817,2015-05-19,2015,Mumbai,Wankhede Stadium,Chennai Super Kings,Mumbai Indians,Mumbai Indians,bat,0.5632183908045977,0.5387453874538746,0.6,0.8,164.72030651340995,163.55350553505534,158.54789272030652,160.14022140221402,5.325670498084291,5.988929889298893,6.172413793103448,6.154981549815498,0.5384615384615384,0.6229508196721312,0.4782608695652174,261,271,18.57113008028135,16.430944770557772,120.76361042590143,123.98875420522148,0.6370169815279142,0.7730158285474155,8.988413753351736,8.676582432660343,0,1,Mumbai Indians,0,162,187,10,6,runs,25,0
829819,2015-05-20,2015,Pune,Maharashtra Cricket Association Stadium,Royal Challengers Bangalore,Rajasthan Royals,Royal Challengers Bangalore,bat,0.4814814814814814,0.5040983606557377,0.6,0.4,155.57407407407408,162.13114754098362,158.66666666666666,163.1762295081967,5.875,6.016393442622951,5.851851851851852,5.737704918032787,0.0,0.5,0.4545454545454545,216,244,17.178352120122504,18.12696543719517,120.76921525964008,130.78264510853026,0.6299576200832564,0.5744849053462242,10.270595901587928,8.609823053196356,1,1,Royal Challengers Bangalore,1,180,109,4,10,runs,71,0
829821,2015-05-22,2015,Ranchi,JSCA International Stadium Complex,Chennai Super Kings,Royal Challengers Bangalore,Chennai Super Kings,field,0.5610687022900763,0.4838709677419355,0.4,0.8,164.70992366412213,155.68663594470047,158.65648854961833,158.43778801843317,5.343511450381679,5.8663594470046085,6.17175572519084,5.870967741935484,0.5,0.5,0.8181818181818182,262,217,18.48072907149176,17.175842398455135,120.80802677214513,120.8313863134864,0.6349765757538639,0.6391723246813068,9.00635454736703,10.227950700224117,1,0,Chennai Super Kings,1,140,139,7,8,wickets,0,3
829823,2015-05-24,2015,Kolkata,Eden Gardens,Mumbai Indians,Chennai Super Kings,Chennai Super Kings,field,0.5404411764705882,0.5627376425855514,0.8,0.6,163.63970588235293,164.61596958174906,160.14705882352942,158.58174904942965,5.988970588235294,5.349809885931559,6.169117647058823,6.178707224334601,0.7272727272727273,0.5,0.4375,272,263,16.446698123049398,18.46274640436058,124.12165297383382,120.89141775533476,0.7745994771584463,0.6350487182350047,8.689305644155418,9.006263011345775,0,0,Mumbai Indians,1,202,161,5,8,runs,41,0
980901,2016-04-09,2016,Mumbai,Wankhede Stadium,Mumbai Indians,Rising Pune Supergiants,Mumbai Indians,bat,0.5421245421245421,0.5,0.8,0.5,163.78021978021977,0.0,160.15018315018315,0.0,5.985347985347985,0.0,6.175824175824176,0.0,0.6290322580645161,0.5,0.5,273,0,17.889553012959816,17.4300549567707,128.53638070169734,115.65984083249528,0.7587648628043148,0.6410250887523615,8.650565963296492,9.206854563510642,1,1,Rising Pune Supergiants,0,121,126,8,1,wickets,0,9
980903,2016-04-10,2016,Kolkata,Eden Gardens,Kolkata Knight Riders,Delhi Daredevils,Kolkata Knight Riders,field,0.515625,0.4166666666666667,0.4,0.4,158.2265625,151.29166666666666,157.7265625,155.93055555555554,5.984375,5.972222222222222,5.8515625,5.75,0.6119402985074627,0.1428571428571428,0.75,256,144,18.479689328684906,16.301647518662286,128.9957692956612,126.61191015146018,0.4701855202789898,0.5780891564135257,8.258348239161673,8.058575764121558,1,0,Kolkata Knight Riders,1,99,98,1,10,wickets,0,9
980905,2016-04-11,2016,Chandigarh,"Punjab Cricket Association IS Bindra Stadium, Mohali",Kings XI Punjab,Gujarat Lions,Gujarat Lions,field,0.4709302325581395,0.3076923076923077,0.2,0.2,158.27325581395348,173.30769230769232,160.08139534883722,178.3846153846154,6.0,5.923076923076923,5.6395348837209305,4.461538461538462,0.5,1.0,0.0,172,13,15.99664007860154,16.21514047385285,123.0693547809058,114.2833997277774,0.5269197552575171,0.5417131865388706,8.560249171570089,10.266098452363554,0,0,Gujarat Lions,0,161,162,6,5,wickets,0,5
980907,2016-04-12,2016,Bangalore,M Chinnaswamy Stadium,Royal Challengers Bangalore,Sunrisers Hyderabad,Sunrisers Hyderabad,field,0.481651376146789,0.4814814814814814,0.6,0.6,155.61009174311926,165.6931216931217,158.35321100917432,165.3068783068783,5.876146788990826,5.8994708994709,5.876146788990826,5.978835978835979,0.4693877551020408,0.25,0.6,218,189,17.053328154984158,15.16239695285558,114.25776853495414,113.35991358476171,0.4959295522733031,0.6270946550977468,9.515387058656543,8.935133730516865,0,0,Royal Challengers Bangalore,1,227,182,4,6,runs,45,0
980909,2016-04-13,2016,Kolkata,Eden Gardens,Kolkata Knight Riders,Mumbai Indians,Mumbai Indians,field,0.5175097276264592,0.5401459854014599,0.6,0.8,157.99610894941634,163.62408759124088,157.4941634241245,160.02554744525548,5.964980544747082,5.992700729927007,5.867704280155642,6.156934306569343,0.6176470588235294,0.75,0.3684210526315789,257,274,18.55399622461286,15.980438427953544,126.84541893682048,125.551603483301,0.4892130700895672,0.6506506131494026,7.998198397100169,8.429585376597494,0,0,Mumbai Indians,0,187,188,5,4,wickets,0,6
980911,2016-04-14,2016,Rajkot,Saurashtra Cricket Association Stadium,Gujarat Lions,Rising Pune Supergiants,Rising Pune Supergiants,bat,0.3571428571428571,1.0,0.4,1.0,172.5,126.0,177.14285714285714,121.0,5.857142857142857,1.0,4.571428571428571,8.0,0.25,0.5,0.5,14,1,15.19135545971936,17.428926368662545,118.92339687517364,115.68951026812604,0.5574333655627043,0.6452767719642547,8.178987224404946,9.169718151496395,0,1,Gujarat Lions,1,164,163,3,5,wickets,0,7
980913,2016-04-15,2016,Delhi,Feroz Shah Kotla,Delhi Daredevils,Kings XI Punjab,Delhi Daredevils,field,0.4137931034482758,0.4682080924855491,0.2,0.2,150.9241379310345,158.28901734104045,155.53793103448277,160.09248554913296,6.0,6.0,5.7172413793103445,5.635838150289017,0.4,0.5,0.4545454545454545,145,173,17.805911774270225,17.599595061829667,126.8149686081651,121.66660223700369,0.5261259693542033,0.4703741210906895,7.796945270763453,8.268776046460987,1,0,Delhi Daredevils,1,113,111,2,9,wickets,0,8
980915,2016-04-16,2016,Hyderabad,"Rajiv Gandhi International Stadium, Uppal",Sunrisers Hyderabad,Kolkata Knight Riders,Sunrisers Hyderabad,bat,0.4789473684210526,0.5155038759689923,0.4,0.4,165.77894736842106,158.10852713178295,165.6315789473684,157.6124031007752,5.9,5.961240310077519,5.968421052631579,5.8604651162790695,0.6818181818181818,0.6,0.4375,190,258,15.180264559077692,18.011416609736596,112.98328141145883,135.93094503733,0.552037110176645,0.604575111736728,9.324745567381084,8.048411793496829,1,1,Kolkata Knight Riders,0,142,146,7,2,wickets,0,8
980917,2016-04-16,2016,Mumbai,Wankhede Stadium,Mumbai Indians,Gujarat Lions,Gujarat Lions,field,0.5418181818181819,0.4,0.8,0.6,163.71272727272728,171.93333333333334,160.12363636363636,176.2,5.985454545454545,5.666666666666667,6.152727272727272,4.6,0.6190476190476191,0.0,1.0,275,15,16.810411256607257,14.132133571487527,129.86529622126878,114.54707724862206,0.6250596469078094,0.5654314059329734,8.31987948345097,8.29057761740626,0,0,Gujarat Lions,0,143,147,8,7,wickets,0,3
980921,2016-04-17,2016,Bangalore,M Chinnaswamy Stadium,Royal Challengers Bangalore,Delhi Daredevils,Delhi Daredevils,field,0.4840182648401826,0.4178082191780822,0.6,0.4,155.93607305936072,150.66438356164383,158.46118721461187,155.23287671232876,5.867579908675799,5.972602739726027,5.876712328767123,5.739726027397261,0.48,0.5,0.5714285714285714,219,146,17.406771274110817,16.562838794656564,119.01264586805203,124.26977900322868,0.6298446464885108,0.5819064565413234,9.47816353891578,8.010436532130093,0,0,Delhi Daredevils,0,191,192,5,3,wickets,0,7
980919,2016-04-17,2016,Chandigarh,"Punjab Cricket Association IS Bindra Stadium, Mohali",Kings XI Punjab,Rising Pune Supergiants,Rising Pune Supergiants,bat,0.4655172413793103,0.5,0.2,0.5,158.01724137931035,144.5,159.82183908045977,142.5,6.017241379310345,3.0,5.614942528735632,5.5,0.4,0.5,0.5,174,2,18.75520430583148,17.209937077902875,126.50513920530398,119.82617821971438,0.4029705858446015,0.5867645871181639,8.585703374354575,9.109744202518272,0,1,Kings XI Punjab,1,153,152,4,7,wickets,0,6
980923,2016-04-18,2016,Hyderabad,"Rajiv Gandhi International Stadium, Uppal",Sunrisers Hyderabad,Mumbai Indians,Sunrisers Hyderabad,field,0.4764397905759162,0.5398550724637681,0.2,0.6,165.6544502617801,163.63768115942028,165.52879581151834,160.07608695652175,5.9057591623036645,5.992753623188406,5.947643979057592,6.155797101449275,0.6521739130434783,0.7142857142857143,0.4545454545454545,191,276,15.307507319609176,17.071944065329774,114.45358643072554,131.65131225817152,0.5133890795426056,0.566309576327519,9.210546254726871,8.251068574617411,1,0,Sunrisers Hyderabad,1,145,142,3,6,wickets,0,7
980925,2016-04-19,2016,Chandigarh,"Punjab Cricket Association IS Bindra Stadium, Mohali",Kings XI Punjab,Kolkata Knight Riders,Kolkata Knight Riders,field,0.4685714285714286,0.5173745173745173,0.4,0.4,157.98857142857142,158.06177606177607,159.77714285714285,157.55212355212356,6.005714285714285,5.945945945945946,5.622857142857143,5.864864864864865,0.5,0.0,0.3636363636363636,175,259,18.78376655937909,18.032580353989296,126.58282736106509,135.90794711597252,0.38759898544076,0.6048171214097594,8.426313101212893,8.03893648035762,0,0,Kolkata Knight Riders,0,138,141,8,4,wickets,0,6
980927,2016-04-20,2016,Mumbai,Wankhede Stadium,Mumbai Indians,Royal Challengers Bangalore,Mumbai Indians,field,0.5379061371841155,0.4818181818181818,0.4,0.6,163.5595667870036,156.09545454545454,160.0216606498195,158.61363636363637,5.992779783393502,5.863636363636363,6.144404332129964,5.863636363636363,0.609375,0.3333333333333333,0.4166666666666667,277,220,16.871892863302474,19.92125826721751,130.91826502412812,124.34121422282914,0.6281436647116364,0.5561296125844198,8.302425134760448,9.682230910061737,1,0,Mumbai Indians,1,171,170,4,7,wickets,0,6
980929,2016-04-21,2016,Rajkot,Saurashtra Cricket Association Stadium,Gujarat Lions,Sunrisers Hyderabad,Sunrisers Hyderabad,field,0.4375,0.4791666666666667,0.6,0.2,170.375,165.546875,174.125,165.40625,5.75,5.890625,4.8125,5.947916666666667,0.4,0.5,0.0,16,192,14.55735891800059,15.377028676274833,114.3583226895571,112.60711789812018,0.5640200244929315,0.4494908014762223,8.014054905781046,9.163783002440226,0,0,Sunrisers Hyderabad,0,135,137,8,0,wickets,0,10
980931,2016-04-22,2016,Pune,Maharashtra Cricket Association Stadium,Rising Pune Supergiants,Royal Challengers Bangalore,Rising Pune Supergiants,field,0.3333333333333333,0.4796380090497738,0.3333333333333333,0.4,147.0,156.15837104072398,146.0,158.66968325791856,4.333333333333333,5.868778280542986,5.0,5.855203619909502,0.5,0.3333333333333333,0.5,3,221,16.52898027023758,18.262364881587818,119.1638545691619,117.95723104651825,0.5861360240298755,0.4254401522889776,9.079973681878885,9.823444991103258,1,0,Royal Challengers Bangalore,0,172,185,9,3,runs,13,0
980933,2016-04-23,2016,Delhi,Feroz Shah Kotla,Delhi Daredevils,Mumbai Indians,Mumbai Indians,field,0.4217687074829932,0.539568345323741,0.6,0.4,150.94557823129253,163.5863309352518,155.47619047619048,160.05755395683454,5.9523809523809526,5.985611510791367,5.73469387755102,6.14748201438849,0.4117647058823529,0.375,0.7272727272727273,147,278,15.93610594675709,16.87055686626922,120.4245500329862,130.97856524770785,0.6510046706248919,0.6266189726654747,7.824549331128015,8.304404089161164,0,0,Delhi Daredevils,1,164,154,4,7,runs,10,0
980935,2016-04-23,2016,Hyderabad,"Rajiv Gandhi International Stadium, Uppal",Sunrisers Hyderabad,Kings XI Punjab,Sunrisers Hyderabad,field,0.4818652849740932,0.4659090909090909,0.4,0.2,165.39896373056996,157.875,165.24870466321244,159.67045454545453,5.860103626943006,6.017045454545454,5.958549222797927,5.613636363636363,0.6666666666666666,0.5714285714285714,0.75,193,176,15.408259948262042,15.651255522523437,112.62290083536362,120.74092335766764,0.4562724161908944,0.427362821162819,9.104587632282628,8.58632747834083,1,0,Sunrisers Hyderabad,1,146,143,5,6,wickets,0,5
980937,2016-04-24,2016,Rajkot,Saurashtra Cricket Association Stadium,Gujarat Lions,Royal Challengers Bangalore,Royal Challengers Bangalore,bat,0.4117647058823529,0.481981981981982,0.6,0.4,168.2941176470588,156.2882882882883,171.94117647058823,158.72972972972974,5.882352941176471,5.855855855855856,4.529411764705882,5.86936936936937,0.3333333333333333,1.0,0.0,17,222,16.192437951026218,17.615520313789137,116.86745411153048,111.37894895815886,0.5855053745143718,0.4824142428590061,8.277965603747113,9.340126721666705,0,1,Gujarat Lions,1,182,180,4,2,wickets,0,6
980939,2016-04-24,2016,Pune,Maharashtra Cricket Association Stadium,Rising Pune Supergiants,Kolkata Knight Riders,Kolkata Knight Riders,field,0.25,0.5192307692307693,0.25,0.6,153.25,157.99615384615385,155.75,157.47692307692307,5.5,5.938461538461539,4.5,5.873076923076923,0.0,1.0,0.5,4,260,16.837624380821794,16.851046051350433,124.03877228842434,135.61982532481122,0.5530671028917887,0.6214604362227086,9.241813432847644,8.268063494113054,0,0,Kolkata Knight Riders,0,160,162,5,8,wickets,0,2
980941,2016-04-25,2016,Chandigarh,"Punjab Cricket Association IS Bindra Stadium, Mohali",Kings XI Punjab,Mumbai Indians,Kings XI Punjab,field,0.4632768361581921,0.5376344086021505,0.2,0.4,157.7909604519774,163.55197132616487,159.59322033898306,160.07168458781362,6.016949152542373,5.989247311827957,5.610169491525424,6.139784946236559,0.4285714285714285,0.5,0.4166666666666667,177,279,16.002270694578815,16.807250371150047,118.69332127825048,130.94801480274165,0.4905246832133624,0.6247165298573901,8.227062784078758,8.300837358042806,1,0,Mumbai Indians,0,164,189,7,6,runs,25,0
980943,2016-04-26,2016,Hyderabad,"Rajiv Gandhi International Stadium, Uppal",Sunrisers Hyderabad,Rising Pune Supergiants,Rising Pune Supergiants,field,0.4845360824742268,0.2,0.6,0.2,165.29896907216494,154.6,165.1340206185567,157.0,5.855670103092783,5.4,5.958762886597938,5.2,0.68,0.5,0.5,194,5,15.419468844345117,17.61657522091911,113.2864519486754,117.67314204623462,0.5082269472866666,0.5904526290758642,8.801704708677692,9.415356063706032,0,0,Rising Pune Supergiants,0,118,94,8,3,runs,34,0
980945,2016-04-27,2016,Delhi,Feroz Shah Kotla,Delhi Daredevils,Gujarat Lions,Delhi Daredevils,field,0.4256756756756756,0.4444444444444444,0.8,0.8,151.03378378378378,169.05555555555554,155.46621621621622,172.38888888888889,5.9391891891891895,5.777777777777778,5.743243243243243,4.388888888888889,0.4230769230769231,0.0,1.0,148,18,15.7597681593643,17.134320834222876,116.4820724719692,122.2374997759172,0.6079498275396668,0.579841376522878,7.771140641723455,10.006645399807852,1,0,Gujarat Lions,0,171,172,5,6,runs,1,0
980947,2016-04-28,2016,Mumbai,Wankhede Stadium,Mumbai Indians,Kolkata Knight Riders,Mumbai Indians,field,0.5392857142857143,0.5210727969348659,0.4,0.8,163.64285714285714,158.01149425287358,160.0857142857143,157.48659003831418,5.989285714285714,5.946360153256705,6.142857142857143,5.869731800766283,0.6153846153846154,0.125,0.6875,280,261,16.838098130224562,19.23892624219757,131.04701205152307,136.53815212336596,0.6276635778291385,0.5197368288277379,8.298989092786393,8.394193319175749,1,0,Mumbai Indians,1,178,174,4,5,wickets,0,6
980949,2016-04-29,2016,Pune,Maharashtra Cricket Association Stadium,Rising Pune Supergiants,Gujarat Lions,Gujarat Lions,field,0.3333333333333333,0.4736842105263157,0.2,0.8,144.5,169.21052631578948,150.5,172.31578947368422,5.0,5.789473684210527,5.666666666666667,4.421052631578948,0.0,0.0,0.5,6,19,14.530145014196735,18.67102708465089,115.23284170762432,129.12872801519558,0.640989321928785,0.5448590052622029,8.513284169816036,10.32220052620583,0,0,Gujarat Lions,0,195,196,3,7,wickets,0,3
980951,2016-04-30,2016,Delhi,Feroz Shah Kotla,Delhi Daredevils,Kolkata Knight Riders,Kolkata Knight Riders,field,0.4228187919463087,0.5190839694656488,0.6,0.6,151.16778523489933,158.07251908396947,155.5771812080537,157.5648854961832,5.932885906040268,5.942748091603053,5.74496644295302,5.862595419847328,0.4150943396226415,0.8333333333333334,0.4545454545454545,149,262,17.57091362310129,16.351005294022073,127.4301766121779,131.9184020323989,0.4600734077452481,0.6638538887860128,8.133343245203855,8.358107067066854,0,0,Delhi Daredevils,1,186,159,8,10,runs,27,0
980953,2016-04-30,2016,Hyderabad,"Rajiv Gandhi International Stadium, Uppal",Sunrisers Hyderabad,Royal Challengers Bangalore,Royal Challengers Bangalore,field,0.482051282051282,0.4798206278026906,0.6,0.4,165.05641025641026,156.39461883408072,164.76923076923077,158.8340807174888,5.866666666666666,5.838565022421525,5.943589743589744,5.860986547085202,0.6538461538461539,0.3333333333333333,0.625,195,223,15.399341993521269,15.881682653380125,108.57400012083744,104.09067272711356,0.5870710170606174,0.5107159507159508,9.361104877243044,8.42358319604923,0,0,Sunrisers Hyderabad,1,194,179,5,6,runs,15,0
980957,2016-05-01,2016,Pune,Maharashtra Cricket Association Stadium,Rising Pune Supergiants,Mumbai Indians,Mumbai Indians,field,0.2857142857142857,0.5409252669039146,0.2,0.6,151.71428571428572,163.69395017793593,157.0,160.135231316726,4.714285714285714,5.98220640569395,5.857142857142857,6.1387900355871885,0.0,0.5,0.5,7,281,14.550183649371212,16.83835036504074,112.2905948405224,131.14508184933072,0.6067854050721563,0.6281955954144429,8.54741447445355,8.301319482125253,0,0,Mumbai Indians,0,159,161,5,2,wickets,0,8
980955,2016-05-01,2016,Rajkot,Saurashtra Cricket Association Stadium,Gujarat Lions,Kings XI Punjab,Gujarat Lions,field,0.5,0.4606741573033708,0.8,0.2,170.55,157.82584269662922,173.45,159.75842696629215,5.85,6.022471910112359,4.35,5.612359550561798,0.4285714285714285,1.0,0.0,20,178,18.694454247056274,17.018235387168755,129.31810810523854,123.11597413491351,0.5407097668142348,0.5371107701228318,10.329401421282434,8.59873363445934,1,0,Kings XI Punjab,0,131,154,9,10,runs,23,0
980959,2016-05-02,2016,Bangalore,M Chinnaswamy Stadium,Royal Challengers Bangalore,Kolkata Knight Riders,Kolkata Knight Riders,field,0.4776785714285714,0.5171102661596958,0.2,0.6,156.49553571428572,158.07604562737643,158.99107142857142,157.67300380228136,5.839285714285714,5.9581749049429655,5.857142857142857,5.870722433460076,0.4705882352941176,0.5,0.5,224,263,18.52936071977295,19.6297769470592,109.31948830416222,137.4135330493246,0.5499137328640501,0.5203429458535046,8.404660389389361,8.115517196606577,0,0,Kolkata Knight Riders,0,185,189,7,5,wickets,0,5
980961,2016-05-03,2016,Rajkot,Saurashtra Cricket Association Stadium,Gujarat Lions,Delhi Daredevils,Delhi Daredevils,field,0.4761904761904761,0.4266666666666667,0.6,0.8,168.66666666666666,151.4,172.52380952380952,155.6,6.0,5.946666666666666,4.619047619047619,5.773333333333333,0.375,0.5,0.0,21,150,19.559917543083134,16.59491002999652,129.04018955776226,118.05562091284816,0.4442279736919087,0.5094985892433677,10.43155513336707,7.904859141556777,0,0,Delhi Daredevils,0,149,150,7,2,wickets,0,8
980963,2016-05-04,2016,Kolkata,Eden Gardens,Kolkata Knight Riders,Kings XI Punjab,Kings XI Punjab,field,0.5189393939393939,0.4636871508379888,0.6,0.4,158.1931818181818,157.80446927374302,157.77651515151516,159.5977653631285,5.954545454545454,6.044692737430168,5.875,5.631284916201118,0.6086956521739131,0.3,0.6428571428571429,264,179,17.09134821430257,15.936198638520642,129.74349949299295,123.51374542739288,0.6155096610060432,0.4901235307729921,8.097390377929319,8.447909459313383,0,0,Kolkata Knight Riders,1,164,157,3,9,runs,7,0
980965,2016-05-05,2016,Delhi,Feroz Shah Kotla,Delhi Daredevils,Rising Pune Supergiants,Rising Pune Supergiants,field,0.4304635761589404,0.25,0.8,0.2,151.39072847682118,152.625,155.5562913907285,157.5,5.920529801324503,4.75,5.781456953642384,5.375,0.4259259259259259,0.5,0.5,151,8,16.552241307224065,13.674396784145696,126.11609995569992,112.58526907376636,0.5644958047292143,0.5998755666679775,7.989470350931384,7.483608555328709,0,0,Rising Pune Supergiants,0,162,166,7,3,wickets,0,7
980967,2016-05-06,2016,Hyderabad,"Rajiv Gandhi International Stadium, Uppal",Sunrisers Hyderabad,Gujarat Lions,Sunrisers Hyderabad,field,0.4846938775510204,0.4545454545454545,0.8,0.6,165.20408163265307,167.77272727272728,164.84183673469389,171.5,5.862244897959184,6.045454545454546,5.9438775510204085,4.5,0.6666666666666666,0.0,1.0,196,22,16.26233592656441,17.120766390938403,107.0763337020364,119.36029081253568,0.5566571562183554,0.551951965998534,9.184676914026188,8.479794547470217,1,0,Sunrisers Hyderabad,1,129,126,5,6,wickets,0,5
980969,2016-05-07,2016,Bangalore,M Chinnaswamy Stadium,Royal Challengers Bangalore,Rising Pune Supergiants,Royal Challengers Bangalore,field,0.4755555555555555,0.3333333333333333,0.2,0.4,156.62222222222223,154.11111111111111,159.12444444444444,158.0,5.844444444444444,4.555555555555555,5.8533333333333335,5.555555555555555,0.4615384615384615,0.5,0.5,225,9,18.376832423287222,14.180333390701168,116.10454741534232,108.33043589844031,0.4762646879612683,0.6148696448827973,8.84600850816047,7.646523161861656,1,0,Royal Challengers Bangalore,1,195,191,3,6,wickets,0,7
980971,2016-05-07,2016,Chandigarh,"Punjab Cricket Association IS Bindra Stadium, Mohali",Kings XI Punjab,Delhi Daredevils,Delhi Daredevils,field,0.4611111111111111,0.4276315789473684,0.2,0.6,157.8,151.46052631578948,159.62222222222223,155.625,6.061111111111111,5.927631578947368,5.616666666666666,5.7631578947368425,0.375,0.0,0.6666666666666666,180,152,17.42624649165667,15.471940046485502,122.61050386213796,121.8577330822589,0.4890437635670283,0.5355162644239084,8.505722057714848,8.271454098219484,0,0,Kings XI Punjab,1,181,172,5,5,runs,9,0
980973,2016-05-08,2016,Visakhapatnam,Dr. Y.S. Rajasekhara Reddy ACA-VDCA Cricket Stadium,Mumbai Indians,Sunrisers Hyderabad,Mumbai Indians,field,0.5425531914893617,0.4873096446700508,0.8,0.8,163.68439716312056,165.0203045685279,160.13120567375887,164.64467005076142,5.968085106382978,5.8578680203045685,6.134751773049645,5.944162436548224,1.0,0.25,0.6666666666666666,282,197,16.851900755545277,16.203500458131547,131.16210321097475,106.92140729543954,0.6260704830898921,0.5594241486072349,8.296557581485208,9.153244885340968,1,0,Sunrisers Hyderabad,0,92,177,10,3,runs,85,0
980975,2016-05-08,2016,Kolkata,Eden Gardens,Kolkata Knight Riders,Gujarat Lions,Gujarat Lions,field,0.5207547169811321,0.4347826086956521,0.6,0.4,158.21509433962265,165.95652173913044,157.7735849056604,169.65217391304347,5.943396226415095,6.043478260869565,5.886792452830188,4.521739130434782,0.6142857142857143,1.0,0.0,265,23,17.122630349735044,17.127032720958972,129.7245668688314,118.7645579525452,0.6109741381480511,0.550310389633334,8.110516826949228,8.32227193548367,0,0,Gujarat Lions,0,158,164,4,5,wickets,0,5
980977,2016-05-09,2016,Chandigarh,"Punjab Cricket Association IS Bindra Stadium, Mohali",Kings XI Punjab,Royal Challengers Bangalore,Kings XI Punjab,field,0.4640883977900552,0.4778761061946903,0.4,0.4,157.9281767955801,156.7920353982301,159.69060773480663,159.26548672566372,6.05524861878453,5.831858407079646,5.613259668508287,5.853982300884955,0.4444444444444444,0.5,0.5833333333333334,181,226,15.616819668582943,18.38150839090662,115.03859139144336,116.64475050295954,0.51679164432003,0.5201237695952657,8.811964956716714,8.776935176317444,1,0,Royal Challengers Bangalore,0,174,175,4,6,runs,1,0
980979,2016-05-10,2016,Visakhapatnam,Dr. Y.S. Rajasekhara Reddy ACA-VDCA Cricket Stadium,Rising Pune Supergiants,Sunrisers Hyderabad,Sunrisers Hyderabad,bat,0.3,0.4898989898989899,0.4,0.8,157.8,165.08080808080808,161.7,164.27777777777777,4.7,5.843434343434343,5.3,5.9646464646464645,0.5,0.4,0.5,10,198,13.554642852274805,16.175538416234346,111.20409952498004,106.93835464541856,0.6143570834871231,0.5727651181834389,7.679880212277494,9.10622157019574,0,1,Sunrisers Hyderabad,0,133,137,8,8,runs,4,0
980981,2016-05-11,2016,Bangalore,M Chinnaswamy Stadium,Royal Challengers Bangalore,Mumbai Indians,Mumbai Indians,field,0.4801762114537445,0.5406360424028268,0.4,0.6,156.87224669603523,163.4310954063604,159.33039647577093,160.19081272084804,5.832599118942731,5.982332155477032,5.845814977973569,6.123674911660777,0.4716981132075472,0.7777777777777778,0.3529411764705882,227,283,19.31164952222808,17.281343388918497,115.82899369363984,129.0636398173087,0.5476470937757442,0.5947847975119724,8.61378258935157,8.266842145935607,0,0,Mumbai Indians,0,151,153,4,4,wickets,0,6
980983,2016-05-12,2016,Hyderabad,"Rajiv Gandhi International Stadium, Uppal",Sunrisers Hyderabad,Delhi Daredevils,Delhi Daredevils,field,0.4924623115577889,0.4248366013071895,0.8,0.4,164.9396984924623,151.59477124183007,164.12060301507535,155.79084967320262,5.85427135678392,5.921568627450981,5.974874371859296,5.758169934640523,0.6785714285714286,0.6,0.75,199,153,16.126735720732672,17.69211364503097,107.18820176824464,126.02012368757264,0.5739294078866272,0.507985921033317,9.080126521373458,7.765306352586607,0,0,Delhi Daredevils,0,146,150,8,3,wickets,0,7
980985,2016-05-13,2016,Visakhapatnam,Dr. Y.S. Rajasekhara Reddy ACA-VDCA Cricket Stadium,Mumbai Indians,Kings XI Punjab,Mumbai Indians,bat,0.5422535211267606,0.4615384615384615,0.8,0.4,163.3943661971831,158.0164835164835,160.15845070422534,159.77472527472528,5.975352112676056,6.043956043956044,6.116197183098592,5.615384615384615,0.5,0.5,0.5454545454545454,284,182,16.837263492112065,17.047261449334687,127.28581491914314,122.32662342406562,0.5928296455200428,0.5057610080348063,8.264870228533757,8.466203080875689,1,1,Kings XI Punjab,0,124,127,9,3,wickets,0,7
980987,2016-05-14,2016,Bangalore,M Chinnaswamy Stadium,Royal Challengers Bangalore,Gujarat Lions,Gujarat Lions,field,0.4780701754385965,0.4583333333333333,0.4,0.4,156.84649122807016,165.875,159.30263157894737,169.16666666666666,5.824561403508772,6.0,5.837719298245614,4.5,0.4629629629629629,1.0,0.0,228,24,19.411592977255346,15.321464110650828,116.64967828541836,114.56101312721016,0.5450115157247652,0.5108182311986927,8.607359212335954,8.421283638201784,0,0,Royal Challengers Bangalore,1,248,104,3,10,runs,144,0
980989,2016-05-14,2016,Kolkata,Eden Gardens,Kolkata Knight Riders,Rising Pune Supergiants,Rising Pune Supergiants,bat,0.518796992481203,0.2727272727272727,0.4,0.2,158.21428571428572,155.54545454545453,157.796992481203,159.45454545454547,5.93609022556391,5.0,5.883458646616542,5.545454545454546,0.6056338028169014,0.5,0.5,266,11,18.046580153198917,13.869884909554104,132.2625566534225,110.64569308963227,0.5913329903950163,0.6130287739278445,8.14345078985647,7.694927733181052,0,1,Kolkata Knight Riders,1,66,103,2,6,wickets,0,8
980993,2016-05-15,2016,Visakhapatnam,Dr. Y.S. Rajasekhara Reddy ACA-VDCA Cricket Stadium,Mumbai Indians,Delhi Daredevils,Delhi Daredevils,field,0.5403508771929825,0.4285714285714285,0.6,0.6,163.2561403508772,151.58441558441558,160.0421052631579,155.72727272727272,5.985964912280702,5.902597402597403,6.105263157894737,5.7727272727272725,0.3333333333333333,1.0,0.7777777777777778,285,154,17.312546930392195,16.939568596075024,131.24333436044373,117.4652948988184,0.6053486196394083,0.5359054108846565,8.233575885986616,7.722998727373416,0,0,Mumbai Indians,1,206,126,4,10,runs,80,0
980991,2016-05-15,2016,Chandigarh,"Punjab Cricket Association IS Bindra Stadium, Mohali",Kings XI Punjab,Sunrisers Hyderabad,Kings XI Punjab,bat,0.4644808743169399,0.49,0.6,0.8,157.84699453551912,164.845,159.5792349726776,164.05,6.027322404371585,5.865,5.633879781420765,5.96,0.4,1.0,0.5,183,200,16.931833125044474,15.38819142304273,120.70165551307493,115.57474695815272,0.5024764248167006,0.6274149510371202,8.47769415847331,8.777915092336329,1,1,Sunrisers Hyderabad,0,179,180,4,3,wickets,0,7
980995,2016-05-16,2016,Kolkata,Eden Gardens,Kolkata Knight Riders,Royal Challengers Bangalore,Royal Challengers Bangalore,field,0.5205992509363296,0.4803493449781659,0.6,0.6,157.8689138576779,157.24454148471617,157.59176029962546,159.06113537117903,5.921348314606742,5.812227074235808,5.883895131086143,5.85589519650655,0.6111111111111112,0.3333333333333333,0.6666666666666666,267,229,18.02345368210049,19.496478698615736,132.321534378257,118.68055085351364,0.5904033677854993,0.7280402616639295,8.127658621093651,8.070116692317567,0,0,Royal Challengers Bangalore,0,183,186,5,1,wickets,0,9
980997,2016-05-17,2016,Visakhapatnam,Dr. Y.S. Rajasekhara Reddy ACA-VDCA Cricket Stadium,Rising Pune Supergiants,Delhi Daredevils,Rising Pune Supergiants,field,0.25,0.4258064516129032,0.2,0.4,151.16666666666666,151.4193548387097,151.66666666666666,156.05161290322582,5.083333333333333,5.929032258064516,5.25,5.7612903225806456,0.0,0.5,0.5,12,155,14.28613524520445,17.687581515155877,116.35734975082534,122.66185059211304,0.616970632797233,0.5669154908090315,7.744817311533453,7.81889718484599,1,0,Rising Pune Supergiants,1,76,121,1,6,runs,19,0
980999,2016-05-18,2016,Bangalore,M Chinnaswamy Stadium,Royal Challengers Bangalore,Kings XI Punjab,Kings XI Punjab,field,0.4826086956521739,0.4619565217391304,0.8,0.4,157.3695652173913,157.96195652173913,159.16521739130434,159.69021739130434,5.791304347826087,6.016304347826087,5.852173913043479,5.619565217391305,0.4727272727272727,0.5555555555555556,0.4166666666666667,230,184,19.493232288838268,15.259485876783668,116.85776136763955,124.87038323029569,0.731106399197478,0.4318734561453453,8.27955052704919,8.552766742698834,0,0,Royal Challengers Bangalore,1,211,120,3,9,runs,82,0
981001,2016-05-19,2016,Kanpur,Green Park,Gujarat Lions,Kolkata Knight Riders,Gujarat Lions,field,0.44,0.5186567164179104,0.2,0.6,163.4,157.96268656716418,172.32,157.69776119402985,6.16,5.917910447761194,4.44,5.865671641791045,0.0,0.5,0.0,25,268,17.523439455469774,16.828329528488073,123.05292329332576,127.72330906124331,0.5466867720540884,0.6047617216589561,8.38222049970272,8.031335091478073,1,0,Gujarat Lions,1,125,124,4,8,wickets,0,6
981003,2016-05-20,2016,Raipur,Shaheed Veer Narayan Singh International Stadium,Delhi Daredevils,Sunrisers Hyderabad,Delhi Daredevils,field,0.4230769230769231,0.4925373134328358,0.2,0.8,151.22435897435898,164.92039800995025,155.53846153846155,164.12437810945275,5.92948717948718,5.850746268656716,5.730769230769231,5.9502487562189055,0.75,1.0,0.1666666666666666,156,201,16.928235044243625,15.83390499267933,124.86055091651524,112.46448713666454,0.5358996541004395,0.5461441225741429,7.864449844499541,8.822512634930405,1,0,Delhi Daredevils,1,161,158,4,7,wickets,0,6
981005,2016-05-21,2016,Visakhapatnam,Dr. Y.S. Rajasekhara Reddy ACA-VDCA Cricket Stadium,Rising Pune Supergiants,Kings XI Punjab,Kings XI Punjab,bat,0.3076923076923077,0.4594594594594595,0.4,0.4,145.3846153846154,157.75675675675674,149.30769230769232,159.96756756756756,4.769230769230769,6.032432432432432,5.307692307692308,5.605405405405405,0.5,1.0,0.5,13,185,14.255612364943351,14.744281255995029,116.2772490218359,122.64045885269952,0.6226492111997538,0.435797693345566,7.706235247185225,8.660134299814992,0,1,Rising Pune Supergiants,1,173,172,6,7,wickets,0,4
981007,2016-05-21,2016,Kanpur,Green Park,Gujarat Lions,Mumbai Indians,Gujarat Lions,field,0.4615384615384615,0.541958041958042,0.4,0.6,161.92307692307693,163.4055944055944,170.46153846153845,159.92307692307693,6.076923076923077,5.979020979020979,4.576923076923077,6.118881118881119,0.3333333333333333,0.5,0.5,26,286,17.48046317811596,17.257082068651567,123.03466773196024,132.44673464145666,0.5542334760806189,0.6674573457250245,8.3298531957318,8.35039942097392,1,0,Gujarat Lions,1,173,172,4,8,wickets,0,6
981009,2016-05-22,2016,Kolkata,Eden Gardens,Kolkata Knight Riders,Sunrisers Hyderabad,Sunrisers Hyderabad,field,0.516728624535316,0.4900990099009901,0.4,0.6,157.8364312267658,164.8861386138614,157.57620817843866,164.1089108910891,5.925650557620818,5.856435643564357,5.858736059479554,5.9405940594059405,0.6027397260273972,0.2857142857142857,0.75,269,202,17.505701381287757,16.671757412251385,123.7303171930856,112.98212280840544,0.5052022920240494,0.5480270066355324,7.975147341440051,9.129928075703711,0,0,Kolkata Knight Riders,1,171,149,6,8,runs,22,0
981011,2016-05-22,2016,Raipur,Shaheed Veer Narayan Singh International Stadium,Delhi Daredevils,Royal Challengers Bangalore,Royal Challengers Bangalore,field,0.4267515923566879,0.4848484848484848,0.4,0.8,151.28662420382165,157.6017316017316,155.55414012738854,158.995670995671,5.917197452229299,5.779220779220779,5.738853503184713,5.865800865800866,0.8,0.5,0.2,157,231,17.0352227495563,19.53812182995318,130.7927413512243,118.87495285683876,0.4865750242842574,0.6355053656137056,7.96458860938245,7.946930874304259,0,0,Royal Challengers Bangalore,0,138,139,8,4,wickets,0,6
981013,2016-05-24,2016,Bangalore,M Chinnaswamy Stadium,Gujarat Lions,Royal Challengers Bangalore,Royal Challengers Bangalore,field,0.4814814814814814,0.4870689655172414,0.6,0.8,162.33333333333334,157.52155172413794,170.5185185185185,158.9051724137931,6.0,5.771551724137931,4.703703703703703,5.875,0.5,0.4821428571428571,0.5,27,232,17.49482471307188,19.50084829338615,123.12873725956908,118.83724894292855,0.5585511602653668,0.6373735804537811,8.335385437745092,7.921029633954839,0,0,Royal Challengers Bangalore,0,158,159,10,6,wickets,0,4
981015,2016-05-25,2016,Delhi,Feroz Shah Kotla,Sunrisers Hyderabad,Kolkata Knight Riders,Kolkata Knight Riders,field,0.4876847290640394,0.5185185185185185,0.4,0.4,164.807881773399,157.88518518518518,164.14285714285714,157.54444444444445,5.8669950738916254,5.925925925925926,5.940886699507389,5.866666666666666,0.5,0.7142857142857143,0.4117647058823529,203,270,15.45019408898641,17.33161952475264,117.9630664414068,130.23086469575458,0.5525653151143768,0.4681675707544264,8.867103920635937,8.123403435657712,0,0,Sunrisers Hyderabad,1,162,140,8,8,runs,22,0
981017,2016-05-27,2016,Delhi,Feroz Shah Kotla,Gujarat Lions,Sunrisers Hyderabad,Sunrisers Hyderabad,field,0.4642857142857143,0.4901960784313725,0.6,0.4,162.17857142857142,164.7941176470588,170.10714285714286,164.02450980392155,6.142857142857143,5.877450980392157,4.75,5.950980392156863,0.5,0.6,0.0,28,204,17.01764838980647,15.565656598403375,122.51975773965574,123.37819412429477,0.4730697904213258,0.5637410520048444,8.50639892869321,8.859503443144344,0,0,Sunrisers Hyderabad,0,162,163,7,6,wickets,0,4
981019,2016-05-29,2016,Bangalore,M Chinnaswamy Stadium,Royal Challengers Bangalore,Sunrisers Hyderabad,Sunrisers Hyderabad,bat,0.4892703862660944,0.4926829268292683,1.0,0.6,157.52789699570815,164.78536585365853,158.90128755364807,164.01463414634145,5.772532188841201,5.878048780487805,5.8927038626609445,5.95609756097561,0.4912280701754385,0.2,0.6363636363636364,233,205,19.553503752186984,15.453321518690853,119.77136404985512,118.94141538565222,0.642375152807297,0.5621396718237864,7.904822685271895,8.805849608025971,0,1,Sunrisers Hyderabad,0,200,208,7,7,runs,8,0
1082591,2017-04-05,2017,Hyderabad,"Rajiv Gandhi International Stadium, Uppal",Sunrisers Hyderabad,Royal Challengers Bangalore,Royal Challengers Bangalore,field,0.5,0.5,0.5,0.5,0.0,0.0,0.0,0.0,0.0,0.0,0.0,0.0,0.5,0.5,0.5,0,0,0.0,0.0,0.0,0.0,0.0,0.0,8.0,8.0,0,0,Sunrisers Hyderabad,1,207,172,4,10,runs,35,0
1082592,2017-04-06,2017,Pune,Maharashtra Cricket Association Stadium,Rising Pune Supergiant,Mumbai Indians,Rising Pune Supergiant,field,0.5,0.5,0.5,0.5,0.0,0.0,0.0,0.0,0.0,0.0,0.0,0.0,0.5,0.5,0.5,0,0,0.0,0.0,0.0,0.0,0.0,0.0,8.0,8.0,1,0,Rising Pune Supergiant,1,187,184,3,8,wickets,0,7
1082593,2017-04-07,2017,Rajkot,Saurashtra Cricket Association Stadium,Gujarat Lions,Kolkata Knight Riders,Kolkata Knight Riders,field,0.5,0.5,0.5,0.5,0.0,0.0,0.0,0.0,0.0,0.0,0.0,0.0,0.5,0.5,0.5,0,0,0.0,0.0,0.0,0.0,0.0,0.0,8.0,8.0,0,0,Kolkata Knight Riders,0,183,184,4,0,wickets,0,10
1082594,2017-04-08,2017,Indore,Holkar Cricket Stadium,Kings XI Punjab,Rising Pune Supergiant,Kings XI Punjab,field,0.5,1.0,0.5,1.0,0.0,187.0,0.0,184.0,0.0,3.0,0.0,8.0,0.5,0.5,0.5,0,1,0.0,36.6,0.0,140.40522875816993,0.0,0.2,8.0,9.0,1,0,Kings XI Punjab,1,164,163,4,6,wickets,0,6
1082595,2017-04-08,2017,Bengaluru,M.Chinnaswamy Stadium,Royal Challengers Bangalore,Delhi Daredevils,Royal Challengers Bangalore,bat,0.0,0.5,0.0,0.5,172.0,0.0,207.0,0.0,10.0,0.0,4.0,0.0,0.5,0.5,0.5,1,0,18.428571428571427,0.0,141.61664665866346,0.0,0.4285714285714285,0.0,9.291666666666666,8.0,1,1,Royal Challengers Bangalore,1,157,142,8,9,runs,15,0
1082596,2017-04-09,2017,Hyderabad,"Rajiv Gandhi International Stadium, Uppal",Sunrisers Hyderabad,Gujarat Lions,Sunrisers Hyderabad,field,1.0,0.0,1.0,0.0,207.0,183.0,172.0,184.0,4.0,4.0,10.0,0.0,1.0,0.5,0.5,1,1,33.333333333333336,35.8,183.20040470578104,154.26666666666668,0.1666666666666666,0.0,8.84848484848485,8.0,1,0,Sunrisers Hyderabad,1,140,135,1,7,wickets,0,9
1082597,2017-04-09,2017,Mumbai,Wankhede Stadium,Mumbai Indians,Kolkata Knight Riders,Mumbai Indians,field,0.0,1.0,0.0,1.0,184.0,184.0,187.0,183.0,8.0,0.0,3.0,4.0,0.5,0.5,0.5,1,1,22.714285714285715,84.5,136.02240896358543,192.5813008130081,0.1428571428571428,0.0,12.037878787878787,8.0,1,0,Mumbai Indians,1,180,178,6,7,wickets,0,4
1082598,2017-04-10,2017,Indore,Holkar Cricket Stadium,Kings XI Punjab,Royal Challengers Bangalore,Royal Challengers Bangalore,bat,1.0,0.5,1.0,0.5,164.0,164.5,163.0,174.5,4.0,9.0,6.0,6.5,1.0,0.5,0.5,1,2,25.666666666666668,14.944444444444445,142.50280583613915,117.63095982608178,0.1666666666666666,0.8333333333333334,7.0,7.87202380952381,0,1,Kings XI Punjab,1,150,148,2,4,wickets,0,8
1082599,2017-04-11,2017,Pune,Maharashtra Cricket Association Stadium,Rising Pune Supergiant,Delhi Daredevils,Rising Pune Supergiant,field,0.5,0.0,0.5,0.0,175.0,142.0,174.0,157.0,4.5,9.0,6.0,8.0,1.0,0.5,0.5,2,1,21.625,13.6,114.0380065069506,97.46041574524548,0.125,0.7,8.5,8.0,1,0,Delhi Daredevils,0,108,205,10,4,runs,97,0
1082600,2017-04-12,2017,Mumbai,Wankhede Stadium,Mumbai Indians,Sunrisers Hyderabad,Mumbai Indians,field,0.5,1.0,0.5,1.0,182.0,173.5,182.5,153.5,7.0,2.5,5.0,8.5,1.0,0.5,0.5,2,2,20.5,32.7,133.6445128155843,185.04131054131057,0.3125,0.2,9.96590909090909,8.3,1,0,Mumbai Indians,1,159,158,6,8,wickets,0,4
1082601,2017-04-13,2017,Kolkata,Eden Gardens,Kolkata Knight Riders,Kings XI Punjab,Kolkata Knight Riders,field,0.5,1.0,0.5,1.0,181.0,157.0,181.5,155.5,3.5,3.0,5.0,5.0,0.5,0.5,0.5,2,2,23.642857142857142,28.5,113.6481118074133,147.32905982905984,0.1428571428571428,0.1666666666666666,10.720238095238097,5.0,1,0,Kolkata Knight Riders,1,171,170,2,9,wickets,0,8
1082602,2017-04-14,2017,Bangalore,M Chinnaswamy Stadium,Royal Challengers Bangalore,Mumbai Indians,Mumbai Indians,field,0.3333333333333333,0.6666666666666666,0.3333333333333333,0.6666666666666666,159.0,174.33333333333334,166.33333333333334,174.33333333333334,7.333333333333333,6.666666666666667,5.0,6.0,0.5,0.5,0.5,3,3,21.55555555555556,18.703703703703702,108.12707733434873,147.61550162278638,0.4444444444444444,0.4444444444444444,8.51478260869565,9.619155844155843,0,0,Mumbai Indians,0,142,145,5,6,wickets,0,4
1082603,2017-04-14,2017,Rajkot,Saurashtra Cricket Association Stadium,Gujarat Lions,Rising Pune Supergiant,Gujarat Lions,field,0.0,0.3333333333333333,0.0,0.3333333333333333,159.0,152.66666666666666,162.0,184.33333333333331,5.5,6.333333333333333,0.5,5.333333333333333,0.0,0.5,0.5,2,3,23.0,24.047619047619047,130.63745245423894,125.9966741505384,0.0714285714285714,0.3333333333333333,13.1875,7.958333333333334,1,0,Gujarat Lions,1,172,171,3,8,wickets,0,7
1082605,2017-04-15,2017,Delhi,Feroz Shah Kotla,Delhi Daredevils,Kings XI Punjab,Delhi Daredevils,bat,0.5,0.6666666666666666,0.5,0.6666666666666666,173.5,161.33333333333334,132.5,160.66666666666666,6.5,5.0,9.0,4.0,0.5,0.5,0.5,2,3,16.8,21.64583333333333,118.16447728516694,134.54568749947845,0.85,0.3125,7.482244370616463,10.481060606060606,1,1,Delhi Daredevils,1,188,137,6,9,runs,51,0
1082604,2017-04-15,2017,Kolkata,Eden Gardens,Kolkata Knight Riders,Sunrisers Hyderabad,Sunrisers Hyderabad,field,0.6666666666666666,0.6666666666666666,0.6666666666666666,0.6666666666666666,177.66666666666666,168.33333333333334,177.66666666666666,155.33333333333334,3.0,4.333333333333333,6.333333333333333,7.666666666666667,1.0,0.5,0.5,3,3,24.952380952380956,23.296296296296298,135.86563549636554,137.91138567523285,0.238095238095238,0.5925925925925927,10.455555555555556,8.175641025641024,0,0,Kolkata Knight Riders,1,172,155,6,6,runs,17,0
1082606,2017-04-16,2017,Mumbai,Wankhede Stadium,Mumbai Indians,Gujarat Lions,Mumbai Indians,field,0.75,0.3333333333333333,0.75,0.3333333333333333,167.0,163.33333333333334,166.25,165.0,6.5,4.666666666666667,5.75,3.0,1.0,0.5,0.5,4,3,17.166666666666668,25.261904761904763,116.85895099628632,134.77801909465748,0.4351851851851852,0.1666666666666666,9.460858585858585,10.1,1,0,Mumbai Indians,1,177,176,4,4,wickets,0,6
1082607,2017-04-16,2017,Bangalore,M Chinnaswamy Stadium,Royal Challengers Bangalore,Rising Pune Supergiant,Royal Challengers Bangalore,field,0.25,0.25,0.25,0.25,154.75,157.25,161.0,181.25,6.75,6.75,5.25,4.75,0.0,0.5,0.5,4,4,22.49074074074074,18.3,103.05916119557192,120.15854761164516,0.3333333333333333,0.4,8.699069512862616,8.399880952380952,1,0,Rising Pune Supergiant,0,134,161,9,8,runs,27,0
1082608,2017-04-17,2017,Delhi,Feroz Shah Kotla,Delhi Daredevils,Kolkata Knight Riders,Delhi Daredevils,bat,0.6666666666666666,0.75,0.6666666666666666,0.75,178.33333333333334,176.25,134.0,172.0,6.333333333333333,3.75,9.0,6.25,1.0,0.5,0.5,3,4,19.444444444444443,21.5625,134.60332432239028,119.18238277107812,0.7777777777777779,0.4375,7.235133989145183,8.276785714285715,1,1,Kolkata Knight Riders,0,168,169,7,6,wickets,0,4
1082609,2017-04-17,2017,Hyderabad,"Rajiv Gandhi International Stadium, Uppal",Sunrisers Hyderabad,Kings XI Punjab,Kings XI Punjab,field,0.5,0.5,0.5,0.5,165.0,155.25,159.5,167.5,4.75,6.0,7.25,4.5,1.0,0.5,0.5,4,4,21.23958333333333,17.866666666666667,124.84001567131078,122.1319872810418,0.65625,0.325,8.092708333333334,9.088333333333331,0,0,Sunrisers Hyderabad,1,159,154,6,10,runs,5,0
1082610,2017-04-18,2017,Rajkot,Saurashtra Cricket Association Stadium,Gujarat Lions,Royal Challengers Bangalore,Gujarat Lions,field,0.25,0.2,0.25,0.2,166.5,150.6,168.0,161.0,4.5,7.2,3.25,5.8,0.5,0.5,0.5,4,5,21.78125,16.404545454545453,125.47591225021424,103.44715296586956,0.0416666666666666,0.5196969696969697,10.787835249042146,8.608299534566816,1,0,Royal Challengers Bangalore,0,192,213,7,2,runs,21,0
1082611,2017-04-19,2017,Hyderabad,"Rajiv Gandhi International Stadium, Uppal",Sunrisers Hyderabad,Delhi Daredevils,Sunrisers Hyderabad,bat,0.6,0.5,0.6,0.5,163.8,175.75,158.4,142.75,5.0,6.5,7.8,8.25,1.0,0.5,0.5,5,4,20.90625,17.758333333333333,139.6844132389798,122.56739085555392,0.75625,0.675,7.669047619047618,7.654652014652015,1,1,Sunrisers Hyderabad,1,191,176,4,5,runs,15,0
1082612,2017-04-20,2017,Indore,Holkar Cricket Stadium,Kings XI Punjab,Mumbai Indians,Mumbai Indians,field,0.4,0.8,0.4,0.8,155.0,169.0,165.8,168.2,6.8,6.0,4.8,5.4,1.0,0.5,0.5,5,5,13.025,17.91111111111111,116.83892496392497,122.41382655666702,0.3916666666666666,0.4111111111111111,9.10423976608187,9.3662987012987,0,0,Mumbai Indians,0,198,199,4,2,wickets,0,8
1082613,2017-04-21,2017,Kolkata,Eden Gardens,Kolkata Knight Riders,Gujarat Lions,Gujarat Lions,field,0.8,0.2,0.8,0.2,174.8,171.6,171.2,177.0,4.2,5.0,6.4,3.0,1.0,0.5,0.5,5,5,24.79047619047619,20.385,134.60962676992628,127.327294454954,0.3571428571428571,0.1916666666666666,8.107407407407408,10.602560070956295,0,0,Gujarat Lions,0,187,188,5,6,wickets,0,4
1082614,2017-04-22,2017,Mumbai,Wankhede Stadium,Mumbai Indians,Delhi Daredevils,Delhi Daredevils,field,0.8333333333333334,0.4,1.0,0.4,174.0,175.8,173.16666666666666,152.4,5.333333333333333,6.2,5.166666666666667,7.4,1.0,0.5,0.5,6,5,19.696296296296296,18.236666666666668,129.53627713835925,133.98583937692302,0.3925925925925926,0.6699999999999999,9.52550505050505,7.959197246652513,0,0,Mumbai Indians,1,142,128,8,7,runs,14,0
1082615,2017-04-22,2017,Pune,Maharashtra Cricket Association Stadium,Rising Pune Supergiant,Sunrisers Hyderabad,Rising Pune Supergiant,field,0.4,0.6666666666666666,0.4,0.6,158.0,168.33333333333334,171.8,161.33333333333334,7.0,4.833333333333333,5.6,7.333333333333333,0.5,0.5,0.5,5,6,16.933333333333334,27.71111111111111,102.84787307053898,142.40939236452058,0.64,0.6148148148148148,7.517368421052632,7.708095238095238,1,0,Rising Pune Supergiant,1,179,176,4,3,wickets,0,6
1082616,2017-04-23,2017,Rajkot,Saurashtra Cricket Association Stadium,Gujarat Lions,Kings XI Punjab,Gujarat Lions,field,0.3333333333333333,0.3333333333333333,0.4,0.2,174.33333333333334,162.16666666666666,178.66666666666666,171.33333333333334,5.166666666666667,6.333333333333333,3.333333333333333,4.333333333333333,0.3333333333333333,0.5,0.5,6,6,22.15,17.336666666666666,138.09113158047245,121.19572836984528,0.4395833333333334,0.4,9.24063725490196,9.633902409300209,1,0,Kings XI Punjab,0,162,188,7,7,runs,26,0
1082617,2017-04-23,2017,Kolkata,Eden Gardens,Kolkata Knight Riders,Royal Challengers Bangalore,Royal Challengers Bangalore,field,0.6666666666666666,0.3333333333333333,0.6,0.4,176.83333333333334,161.0,174.0,166.16666666666666,4.333333333333333,6.333333333333333,6.333333333333333,6.0,0.6666666666666666,0.5,0.5,6,6,21.9625,18.592424242424244,124.11052121482456,102.5513731413272,0.3541666666666667,0.6333333333333333,8.6125,7.648472444556781,0,0,Kolkata Knight Riders,1,131,49,10,10,runs,82,0
1082618,2017-04-24,2017,Mumbai,Wankhede Stadium,Mumbai Indians,Rising Pune Supergiant,Mumbai Indians,field,0.8571428571428571,0.5,1.0,0.4,169.42857142857142,161.5,166.71428571428572,172.5,5.714285714285714,6.5,5.428571428571429,5.166666666666667,1.0,0.5,0.5,7,6,17.193121693121693,17.323333333333334,136.76038909212733,104.25874658345276,0.3201058201058201,0.5333333333333333,9.136233766233763,8.104648033126292,1,0,Rising Pune Supergiant,0,157,160,8,6,runs,3,0
1082620,2017-04-26,2017,Pune,Maharashtra Cricket Association Stadium,Rising Pune Supergiant,Kolkata Knight Riders,Kolkata Knight Riders,field,0.5714285714285714,0.7142857142857143,0.6,0.8,161.28571428571428,170.28571428571428,170.28571428571428,156.14285714285714,6.428571428571429,5.142857142857143,5.571428571428571,6.857142857142857,0.6666666666666666,0.5,0.5,7,7,14.74025974025974,18.236772486772484,99.295795788931,108.36570946552308,0.4632034632034632,0.7253968253968254,7.997017797017797,8.054307169438749,0,0,Kolkata Knight Riders,0,182,184,5,3,wickets,0,7
1082621,2017-04-27,2017,Bangalore,M Chinnaswamy Stadium,Royal Challengers Bangalore,Gujarat Lions,Gujarat Lions,field,0.2857142857142857,0.2857142857142857,0.2,0.4,145.0,172.57142857142858,161.14285714285714,180.0,6.857142857142857,5.428571428571429,6.571428571428571,3.857142857142857,0.0,0.5,0.5,7,7,17.193939393939395,20.46031746031746,123.24118476654724,147.2293491572454,0.5662337662337662,0.4703703703703704,8.655492118258076,8.993333333333334,0,0,Gujarat Lions,0,134,135,10,3,wickets,0,7
1082623,2017-04-28,2017,Chandigarh,"Punjab Cricket Association IS Bindra Stadium, Mohali",Kings XI Punjab,Sunrisers Hyderabad,Kings XI Punjab,field,0.4285714285714285,0.5714285714285714,0.2,0.4,165.85714285714286,169.42857142857142,170.0,163.85714285714286,6.428571428571429,4.571428571428571,4.714285714285714,6.857142857142857,0.5,0.5,0.5,7,7,15.916666666666666,24.35820105820106,112.805000517042,146.27946799657926,0.3544973544973545,0.6534391534391535,9.50768682298094,7.641991341991343,1,0,Sunrisers Hyderabad,0,181,207,9,3,runs,26,0
1082622,2017-04-28,2017,Kolkata,Eden Gardens,Kolkata Knight Riders,Delhi Daredevils,Kolkata Knight Riders,field,0.75,0.3333333333333333,0.8,0.4,172.0,167.83333333333334,159.375,150.66666666666666,4.875,6.333333333333333,6.625,7.5,0.75,0.5,0.5,8,6,17.69702380952381,19.755000000000003,104.27793837951783,125.03949527981042,0.8797619047619047,0.7333333333333334,8.190474101503005,7.785205539532026,1,0,Kolkata Knight Riders,1,161,160,3,6,wickets,0,7
1082624,2017-04-29,2017,Pune,Maharashtra Cricket Association Stadium,Rising Pune Supergiant,Royal Challengers Bangalore,Royal Challengers Bangalore,field,0.5,0.25,0.6,0.2,163.875,143.625,172.0,157.875,6.25,7.25,5.25,6.125,0.5,0.5,0.5,8,8,15.673701298701298,13.184848484848484,122.40923988535124,97.4779408024575,0.3803030303030303,0.6742424242424243,9.637864823348696,8.319971085807314,0,0,Rising Pune Supergiant,1,157,96,3,9,runs,61,0
1082627,2017-04-30,2017,Hyderabad,"Rajiv Gandhi International Stadium, Uppal",Sunrisers Hyderabad,Kolkata Knight Riders,Kolkata Knight Riders,field,0.625,0.7777777777777778,0.6,0.8,174.125,170.77777777777777,166.0,159.44444444444446,4.375,4.666666666666667,7.125,6.555555555555555,1.0,0.5,0.5,8,9,25.48478835978836,17.065295815295816,147.72248887161115,116.39555230107344,0.5853174603174602,0.7581529581529582,7.528327922077922,8.283329325719729,0,0,Sunrisers Hyderabad,1,209,161,3,7,runs,48,0
1082626,2017-04-30,2017,Chandigarh,"Punjab Cricket Association IS Bindra Stadium, Mohali",Kings XI Punjab,Delhi Daredevils,Kings XI Punjab,field,0.375,0.2857142857142857,0.2,0.2,167.75,166.71428571428572,174.625,152.14285714285714,6.75,6.285714285714286,4.5,6.857142857142857,0.0,0.5,0.5,8,7,20.448452380952386,19.814069264069264,143.3013889741625,103.96350990816536,0.5083333333333333,0.5346320346320346,8.97091907487552,7.840545947277655,1,0,Kings XI Punjab,1,68,67,0,10,wickets,0,10
1082629,2017-05-01,2017,Pune,Maharashtra Cricket Association Stadium,Rising Pune Supergiant,Gujarat Lions,Rising Pune Supergiant,field,0.5555555555555556,0.375,0.8,0.4,163.11111111111111,167.875,163.55555555555554,174.25,5.888888888888889,5.125,5.666666666666667,4.625,0.6,0.5,0.5,9,8,16.13203463203463,20.45899470899471,103.04628690107664,145.51982625429383,0.5152958152958154,0.2976190476190476,8.497840196886113,9.442380952380953,1,0,Rising Pune Supergiant,1,167,161,5,10,wickets,0,5
1082628,2017-05-01,2017,Mumbai,Wankhede Stadium,Mumbai Indians,Royal Challengers Bangalore,Royal Challengers Bangalore,bat,0.75,0.2222222222222222,0.8,0.2,167.875,138.33333333333334,165.875,157.77777777777777,6.0,7.444444444444445,5.5,5.777777777777778,0.8,0.5,0.5,8,9,19.630952380952383,14.537445887445887,127.07587485946374,108.316486752353,0.5423280423280423,0.4165945165945166,10.174635167464114,9.391958476754544,0,1,Mumbai Indians,1,165,162,6,8,wickets,0,5
1082630,2017-05-02,2017,Delhi,Feroz Shah Kotla,Delhi Daredevils,Sunrisers Hyderabad,Delhi Daredevils,field,0.25,0.6666666666666666,0.0,0.8,154.25,178.0,141.625,165.44444444444446,6.75,4.222222222222222,6.0,7.111111111111111,0.5,0.5,0.5,8,9,17.631309523809524,24.908289241622576,109.2766884459318,147.92854047932957,0.3708333333333333,0.5941358024691358,8.959826376677677,8.283333333333335,1,0,Delhi Daredevils,1,189,185,4,3,wickets,0,6
1082631,2017-05-03,2017,Kolkata,Eden Gardens,Kolkata Knight Riders,Rising Pune Supergiant,Rising Pune Supergiant,field,0.7,0.6,0.6,0.8,169.8,163.5,164.4,163.3,4.9,5.8,6.2,6.1,0.8,0.5,0.5,10,10,14.084343434343436,16.097727272727273,105.42578611749931,103.70797090981831,0.6568181818181817,0.5422077922077922,8.828988329787268,8.513657000892268,0,0,Rising Pune Supergiant,0,155,158,8,6,wickets,0,4
1082632,2017-05-04,2017,Delhi,Feroz Shah Kotla,Delhi Daredevils,Gujarat Lions,Delhi Daredevils,field,0.3333333333333333,0.3333333333333333,0.2,0.4,158.11111111111111,167.11111111111111,146.44444444444446,173.44444444444446,6.444444444444445,5.666666666666667,5.666666666666667,4.666666666666667,0.6666666666666666,0.5,0.5,9,9,15.611507936507936,16.606132756132755,97.05384816539782,114.30903117016804,0.4924603174603175,0.4453463203463203,8.269668859796498,9.003986092113337,1,0,Delhi Daredevils,1,214,208,3,7,wickets,0,7
1082633,2017-05-05,2017,Bangalore,M Chinnaswamy Stadium,Royal Challengers Bangalore,Kings XI Punjab,Royal Challengers Bangalore,field,0.2,0.4444444444444444,0.2,0.4,140.7,156.66666666666666,158.5,162.66666666666666,7.5,6.0,5.8,5.111111111111111,0.0,0.5,0.5,10,9,15.434199134199137,21.464523809523808,105.7548725720222,141.008461635763,0.5161616161616163,0.576388888888889,8.424848956224132,8.004167517875382,1,0,Kings XI Punjab,0,119,138,10,7,runs,19,0
1082634,2017-05-06,2017,Hyderabad,"Rajiv Gandhi International Stadium, Uppal",Sunrisers Hyderabad,Rising Pune Supergiant,Sunrisers Hyderabad,field,0.6,0.6363636363636364,0.6,0.8,178.7,163.0,167.8,162.54545454545453,4.1,5.818181818181818,6.8,6.2727272727272725,1.0,0.5,0.5,10,11,25.54444444444444,15.868870523415978,147.23379138270678,97.48240770321485,0.4790123456790124,0.5607700380427653,8.727898550724637,8.49600769579526,1,0,Rising Pune Supergiant,0,136,148,9,8,runs,12,0
1082635,2017-05-06,2017,Delhi,Feroz Shah Kotla,Delhi Daredevils,Mumbai Indians,Delhi Daredevils,field,0.4,0.7777777777777778,0.4,0.8,163.7,167.55555555555554,152.6,165.44444444444446,6.1,6.0,5.8,5.777777777777778,0.75,0.5,0.5,10,9,16.54484126984127,16.177083333333336,110.13447768991372,127.19602505599478,0.5175,0.5386904761904762,9.001174923310435,9.680266955266957,1,0,Mumbai Indians,0,66,212,10,3,runs,146,0
1082636,2017-05-07,2017,Bangalore,M Chinnaswamy Stadium,Royal Challengers Bangalore,Kolkata Knight Riders,Kolkata Knight Riders,field,0.1818181818181818,0.6363636363636364,0.0,0.6,138.72727272727272,168.45454545454547,156.63636363636363,163.8181818181818,7.727272727272727,5.181818181818182,5.909090909090909,6.181818181818182,0.0,0.5,0.5,11,11,14.967115964843236,22.359804393137725,108.24390066890533,130.20775771672828,0.4852157943067034,0.453759820426487,8.127535363702977,9.02940446650124,0,0,Kolkata Knight Riders,0,158,159,6,4,wickets,0,6
1082637,2017-05-07,2017,Chandigarh,"Punjab Cricket Association IS Bindra Stadium, Mohali",Kings XI Punjab,Gujarat Lions,Gujarat Lions,field,0.5,0.3,0.6,0.4,154.8,171.2,158.3,177.5,6.1,5.8,5.6,4.5,0.5,0.5,0.5,10,10,18.70679012345679,13.964393939393938,131.12869847751926,107.40636970943892,0.6839506172839506,0.3931818181818182,7.721050306388105,9.87882028819529,0,0,Gujarat Lions,0,189,192,3,4,wickets,0,6
1082638,2017-05-08,2017,Hyderabad,"Rajiv Gandhi International Stadium, Uppal",Sunrisers Hyderabad,Mumbai Indians,Mumbai Indians,bat,0.5454545454545454,0.8,0.4,0.8,174.8181818181818,172.0,166.0,155.5,4.545454545454546,5.7,6.909090909090909,6.2,0.8333333333333334,0.5,0.5,11,10,15.922474747474748,22.23148148148148,103.12207450613089,131.49917653775603,0.6405194805194806,0.5527777777777777,8.550946969696971,9.210051834130782,0,1,Sunrisers Hyderabad,1,140,138,3,7,wickets,0,7
1082639,2017-05-09,2017,Chandigarh,"Punjab Cricket Association IS Bindra Stadium, Mohali",Kings XI Punjab,Kolkata Knight Riders,Kolkata Knight Riders,field,0.4545454545454545,0.6666666666666666,0.6,0.6,157.9090909090909,167.66666666666666,161.36363636363637,163.33333333333334,5.818181818181818,5.083333333333333,5.454545454545454,6.166666666666667,0.3333333333333333,0.5,0.5,11,12,19.00625,23.05265151515152,141.2788467799141,129.06128258027098,0.575,0.5272943722943724,7.846452115653326,8.840716131413807,0,0,Kings XI Punjab,1,167,153,6,6,runs,14,0
1082640,2017-05-10,2017,Kanpur,Green Park,Gujarat Lions,Delhi Daredevils,Delhi Daredevils,field,0.3636363636363636,0.3636363636363636,0.4,0.4,173.0909090909091,154.8181818181818,178.54545454545453,158.0,5.636363636363637,6.454545454545454,4.363636363636363,5.545454545454546,0.5,0.5,0.5,11,11,14.445179063360882,12.308677685950414,108.9189883697272,93.38558210082874,0.3717171717171716,0.3559458218549128,9.756455898139286,10.218221899595166,0,0,Delhi Daredevils,0,195,197,5,8,wickets,0,2
1082641,2017-05-11,2017,Mumbai,Wankhede Stadium,Mumbai Indians,Kings XI Punjab,Mumbai Indians,field,0.7272727272727273,0.5,0.6,0.6,168.9090909090909,158.66666666666666,154.0909090909091,160.66666666666666,5.818181818181818,5.833333333333333,5.909090909090909,5.5,0.8333333333333334,0.5,0.5,11,12,18.42491582491583,16.735151515151514,128.66392612089066,139.49804061052913,0.4741863075196409,0.6454545454545455,9.313893914822708,7.799541600856888,1,0,Kings XI Punjab,0,223,230,6,3,runs,7,0
1082642,2017-05-12,2017,Delhi,Feroz Shah Kotla,Delhi Daredevils,Rising Pune Supergiant,Delhi Daredevils,bat,0.4166666666666667,0.6666666666666666,0.6,0.8,158.33333333333334,161.75,161.08333333333334,160.33333333333334,6.583333333333333,6.0,5.5,6.5,0.6,0.5,0.5,12,12,12.850734618916436,15.975698543880362,98.37511002843844,102.93911940006672,0.4191919191919191,0.5443722943722944,9.120565611325455,8.740613500305779,1,1,Delhi Daredevils,1,168,161,8,7,runs,7,0
1082644,2017-05-13,2017,Kolkata,Eden Gardens,Kolkata Knight Riders,Mumbai Indians,Kolkata Knight Riders,field,0.6153846153846154,0.6666666666666666,0.4,0.4,166.53846153846155,173.41666666666666,163.6153846153846,160.41666666666666,5.153846153846154,5.833333333333333,6.153846153846154,5.666666666666667,0.6666666666666666,0.5,0.5,13,12,24.53498168498168,18.48232323232323,130.19465016677924,159.38418717006846,0.4488215488215488,0.4083333333333333,8.85486055564443,9.575488114260084,1,0,Mumbai Indians,0,164,173,8,5,runs,9,0
1082643,2017-05-13,2017,Kanpur,Green Park,Gujarat Lions,Sunrisers Hyderabad,Sunrisers Hyderabad,field,0.3333333333333333,0.5833333333333334,0.4,0.6,174.91666666666666,171.91666666666666,180.08333333333334,163.66666666666666,5.583333333333333,4.416666666666667,4.666666666666667,6.916666666666667,0.0,0.5,0.5,12,12,16.371969696969696,15.38,117.64933992042722,109.35621107221668,0.3888888888888888,0.6715909090909091,9.93986854262512,8.037439613526569,0,0,Sunrisers Hyderabad,0,154,158,10,2,wickets,0,8
1082645,2017-05-14,2017,Pune,Maharashtra Cricket Association Stadium,Rising Pune Supergiant,Kings XI Punjab,Rising Pune Supergiant,field,0.6153846153846154,0.5384615384615384,0.8,0.8,161.69230769230768,164.15384615384616,160.92307692307693,165.46153846153845,6.076923076923077,5.615384615384615,6.615384615384615,5.538461538461538,0.6666666666666666,0.5,0.5,13,13,15.901223776223777,15.92142857142857,104.75730610576488,136.2508695412431,0.552961432506887,0.5751748251748252,8.654142486985382,8.225008497883255,1,0,Rising Pune Supergiant,1,78,73,1,10,wickets,0,9
1082646,2017-05-14,2017,Delhi,Feroz Shah Kotla,Delhi Daredevils,Royal Challengers Bangalore,Royal Challengers Bangalore,bat,0.4615384615384615,0.1666666666666666,0.8,0.0,159.07692307692307,140.33333333333334,161.07692307692307,156.83333333333334,6.6923076923076925,7.583333333333333,5.615384615384615,5.75,0.6666666666666666,0.5,0.5,13,12,13.62904216995126,14.47222222222222,105.05530156642152,103.507954445762,0.438839947930857,0.3244348244348244,9.072134808548595,8.653235556670785,0,1,Royal Challengers Bangalore,0,151,161,10,6,runs,10,0
1082647,2017-05-16,2017,Mumbai,Wankhede Stadium,Mumbai Indians,Rising Pune Supergiant,Mumbai Indians,field,0.6923076923076923,0.6428571428571429,0.6,0.8,173.3846153846154,155.71428571428572,160.69230769230768,154.64285714285714,5.769230769230769,5.714285714285714,5.846153846153846,6.857142857142857,0.7142857142857143,1.0,0.0,13,14,20.623626373626376,13.31053416280689,138.98553307984977,100.30263714947633,0.4618406285072952,0.5993801652892562,9.868313194052323,8.226374935670357,1,0,Rising Pune Supergiant,0,142,162,9,4,runs,20,0
1082648,2017-05-17,2017,Bangalore,M Chinnaswamy Stadium,Sunrisers Hyderabad,Kolkata Knight Riders,Kolkata Knight Riders,field,0.6153846153846154,0.5714285714285714,0.6,0.2,170.84615384615384,166.35714285714286,162.92307692307693,164.28571428571428,4.230769230769231,5.357142857142857,7.153846153846154,6.071428571428571,0.5,1.0,1.0,13,14,20.767820512820517,19.92011322011322,120.91605369292463,127.57637555992967,0.6008547008547008,0.5447293447293446,8.406131368631367,9.304315476190476,0,0,Kolkata Knight Riders,0,128,48,7,3,wickets,0,7
1082649,2017-05-19,2017,Bangalore,M Chinnaswamy Stadium,Mumbai Indians,Kolkata Knight Riders,Mumbai Indians,field,0.6428571428571429,0.6,0.4,0.4,171.14285714285714,158.46666666666667,160.78571428571428,161.86666666666667,6.0,5.2,5.714285714285714,6.133333333333334,1.0,1.0,1.0,14,15,17.679204129204127,18.81794871794872,166.63004584669022,129.30090406425768,0.4582972582972582,0.4877221543888211,9.25582132539536,8.24480705221552,1,0,Mumbai Indians,1,111,107,4,10,wickets,0,6
1082650,2017-05-21,2017,Hyderabad,"Rajiv Gandhi International Stadium, Uppal",Mumbai Indians,Rising Pune Supergiant,Mumbai Indians,bat,0.6666666666666666,0.6666666666666666,0.4,0.8,167.13333333333333,156.13333333333333,157.2,153.8,5.866666666666666,5.6,6.0,7.0,0.0,1.0,0.0,15,15,17.060678210678212,13.499325674325672,165.04716519719548,100.35831958170374,0.5241599309781129,0.6035353535353536,9.068141312469043,8.197411632998028,1,1,Mumbai Indians,1,129,128,8,6,runs,1,0
1136561,2018-04-07,2018,Mumbai,Wankhede Stadium,Mumbai Indians,Chennai Super Kings,Chennai Super Kings,field,0.6875,0.5,0.6,0.5,164.75,0.0,155.375,0.0,6.0,0.0,6.0,0.0,0.625,0.5,0.5,16,0,18.06597222222222,14.80542667209334,133.34117614257735,121.93443586329263,0.463301282051282,0.4236531986531986,9.78479379522753,8.811532144672755,0,0,Chennai Super Kings,0,165,169,4,9,wickets,0,1
1136562,2018-04-08,2018,Chandigarh,Punjab Cricket Association IS Bindra Stadium,Delhi Daredevils,Kings XI Punjab,Kings XI Punjab,field,0.4285714285714285,0.5,0.6,0.6,158.5,157.64285714285714,161.07142857142858,159.21428571428572,6.928571428571429,5.928571428571429,5.642857142857143,5.214285714285714,0.5,0.5,1.0,14,14,16.737896825396824,14.7943827006327,137.32326090586085,117.342124969153,0.5352106227106226,0.6625,8.12552120664574,9.11366527632951,0,0,Kings XI Punjab,0,166,167,7,4,wickets,0,6
1136563,2018-04-08,2018,Kolkata,Eden Gardens,Royal Challengers Bangalore,Kolkata Knight Riders,Kolkata Knight Riders,field,0.2307692307692307,0.5625,0.2,0.4,141.92307692307693,155.25,156.3846153846154,158.6875,7.461538461538462,5.5,6.076923076923077,6.0,0.0,0.5714285714285714,0.0,13,16,14.742261904761904,21.056391525141528,100.96200288339904,129.15735976123003,0.5498626373626374,0.5196969696969697,8.05200004847623,7.924421248449772,0,0,Kolkata Knight Riders,0,176,177,7,6,wickets,0,4
1136564,2018-04-09,2018,Hyderabad,Rajiv Gandhi International Stadium,Rajasthan Royals,Sunrisers Hyderabad,Sunrisers Hyderabad,field,0.5,0.5714285714285714,0.5,0.4,0.0,167.78571428571428,0.0,154.71428571428572,0.0,4.428571428571429,0.0,6.857142857142857,0.5,0.5,0.5,0,14,20.04635642135642,15.77251082251082,113.39892150282304,113.190255034225,0.5,0.5588095238095239,8.954414722445696,9.121842478131049,0,0,Sunrisers Hyderabad,0,125,127,9,1,wickets,0,9
1136565,2018-04-10,2018,Chennai,MA Chidambaram Stadium,Kolkata Knight Riders,Chennai Super Kings,Chennai Super Kings,field,0.5882352941176471,1.0,0.4,1.0,156.52941176470588,169.0,159.7058823529412,165.0,5.529411764705882,9.0,6.0588235294117645,4.0,0.5,0.5,0.5,17,1,18.27172161172161,17.86910173160173,135.3521463556205,121.59843834146486,0.66875,0.4462739280921099,8.762109187109187,8.228074833407558,0,0,Chennai Super Kings,0,202,205,6,5,wickets,0,5
1136566,2018-04-11,2018,Jaipur,Sawai Mansingh Stadium,Rajasthan Royals,Delhi Daredevils,Delhi Daredevils,field,0.0,0.4,0.0,0.4,125.0,159.0,127.0,161.46666666666667,9.0,6.933333333333334,1.0,5.533333333333333,0.5,0.5,0.5,1,15,14.507754010695184,16.12722702134467,93.9678870839778,123.68566344411568,0.2977022977022976,0.4949855699855698,8.305303657242,7.655993776422107,0,0,Rajasthan Royals,1,153,60,5,4,runs,10,0
1136567,2018-04-12,2018,Hyderabad,Rajiv Gandhi International Stadium,Mumbai Indians,Sunrisers Hyderabad,Sunrisers Hyderabad,field,0.6470588235294118,0.6,0.6,0.6,164.76470588235293,165.06666666666666,156.1764705882353,152.73333333333332,5.882352941176471,4.2,6.176470588235294,7.0,0.5,1.0,1.0,17,15,16.48362794612795,16.071666666666665,117.4631013194576,116.41894063465364,0.3356481481481481,0.6060722610722611,10.250725170092409,8.710295325026562,0,0,Sunrisers Hyderabad,0,147,151,8,9,wickets,0,1
1136568,2018-04-13,2018,Bengaluru,M.Chinnaswamy Stadium,Kings XI Punjab,Royal Challengers Bangalore,Royal Challengers Bangalore,field,0.5333333333333333,0.2142857142857142,0.6,0.2,158.26666666666668,144.35714285714286,159.66666666666666,157.85714285714286,5.8,7.428571428571429,5.333333333333333,6.071428571428571,0.5,1.0,1.0,15,14,19.811864061864057,13.247803030303029,150.35605734021914,98.24502633755604,0.5444444444444445,0.4513419913419912,9.187362753680404,8.210509001987893,0,0,Royal Challengers Bangalore,0,155,159,10,6,wickets,0,4
1136569,2018-04-14,2018,Mumbai,Wankhede Stadium,Mumbai Indians,Delhi Daredevils,Delhi Daredevils,field,0.6111111111111112,0.375,0.4,0.4,163.77777777777777,152.8125,155.88888888888889,160.9375,6.0,6.75,6.333333333333333,5.5,0.5555555555555556,0.0,1.0,18,16,17.808534693338615,16.179488648606295,143.89255927942529,129.37603692758344,0.6574014221073045,0.4551948051948052,9.099832535885168,7.66180606253685,0,0,Delhi Daredevils,0,194,195,7,3,wickets,0,7
1136570,2018-04-14,2018,Kolkata,Eden Gardens,Kolkata Knight Riders,Sunrisers Hyderabad,Sunrisers Hyderabad,field,0.5555555555555556,0.625,0.4,0.8,159.05555555555554,164.1875,162.22222222222223,152.375,5.555555555555555,4.5,6.0,7.0625,0.625,0.0,1.0,18,16,23.75771604938272,15.197122322122322,138.99436652602986,122.99937480235972,0.6710239651416122,0.7109848484848486,8.444195247168413,8.555327165541824,0,0,Sunrisers Hyderabad,0,138,139,8,5,wickets,0,5
1136572,2018-04-15,2018,Chandigarh,Punjab Cricket Association IS Bindra Stadium,Kings XI Punjab,Chennai Super Kings,Chennai Super Kings,field,0.5,1.0,0.6,1.0,158.0625,187.0,159.625,183.5,6.0625,7.0,5.375,5.0,1.0,0.5,0.5,16,2,19.96042735042735,14.74230965113318,127.3186642976661,124.57959949374376,0.6294642857142858,0.4708424908424907,8.379164800716525,8.832065316129192,0,0,Kings XI Punjab,1,197,193,7,5,runs,4,0
1136571,2018-04-15,2018,Bengaluru,M.Chinnaswamy Stadium,Rajasthan Royals,Royal Challengers Bangalore,Royal Challengers Bangalore,field,0.5,0.2666666666666666,0.5,0.4,139.0,145.33333333333334,93.5,157.66666666666666,7.0,7.333333333333333,2.5,6.333333333333333,0.5,1.0,0.5,2,15,14.717811859857314,16.141262626262623,104.0848397517782,111.74016900707888,0.3777472527472527,0.6091666666666666,8.445878789149301,7.805208367411085,0,0,Rajasthan Royals,1,217,198,4,6,runs,19,0
1136573,2018-04-16,2018,Kolkata,Eden Gardens,Kolkata Knight Riders,Delhi Daredevils,Delhi Daredevils,field,0.5263157894736842,0.4117647058823529,0.4,0.4,157.94736842105263,155.2941176470588,161.0,162.88235294117646,5.684210526315789,6.529411764705882,5.947368421052632,5.588235294117647,0.5555555555555556,0.0,1.0,19,17,18.1879838298956,18.72700110347169,115.74342098347373,132.46575172661204,0.6161616161616161,0.4986225895316804,9.602264321221446,7.948431432733757,0,0,Kolkata Knight Riders,1,200,129,9,10,runs,71,0
1136574,2018-04-17,2018,Mumbai,Wankhede Stadium,Mumbai Indians,Royal Challengers Bangalore,Royal Challengers Bangalore,field,0.5789473684210527,0.25,0.4,0.4,165.3684210526316,148.625,157.94736842105263,161.375,6.052631578947368,7.25,6.157894736842105,6.1875,0.5,0.0,1.0,19,16,17.572616892911007,14.112282717282715,139.04207141027942,106.25241269453277,0.6171428571428572,0.507777149321267,9.573134680507344,8.649442741283368,0,0,Mumbai Indians,1,213,167,6,8,runs,46,0
1136575,2018-04-18,2018,Jaipur,Sawai Mansingh Stadium,Rajasthan Royals,Kolkata Knight Riders,Kolkata Knight Riders,field,0.6666666666666666,0.55,0.6666666666666666,0.4,165.0,160.05,128.33333333333334,159.4,6.0,5.85,3.6666666666666665,6.15,1.0,0.5,0.5,3,20,15.198634956374896,18.35630097769135,100.31448836896304,120.29170126232708,0.5298701298701299,0.6616427432216906,8.73515927868553,9.355344302294862,0,0,Kolkata Knight Riders,0,160,163,8,3,wickets,0,7
1136576,2018-04-19,2018,Chandigarh,Punjab Cricket Association IS Bindra Stadium,Kings XI Punjab,Sunrisers Hyderabad,Kings XI Punjab,bat,0.5294117647058824,0.6470588235294118,0.6,0.8,160.35294117647058,162.7058823529412,161.58823529411765,151.52941176470588,6.117647058823529,4.529411764705882,5.352941176470588,7.117647058823529,1.0,0.5,0.0,17,17,19.004107142857144,15.107342167636284,126.78561044898728,101.01900111674028,0.5482843137254901,0.7067907582613464,8.466117258591748,8.63562064086926,1,1,Kings XI Punjab,1,193,178,3,5,runs,15,0
1136577,2018-04-20,2018,Pune,Maharashtra Cricket Association Stadium,Chennai Super Kings,Rajasthan Royals,Rajasthan Royals,field,0.6666666666666666,0.5,0.6666666666666666,0.5,189.0,163.75,188.0,137.0,6.333333333333333,6.5,5.666666666666667,3.5,0.5,0.5,0.5,3,4,15.857575757575756,16.148131868131866,126.99668304601578,112.02495982982263,0.5528854983400439,0.5658333333333333,8.955156729920137,8.687120406475247,0,0,Chennai Super Kings,1,204,140,5,10,runs,64,0
1136578,2018-04-21,2018,Kolkata,Eden Gardens,Kolkata Knight Riders,Kings XI Punjab,Kings XI Punjab,field,0.5714285714285714,0.5555555555555556,0.6,0.6,160.1904761904762,162.16666666666666,159.42857142857142,162.5,5.714285714285714,5.944444444444445,6.238095238095238,5.333333333333333,0.6,0.0,1.0,21,18,18.371610845295056,18.847189966895847,119.70206071610396,121.85149256587547,0.6871212121212121,0.4772222222222222,8.78937934246205,8.452896825396824,0,0,Kings XI Punjab,0,191,126,7,1,wickets,0,9
1136579,2018-04-21,2018,Bengaluru,M.Chinnaswamy Stadium,Delhi Daredevils,Royal Challengers Bangalore,Royal Challengers Bangalore,field,0.3888888888888889,0.2352941176470588,0.2,0.4,153.83333333333334,149.7058823529412,164.94444444444446,164.41176470588235,6.722222222222222,7.294117647058823,5.777777777777778,6.176470588235294,0.0,0.6666666666666666,0.0,18,17,18.49684409888357,15.533792470156104,130.24841734321473,128.22441654233825,0.5313492063492063,0.5976148034971565,8.452924286249226,8.894507355978403,0,0,Royal Challengers Bangalore,0,174,176,5,4,wickets,0,6
1136580,2018-04-22,2018,Hyderabad,Rajiv Gandhi International Stadium,Chennai Super Kings,Sunrisers Hyderabad,Sunrisers Hyderabad,field,0.75,0.6111111111111112,0.75,0.6,192.75,163.55555555555554,176.0,153.83333333333334,6.0,4.555555555555555,6.75,6.888888888888889,0.5,1.0,0.5,4,18,16.754193805928256,14.001450216450218,132.50356110438636,125.37049281393116,0.4939393939393939,0.7656069094304389,8.884672344912465,8.426295636088298,0,0,Chennai Super Kings,1,182,178,3,6,runs,4,0
1136581,2018-04-22,2018,Jaipur,Sawai Mansingh Stadium,Mumbai Indians,Rajasthan Royals,Mumbai Indians,bat,0.6,0.4,0.4,0.4,167.75,159.0,158.4,150.4,6.05,7.2,6.25,3.8,0.5,0.5,0.5,20,5,18.308991885307677,16.00885025062657,139.60815575304542,120.65687084804404,0.603969298245614,0.4491911764705882,9.463537490000844,8.656984567943473,1,1,Rajasthan Royals,0,167,168,7,7,wickets,0,3
1136582,2018-04-23,2018,Delhi,Arun Jaitley Stadium,Kings XI Punjab,Delhi Daredevils,Delhi Daredevils,field,0.5789473684210527,0.3684210526315789,0.8,0.2,160.26315789473685,154.89473684210526,164.0,165.52631578947367,5.684210526315789,6.631578947368421,5.421052631578948,5.684210526315789,0.5,0.5,1.0,19,19,17.93939775910364,17.277083333333334,119.29533427351107,131.270488500836,0.4616666666666666,0.5769886363636364,8.683699690402477,7.896282785703991,0,0,Kings XI Punjab,1,143,139,8,8,runs,4,0
1136583,2018-04-24,2018,Mumbai,Wankhede Stadium,Sunrisers Hyderabad,Mumbai Indians,Mumbai Indians,field,0.5789473684210527,0.5714285714285714,0.6,0.2,164.31578947368422,167.71428571428572,155.31578947368422,158.85714285714286,4.631578947368421,6.095238095238095,6.684210526315789,6.285714285714286,0.0,0.5454545454545454,1.0,19,21,15.634848484848488,17.759110275689224,115.54764575151223,136.66823185190384,0.5823950371797263,0.5747058823529412,8.204200642118716,9.48821381586321,0,0,Sunrisers Hyderabad,1,118,87,10,10,runs,31,0
1136584,2018-04-25,2018,Bengaluru,M.Chinnaswamy Stadium,Royal Challengers Bangalore,Chennai Super Kings,Chennai Super Kings,field,0.2777777777777778,0.8,0.4,0.8,151.16666666666666,190.6,164.94444444444446,176.4,7.111111111111111,5.4,6.111111111111111,6.6,0.75,0.5,0.5,18,5,15.45563527381709,16.22585714938656,131.4050310993101,127.62469671339804,0.6087780640412219,0.5682692307692307,8.418018532372397,8.709692259738581,0,0,Chennai Super Kings,0,205,207,8,5,wickets,0,5
1136585,2018-04-26,2018,Hyderabad,Rajiv Gandhi International Stadium,Sunrisers Hyderabad,Kings XI Punjab,Kings XI Punjab,field,0.6,0.6,0.6,0.8,162.0,159.4,151.9,162.75,4.9,5.8,6.85,5.55,0.6666666666666666,0.5,1.0,20,20,15.580396396688966,17.091365578865577,113.68201303729164,108.45825955433187,0.6123917748917749,0.4726879181424636,8.079998998857269,8.146030177551918,0,0,Sunrisers Hyderabad,1,132,119,6,10,runs,13,0
1136586,2018-04-27,2018,Delhi,Arun Jaitley Stadium,Delhi Daredevils,Kolkata Knight Riders,Kolkata Knight Riders,field,0.35,0.5454545454545454,0.2,0.4,154.1,161.5909090909091,164.4,157.9090909090909,6.7,5.7727272727272725,5.8,6.0,0.0,0.5,0.0,20,22,14.444645191409895,18.87831325880861,116.56537624769138,129.58468175769045,0.6518939393939395,0.5592436974789915,8.024849178105406,8.411891193765824,0,0,Delhi Daredevils,1,219,164,4,9,runs,55,0
1136587,2018-04-28,2018,Pune,Maharashtra Cricket Association Stadium,Chennai Super Kings,Mumbai Indians,Mumbai Indians,field,0.8333333333333334,0.5454545454545454,0.8,0.2,193.33333333333331,164.04545454545453,181.16666666666663,157.0,5.333333333333333,6.2727272727272725,6.833333333333333,6.454545454545454,1.0,0.0,0.5,6,22,16.25034965034965,16.158530219780218,128.18831426656553,133.4424339245521,0.5737055428231899,0.6062278244631186,8.759410715654617,8.277858913680415,0,0,Mumbai Indians,0,169,170,5,2,wickets,0,8
1136588,2018-04-29,2018,Jaipur,Sawai Mansingh Stadium,Sunrisers Hyderabad,Rajasthan Royals,Sunrisers Hyderabad,bat,0.6190476190476191,0.5,0.6,0.6,160.57142857142858,160.5,150.33333333333334,153.16666666666666,4.9523809523809526,7.166666666666667,7.0,4.333333333333333,0.5,0.6666666666666666,0.5,21,6,16.238403361344538,17.506110120816004,111.09342751524773,134.43044160929654,0.6256760396466279,0.6910279263220439,8.3118867077067,8.52280782385085,1,1,Sunrisers Hyderabad,1,151,140,7,6,runs,11,0
1136589,2018-04-29,2018,Bengaluru,M.Chinnaswamy Stadium,Royal Challengers Bangalore,Kolkata Knight Riders,Kolkata Knight Riders,field,0.2631578947368421,0.5217391304347826,0.4,0.4,154.0,161.69565217391303,167.1578947368421,160.56521739130434,7.157894736842105,5.913043478260869,6.052631578947368,5.913043478260869,0.6,0.5,0.0,19,23,16.82423076923077,18.96026809447862,143.74834225903393,129.0128618678122,0.4960818713450292,0.5575386734477644,8.909524573261542,8.660525579672939,0,0,Kolkata Knight Riders,0,175,176,4,5,wickets,0,6
1136590,2018-04-30,2018,Pune,Maharashtra Cricket Association Stadium,Chennai Super Kings,Delhi Daredevils,Delhi Daredevils,field,0.7142857142857143,0.3809523809523809,0.6,0.4,189.8571428571429,157.1904761904762,179.57142857142858,164.38095238095238,5.285714285714286,6.571428571428571,6.142857142857143,5.9523809523809526,0.5,1.0,0.5,7,21,18.42079947343105,18.134586466165413,136.0001232776604,119.65761224975928,0.4921717171717172,0.5169984917043741,8.551638018728204,8.028185325208204,0,0,Chennai Super Kings,1,211,198,4,5,runs,13,0
1136591,2018-05-01,2018,Bengaluru,M.Chinnaswamy Stadium,Royal Challengers Bangalore,Mumbai Indians,Mumbai Indians,field,0.25,0.5652173913043478,0.2,0.4,155.05,164.30434782608697,167.6,157.52173913043478,7.0,6.086956521739131,6.0,6.391304347826087,0.5,0.5,0.0,20,23,16.064410337137613,16.148901515151515,144.6407191395081,132.52704442191902,0.4938672438672439,0.5847231715652768,8.637623599009588,9.519973545081026,0,0,Royal Challengers Bangalore,1,167,153,7,7,runs,14,0
1136592,2018-05-02,2018,Delhi,Arun Jaitley Stadium,Delhi Daredevils,Rajasthan Royals,Rajasthan Royals,field,0.3636363636363636,0.4285714285714285,0.2,0.4,159.04545454545453,157.57142857142858,166.5,152.85714285714286,6.5,7.0,5.863636363636363,4.714285714285714,0.5,0.5,0.5,22,7,16.89291011619959,16.137755662212186,112.70645603936228,125.52429526438794,0.4862748362748362,0.7115326194273563,8.796452047729185,8.240019191577648,0,0,Delhi Daredevils,1,196,146,6,5,runs,4,0
1136593,2018-05-03,2018,Kolkata,Eden Gardens,Chennai Super Kings,Kolkata Knight Riders,Kolkata Knight Riders,field,0.75,0.5416666666666666,0.8,0.6,192.5,162.29166666666666,181.875,161.16666666666666,5.125,5.875,6.0,5.833333333333333,0.5,0.5454545454545454,0.5,8,24,19.723308736352216,16.447619047619046,138.43076243534816,124.22095280881136,0.4726455733808675,0.4412761151891586,8.65222666859188,8.883243121113152,0,0,Kolkata Knight Riders,0,177,180,5,4,wickets,0,6
1136594,2018-05-04,2018,Indore,Holkar Cricket Stadium,Kings XI Punjab,Mumbai Indians,Mumbai Indians,field,0.5714285714285714,0.5416666666666666,0.8,0.4,157.47619047619048,163.83333333333334,161.28571428571428,157.91666666666666,6.0,6.125,5.571428571428571,6.416666666666667,0.6666666666666666,1.0,0.0,21,24,17.270397146712934,17.080781173410795,126.97320503826236,127.57665386531498,0.589556277056277,0.5298852368074335,8.42511082430337,9.19435532982474,0,0,Mumbai Indians,0,174,176,6,4,wickets,0,6
1136595,2018-05-05,2018,Pune,Maharashtra Cricket Association Stadium,Royal Challengers Bangalore,Chennai Super Kings,Chennai Super Kings,field,0.2857142857142857,0.6666666666666666,0.4,0.6,155.61904761904762,190.77777777777777,166.9047619047619,181.66666666666663,7.0,5.111111111111111,6.047619047619048,5.777777777777778,0.0,0.6666666666666666,0.0,21,9,17.21420634920635,19.05044642857143,138.7769625092319,127.8626661816837,0.4945454545454545,0.4714869281045752,8.683438130982903,8.952670232973164,0,0,Chennai Super Kings,0,127,128,9,4,wickets,0,6
1136596,2018-05-05,2018,Hyderabad,Rajiv Gandhi International Stadium,Delhi Daredevils,Sunrisers Hyderabad,Delhi Daredevils,bat,0.391304347826087,0.6363636363636364,0.4,0.6,160.65217391304347,160.13636363636363,165.6086956521739,149.86363636363637,6.478260869565218,5.045454545454546,5.826086956521739,6.954545454545454,0.5,0.75,1.0,23,22,17.6430450467407,18.20366446419078,123.22239200809864,110.5002418638012,0.4814818295739348,0.6497164154918166,8.910593052065604,7.723861683893067,1,1,Sunrisers Hyderabad,0,163,164,5,3,wickets,0,7
1136597,2018-05-06,2018,Mumbai,Wankhede Stadium,Mumbai Indians,Kolkata Knight Riders,Kolkata Knight Riders,field,0.56,0.56,0.4,0.6,164.32,163.0,158.56,161.8,6.04,5.8,6.4,5.8,0.5,0.0,1.0,25,25,17.14702657742939,20.60268662020664,127.94876099424305,136.97618501428008,0.5311688311688312,0.5625,8.93951711267937,8.415905384773167,0,0,Mumbai Indians,1,181,168,4,6,runs,13,0
1136598,2018-05-06,2018,Indore,Holkar Cricket Stadium,Rajasthan Royals,Kings XI Punjab,Kings XI Punjab,field,0.375,0.5454545454545454,0.2,0.6,156.125,158.22727272727272,158.25,161.95454545454547,6.75,6.0,4.875,5.5,0.5,0.5,0.5,8,22,17.84461249295376,17.73004722550177,134.09363379981497,128.84639132410624,0.6084130781499203,0.553918303918304,9.056998650400663,8.354320516604007,0,0,Kings XI Punjab,0,152,155,9,4,wickets,0,6
1136599,2018-05-07,2018,Hyderabad,Rajiv Gandhi International Stadium,Sunrisers Hyderabad,Royal Challengers Bangalore,Royal Challengers Bangalore,field,0.6521739130434783,0.2727272727272727,0.8,0.4,160.30434782608697,154.3181818181818,150.43478260869566,165.13636363636363,4.956521739130435,7.090909090909091,6.869565217391305,5.954545454545454,0.8,0.5,1.0,23,22,18.19376178048427,17.141506410256408,111.99353592469498,118.77823163258088,0.6269583708942977,0.4713438735177865,7.768454957868843,8.561634388551342,0,0,Sunrisers Hyderabad,1,146,141,10,6,runs,5,0
1136600,2018-05-08,2018,Jaipur,Sawai Mansingh Stadium,Rajasthan Royals,Kings XI Punjab,Rajasthan Royals,bat,0.3333333333333333,0.5652173913043478,0.2,0.6,155.66666666666666,158.08695652173913,157.88888888888889,161.52173913043478,7.0,5.913043478260869,4.777777777777778,5.652173913043479,0.5,0.5,0.0,9,23,16.35192028985507,16.999819624819626,129.10021909424887,119.30602863806855,0.6142857142857143,0.5535714285714285,8.927667817317204,8.553449026031554,1,1,Rajasthan Royals,1,158,143,8,7,runs,15,0
1136601,2018-05-09,2018,Kolkata,Eden Gardens,Mumbai Indians,Kolkata Knight Riders,Kolkata Knight Riders,field,0.5769230769230769,0.5384615384615384,0.6,0.4,164.96153846153845,163.19230769230768,158.92307692307693,162.53846153846155,5.961538461538462,5.807692307692308,6.384615384615385,5.730769230769231,1.0,0.5833333333333334,1.0,26,26,17.028699712739957,18.38593117879563,129.52482733876874,121.71748386282214,0.5281424635970091,0.573515873015873,8.942037662917553,8.976376714936945,0,0,Mumbai Indians,1,210,108,6,10,runs,102,0
1136602,2018-05-10,2018,Delhi,Arun Jaitley Stadium,Delhi Daredevils,Sunrisers Hyderabad,Delhi Daredevils,bat,0.375,0.6666666666666666,0.4,1.0,160.75,159.70833333333334,165.54166666666666,150.04166666666666,6.416666666666667,5.166666666666667,5.708333333333333,6.833333333333333,0.6666666666666666,0.5,0.5,24,24,18.50137445887446,17.033030081597857,116.17167169970624,107.21479624113144,0.4608333333333333,0.6922248803827751,8.838537641962299,7.756510479085807,1,1,Sunrisers Hyderabad,0,187,191,5,1,wickets,0,9
1136603,2018-05-11,2018,Jaipur,Sawai Mansingh Stadium,Chennai Super Kings,Rajasthan Royals,Chennai Super Kings,bat,0.7,0.4,0.6,0.4,184.5,155.9,176.2,156.4,5.0,7.1,6.1,5.0,0.5,0.6,1.0,10,10,17.851690858161444,17.965653021442492,125.32471570240168,135.203723587594,0.518156174750602,0.6187590187590187,8.670883443442225,9.77297200253913,1,1,Rajasthan Royals,0,176,177,4,6,wickets,0,4
1136605,2018-05-12,2018,Delhi,Arun Jaitley Stadium,Delhi Daredevils,Royal Challengers Bangalore,Royal Challengers Bangalore,field,0.36,0.2608695652173913,0.4,0.2,161.8,153.7391304347826,166.56,164.30434782608697,6.36,7.043478260869565,5.52,6.130434782608695,0.5,0.5,0.0,25,23,22.675151515151512,14.71900305576776,130.56514609624267,113.1448294641707,0.4671743697478991,0.4650367748193835,9.8215316379534,8.166165620094192,0,0,Royal Challengers Bangalore,0,181,187,4,5,wickets,0,5
1136604,2018-05-12,2018,Indore,Holkar Cricket Stadium,Kolkata Knight Riders,Kings XI Punjab,Kings XI Punjab,field,0.5185185185185185,0.5416666666666666,0.4,0.4,161.14814814814815,157.45833333333334,164.2962962962963,161.375,5.962962962962963,5.958333333333333,5.7407407407407405,5.75,0.5,0.6,0.5,27,24,18.85230745341615,16.30246458087367,123.44926788976711,123.89666913798992,0.4993706293706293,0.5692185007974481,8.715402929223591,8.265891515891516,0,0,Kolkata Knight Riders,1,245,214,6,8,runs,31,0
1136606,2018-05-13,2018,Pune,Maharashtra Cricket Association Stadium,Sunrisers Hyderabad,Chennai Super Kings,Chennai Super Kings,field,0.68,0.6363636363636364,1.0,0.4,160.96,183.72727272727272,151.52,176.27272727272728,5.0,4.909090909090909,6.76,6.090909090909091,0.0,0.75,0.5,25,11,16.660515873015875,17.633041089345436,107.20240025274106,132.95492414522977,0.6799999999999999,0.4575225943646996,7.890632387884284,8.797884710133358,0,0,Chennai Super Kings,0,179,180,4,2,wickets,0,8
1136607,2018-05-13,2018,Mumbai,Wankhede Stadium,Mumbai Indians,Rajasthan Royals,Rajasthan Royals,field,0.5925925925925926,0.4545454545454545,0.8,0.4,166.62962962962962,157.8181818181818,157.03703703703704,158.1818181818182,5.962962962962963,7.0,6.518518518518518,4.909090909090909,0.5384615384615384,0.5,0.0,27,11,17.308962148962145,15.72313837677474,131.96995689649873,124.58342909030598,0.5403364751190839,0.659309991721059,8.810392507508928,8.506891920482822,0,0,Rajasthan Royals,0,168,171,6,3,wickets,0,7
1136608,2018-05-14,2018,Indore,Holkar Cricket Stadium,Kings XI Punjab,Royal Challengers Bangalore,Royal Challengers Bangalore,field,0.52,0.2916666666666667,0.2,0.4,159.72,155.125,164.72,165.0,6.04,6.958333333333333,5.76,6.041666666666667,0.5,0.0,0.5,25,24,18.18227670892749,14.64556277056277,129.2061535854329,112.54180738039209,0.5490817263544536,0.4918481518481518,8.650993881599153,8.217988248209032,0,0,Royal Challengers Bangalore,0,88,92,10,0,wickets,0,10
1136609,2018-05-15,2018,Kolkata,Eden Gardens,Rajasthan Royals,Kolkata Knight Riders,Kolkata Knight Riders,field,0.5,0.5357142857142857,0.6,0.6,158.91666666666666,164.14285714285714,159.0,166.07142857142858,6.666666666666667,5.964285714285714,5.0,5.821428571428571,0.5,0.5384615384615384,0.0,12,28,17.91305753023144,17.902208596825822,133.23661876038778,168.64325514247503,0.5771273291925465,0.558144973164736,9.475492057080386,9.401902439847545,0,0,Kolkata Knight Riders,0,142,145,10,4,wickets,0,6
1136610,2018-05-16,2018,Mumbai,Wankhede Stadium,Mumbai Indians,Kings XI Punjab,Kings XI Punjab,field,0.5714285714285714,0.5,0.6,0.2,166.67857142857142,156.96153846153845,157.53571428571428,161.92307692307693,5.964285714285714,6.1923076923076925,6.392857142857143,5.538461538461538,0.5,1.0,0.0,28,26,17.68770937550842,18.021884256094783,135.26528064720125,126.76498191816115,0.5253257209778949,0.5389112669861332,9.501744847250556,9.257018820016594,0,0,Mumbai Indians,1,186,183,8,5,runs,3,0
1136611,2018-05-17,2018,Bengaluru,M.Chinnaswamy Stadium,Royal Challengers Bangalore,Sunrisers Hyderabad,Sunrisers Hyderabad,field,0.32,0.6538461538461539,0.6,0.8,152.6,161.65384615384616,161.92,152.6153846153846,6.68,4.961538461538462,6.2,6.576923076923077,0.5714285714285714,0.5,0.5,25,26,14.775605508261007,16.687526315789476,113.03536204724,108.3463439554684,0.5053169053169053,0.5914152514152514,8.092046564903503,8.286038739026603,0,0,Royal Challengers Bangalore,1,218,204,6,3,runs,14,0
1136612,2018-05-18,2018,Delhi,Arun Jaitley Stadium,Delhi Daredevils,Chennai Super Kings,Chennai Super Kings,field,0.3461538461538461,0.6666666666666666,0.2,0.6,162.53846153846155,183.41666666666663,167.34615384615384,176.5,6.269230769230769,4.666666666666667,5.5,5.916666666666667,0.4,0.5,0.5,26,12,24.37385561298605,18.04834361229872,145.32097346966364,133.41250419446737,0.4870931537598204,0.4575267714741399,9.465856582870943,8.74269473855537,0,0,Delhi Daredevils,1,162,128,5,6,runs,34,0
1136613,2018-05-19,2018,Jaipur,Sawai Mansingh Stadium,Rajasthan Royals,Royal Challengers Bangalore,Rajasthan Royals,bat,0.4615384615384615,0.3461538461538461,0.6,0.6,157.6153846153846,155.1153846153846,157.92307692307693,163.53846153846155,6.923076923076923,6.653846153846154,4.923076923076923,6.076923076923077,0.6666666666666666,0.5,1.0,13,26,11.255427653154928,16.620828290182878,106.23074302297726,123.53405523182252,0.6463986013986015,0.4962962962962963,8.98789159337125,8.378343740907003,1,1,Rajasthan Royals,1,164,134,5,10,runs,30,0
1136614,2018-05-19,2018,Hyderabad,Rajiv Gandhi International Stadium,Sunrisers Hyderabad,Kolkata Knight Riders,Sunrisers Hyderabad,bat,0.6296296296296297,0.5517241379310345,0.6,0.6,163.22222222222223,163.48275862068965,155.03703703703704,165.24137931034485,4.888888888888889,5.896551724137931,6.555555555555555,5.965517241379311,0.8333333333333334,0.5,0.5,27,29,15.295479375696766,17.7784507126602,103.8356466487286,168.11199965980484,0.7054463893594328,0.648088023088023,8.425467692482068,9.152285267800258,1,1,Kolkata Knight Riders,0,172,173,9,5,wickets,0,5
1136616,2018-05-20,2018,Pune,Maharashtra Cricket Association Stadium,Kings XI Punjab,Chennai Super Kings,Chennai Super Kings,field,0.4814814814814814,0.6153846153846154,0.2,0.4,157.92592592592592,179.15384615384616,162.8148148148148,175.3846153846154,6.148148148148148,4.769230769230769,5.62962962962963,5.846153846153846,0.0,0.8,1.0,27,13,19.344243475822424,16.96003785103785,125.47102917301297,127.00806729736615,0.492681560863379,0.3945337995337995,8.742786501846512,8.69832312242672,0,0,Chennai Super Kings,0,153,159,10,5,wickets,0,5
1136615,2018-05-20,2018,Delhi,Arun Jaitley Stadium,Delhi Daredevils,Mumbai Indians,Delhi Daredevils,bat,0.3703703703703703,0.5862068965517241,0.4,0.8,162.5185185185185,167.3448275862069,165.88888888888889,158.41379310344828,6.222222222222222,6.0344827586206895,5.518518518518518,6.344827586206897,0.5,0.5,0.0,27,29,20.228637566137564,17.42814290087017,133.38892379337625,129.87895528105048,0.5006530712971687,0.4819280719280719,9.174832880835678,9.57603948693694,1,1,Delhi Daredevils,1,174,163,4,10,runs,11,0
1136617,2018-05-22,2018,Mumbai,Wankhede Stadium,Sunrisers Hyderabad,Chennai Super Kings,Chennai Super Kings,field,0.6071428571428571,0.6428571428571429,0.4,0.6,163.53571428571428,177.71428571428572,155.67857142857142,173.78571428571428,5.035714285714286,4.785714285714286,6.5,6.142857142857143,0.5,1.0,0.0,28,14,16.80412785867331,18.432477818108488,105.64729751075846,126.8856600933711,0.6753576134010916,0.4665908233642787,8.335142497451658,8.7569705643282,0,0,Chennai Super Kings,0,139,140,7,8,wickets,0,2
1136618,2018-05-23,2018,Kolkata,Eden Gardens,Kolkata Knight Riders,Rajasthan Royals,Rajasthan Royals,field,0.5666666666666667,0.5,0.6,0.8,163.8,158.07142857142858,165.46666666666667,156.21428571428572,5.866666666666666,6.785714285714286,6.066666666666666,5.285714285714286,0.5714285714285714,0.0,0.5,30,14,17.73060458060458,12.255976061555998,167.79058630044065,109.09593747405252,0.6755716878402903,0.682839382839383,9.021675619420009,8.899599077869631,0,0,Kolkata Knight Riders,1,169,144,7,4,runs,25,0
1136619,2018-05-25,2018,Kolkata,Eden Gardens,Sunrisers Hyderabad,Kolkata Knight Riders,Kolkata Knight Riders,field,0.5862068965517241,0.5806451612903226,0.2,0.8,162.68965517241378,163.96774193548387,155.13793103448276,164.7741935483871,5.103448275862069,5.903225806451613,6.551724137931035,6.0,0.5,0.6,0.3333333333333333,29,31,15.69900432900433,17.58985489954142,110.43199147713774,118.99164851949529,0.642772988505747,0.6136696636696637,8.590656710447819,8.529540901083056,0,0,Sunrisers Hyderabad,1,174,160,7,9,runs,14,0
1136620,2018-05-27,2018,Mumbai,Wankhede Stadium,Sunrisers Hyderabad,Chennai Super Kings,Chennai Super Kings,field,0.6,0.6666666666666666,0.2,0.6,163.06666666666666,175.2,155.3,171.46666666666667,5.166666666666667,5.0,6.633333333333334,6.2,0.3333333333333333,1.0,0.0,30,15,15.200408711728052,19.2916744475568,115.44876929005636,146.37218732477442,0.7163581516522692,0.5370430884904569,8.416849747300088,8.706689045924346,0,0,Chennai Super Kings,0,178,181,6,2,wickets,0,8
1175356,2019-03-23,2019,Chennai,MA Chidambaram Stadium,Royal Challengers Bangalore,Chennai Super Kings,Chennai Super Kings,field,0.3333333333333333,0.6875,0.6,0.8,154.33333333333334,175.5625,163.55555555555554,171.875,6.777777777777778,4.8125,6.037037037037037,6.1875,0.5,1.0,0.0,27,16,17.31014239028945,17.113527559784245,118.82669310229647,136.76089614202527,0.5618357065048241,0.5524525155864869,8.283626418268167,8.66215243283243,0,0,Chennai Super Kings,0,70,71,10,3,wickets,0,7
1175357,2019-03-24,2019,Kolkata,Eden Gardens,Sunrisers Hyderabad,Kolkata Knight Riders,Kolkata Knight Riders,field,0.5806451612903226,0.5625,0.2,0.8,163.5483870967742,163.84375,156.1290322580645,165.0625,5.193548387096774,6.0,6.483870967741935,6.03125,0.6666666666666666,0.5625,0.5,31,32,15.476620879120878,17.227679441997285,113.7914505120489,122.37750071892168,0.6930108445914899,0.6129691694207824,8.670731988809504,8.245136255819189,0,0,Kolkata Knight Riders,0,181,183,3,4,wickets,0,6
1175358,2019-03-24,2019,Mumbai,Wankhede Stadium,Delhi Capitals,Mumbai Indians,Mumbai Indians,field,0.5,0.5666666666666667,0.5,0.6,0.0,167.2,0.0,158.93333333333334,0.0,6.166666666666667,0.0,6.266666666666667,0.5,0.5333333333333333,0.5,0,30,19.46574955908289,17.956714342408628,117.30895320480646,134.653842131498,0.4207070707070707,0.4787700747528333,8.830297102130594,10.01120089905844,0,0,Delhi Capitals,1,213,176,6,9,runs,37,0
1175359,2019-03-25,2019,Jaipur,Sawai Mansingh Stadium,Kings XI Punjab,Rajasthan Royals,Rajasthan Royals,field,0.4642857142857143,0.4666666666666667,0.0,0.6,157.75,157.13333333333333,162.67857142857142,157.06666666666666,6.285714285714286,6.6,5.607142857142857,5.4,0.0,0.7142857142857143,0.5,28,15,15.685921325051758,18.49377189980979,128.01213539072862,126.8596441382534,0.423058423058423,0.5420875420875422,8.38919537638319,8.84018264483433,0,0,Kings XI Punjab,1,184,170,4,9,runs,14,0
1175360,2019-03-26,2019,Delhi,Arun Jaitley Stadium,Delhi Capitals,Chennai Super Kings,Delhi Capitals,bat,1.0,0.7058823529411765,1.0,0.8,213.0,169.41176470588235,176.0,165.88235294117646,6.0,4.705882352941177,9.0,6.411764705882353,0.5,0.0,0.5,1,17,20.76543792439737,16.858819557163567,119.73560722500484,134.50623277969166,0.4549689440993789,0.5679961577212217,8.25551912366888,8.493618826790758,1,1,Chennai Super Kings,0,147,150,6,4,wickets,0,6
1175361,2019-03-27,2019,Kolkata,Eden Gardens,Kolkata Knight Riders,Kings XI Punjab,Kings XI Punjab,field,0.5757575757575758,0.4827586206896552,0.8,0.2,164.42424242424244,158.6551724137931,165.54545454545453,162.93103448275863,5.9393939393939394,6.206896551724138,5.9393939393939394,5.724137931034483,0.5882352941176471,0.5,0.6666666666666666,33,29,17.35400055940808,18.43664021164021,123.07433321700996,131.15754973245646,0.5716524006296733,0.3603838656470235,8.33812207221959,8.474023031705201,0,0,Kolkata Knight Riders,1,218,190,4,4,runs,28,0
1175362,2019-03-28,2019,Bengaluru,M.Chinnaswamy Stadium,Mumbai Indians,Royal Challengers Bangalore,Royal Challengers Bangalore,field,0.5483870967741935,0.3214285714285714,0.4,0.6,167.48387096774192,151.32142857142858,160.67741935483872,160.25,6.258064516129032,6.892857142857143,6.258064516129032,5.928571428571429,0.0,0.625,1.0,31,28,15.90819955036256,12.350171192443922,147.32861976280793,92.57372851482502,0.585118686027777,0.4094578792854655,9.724595518778226,7.280746341941013,0,0,Mumbai Indians,1,187,181,8,5,runs,6,0
1175363,2019-03-29,2019,Hyderabad,Rajiv Gandhi International Stadium,Rajasthan Royals,Sunrisers Hyderabad,Rajasthan Royals,bat,0.4375,0.5625,0.4,0.2,157.9375,164.09375,158.75,156.96875,6.75,5.125,5.3125,6.40625,0.0,0.7142857142857143,0.0,16,32,18.131838116690847,19.137347652347653,128.16759658262524,109.24270181373012,0.5251790633608815,0.5789402726902727,8.81940742161739,8.618897353108894,1,1,Sunrisers Hyderabad,0,198,201,2,5,wickets,0,5
1175364,2019-03-30,2019,Chandigarh,Punjab Cricket Association IS Bindra Stadium,Mumbai Indians,Kings XI Punjab,Kings XI Punjab,field,0.5625,0.4666666666666667,0.4,0.2,168.09375,159.7,161.3125,164.76666666666668,6.3125,6.133333333333334,6.21875,5.666666666666667,0.5,1.0,0.5,32,30,15.81875961099996,17.170603896103895,146.90717619248184,124.53728294510884,0.5732643103610845,0.4680357142857143,9.766559974813596,10.315878207158695,0,0,Kings XI Punjab,0,176,177,7,2,wickets,0,8
1175366,2019-03-31,2019,Hyderabad,Rajiv Gandhi International Stadium,Sunrisers Hyderabad,Royal Challengers Bangalore,Royal Challengers Bangalore,field,0.5757575757575758,0.3103448275862069,0.4,0.4,165.21212121212122,152.3448275862069,158.21212121212122,161.17241379310346,5.121212121212121,6.827586206896552,6.2727272727272725,6.0,0.75,0.0,1.0,33,29,17.30813803200167,14.096645156902593,117.94067711002418,108.52097517549652,0.5894161046198664,0.4556493159877381,8.555965400284961,7.53073229280067,0,0,Sunrisers Hyderabad,1,231,113,2,10,runs,118,0
1175367,2019-03-31,2019,Chennai,MA Chidambaram Stadium,Chennai Super Kings,Rajasthan Royals,Rajasthan Royals,field,0.7222222222222222,0.4117647058823529,1.0,0.2,168.33333333333334,160.2941176470588,164.83333333333334,161.23529411764707,4.666666666666667,6.470588235294118,6.388888888888889,5.294117647058823,1.0,0.5,0.5,18,17,17.963238503548816,18.32836830284411,138.15801162647404,128.65606473790723,0.5593661630194138,0.5225948831425504,8.6037453167952,8.928538524888609,0,0,Chennai Super Kings,1,175,167,5,8,runs,8,0
1175368,2019-04-01,2019,Chandigarh,Punjab Cricket Association IS Bindra Stadium,Kings XI Punjab,Delhi Capitals,Delhi Capitals,field,0.4838709677419355,0.5,0.4,0.5,160.25806451612902,180.0,165.1290322580645,163.0,6.0,6.0,5.709677419354839,6.5,1.0,0.5,0.5,31,2,15.832038593215064,27.122111742424245,127.38012259680184,146.59258127778332,0.4867102396514161,0.4931891025641026,10.063618793807958,9.018877899551514,0,0,Kings XI Punjab,1,166,152,9,10,runs,14,0
1175369,2019-04-02,2019,Jaipur,Sawai Mansingh Stadium,Royal Challengers Bangalore,Rajasthan Royals,Rajasthan Royals,field,0.3,0.3888888888888889,0.2,0.2,151.03333333333333,160.66666666666666,163.5,162.0,6.933333333333334,6.555555555555555,5.866666666666666,5.277777777777778,0.0,0.625,0.5,30,18,12.457172468140849,15.974468428185004,99.426459946663,121.43725560161248,0.4072069670310139,0.5851135792312263,8.595511968921201,9.047808083710857,0,0,Rajasthan Royals,0,158,164,4,3,wickets,0,7
1175370,2019-04-03,2019,Mumbai,Wankhede Stadium,Mumbai Indians,Chennai Super Kings,Chennai Super Kings,field,0.5454545454545454,0.7368421052631579,0.4,1.0,168.33333333333334,168.68421052631578,161.78787878787878,164.94736842105263,6.333333333333333,4.684210526315789,6.090909090909091,6.473684210526316,0.5,1.0,0.0,33,19,17.160513008496878,16.83566995963099,157.05350927022613,134.76510391005985,0.4773126657824934,0.6024368673110092,9.896604074644229,8.72501558129611,0,0,Mumbai Indians,1,170,133,5,8,runs,37,0
1175371,2019-04-04,2019,Delhi,Arun Jaitley Stadium,Delhi Capitals,Sunrisers Hyderabad,Sunrisers Hyderabad,field,0.3333333333333333,0.5882352941176471,0.3333333333333333,0.6,170.66666666666666,167.14705882352942,164.0,156.88235294117646,7.333333333333333,5.029411764705882,7.333333333333333,6.382352941176471,0.0,1.0,0.5,3,34,19.057681604666172,19.62898564843752,119.22747181527043,121.27993530709212,0.5630758130758131,0.6329035062300782,8.3148781248631,8.2918985280968,0,0,Sunrisers Hyderabad,0,129,131,8,5,wickets,0,5
1175372,2019-04-05,2019,Bengaluru,M.Chinnaswamy Stadium,Royal Challengers Bangalore,Kolkata Knight Riders,Kolkata Knight Riders,field,0.2903225806451613,0.5882352941176471,0.0,0.8,151.25806451612902,166.0,163.51612903225808,166.26470588235293,6.838709677419355,5.882352941176471,5.774193548387097,5.882352941176471,0.5555555555555556,1.0,0.0,31,34,14.237992916174736,17.574415489202877,109.07014151722284,124.16258754298148,0.4627199942449209,0.5653770910687906,8.5502131180604,8.42041021911007,0,0,Kolkata Knight Riders,0,205,206,3,5,wickets,0,5
1178393,2019-04-06,2019,Chennai,MA Chidambaram Stadium,Chennai Super Kings,Kings XI Punjab,Chennai Super Kings,bat,0.7,0.5,0.8,0.6,166.9,160.4375,165.2,164.71875,4.85,6.09375,6.4,5.84375,1.0,0.5,0.5,20,32,18.844170981795983,17.74370882740448,123.4108929141023,131.38999161427216,0.4342167134136281,0.6903860028860028,8.076342670709016,10.2615297692183,1,1,Chennai Super Kings,1,160,138,3,5,runs,22,0
1178394,2019-04-06,2019,Hyderabad,Rajiv Gandhi International Stadium,Mumbai Indians,Sunrisers Hyderabad,Sunrisers Hyderabad,field,0.5588235294117647,0.6,0.4,0.6,168.38235294117646,166.11428571428573,160.94117647058823,156.0857142857143,6.294117647058823,5.0285714285714285,6.147058823529412,6.428571428571429,0.0,0.7777777777777778,0.5,34,35,18.660109427609427,19.109015286555397,137.17406195328292,122.03307340182056,0.3895506792058516,0.6472617482628605,9.60575305207696,8.266754396852889,0,0,Mumbai Indians,1,136,96,7,10,runs,40,0
1178395,2019-04-07,2019,Bengaluru,M.Chinnaswamy Stadium,Royal Challengers Bangalore,Delhi Capitals,Delhi Capitals,field,0.28125,0.25,0.0,0.25,152.9375,160.25,164.84375,155.75,6.71875,7.5,5.75,6.75,0.5,0.5,0.5,32,4,14.47019639364467,18.117088392506748,109.89697176230108,116.95915029786364,0.4993187998869816,0.5481962481962482,8.697572471199127,8.259721367472173,0,0,Delhi Capitals,0,149,152,8,6,wickets,0,4
1178396,2019-04-07,2019,Jaipur,Sawai Mansingh Stadium,Rajasthan Royals,Kolkata Knight Riders,Kolkata Knight Riders,field,0.4210526315789473,0.6,0.2,0.8,160.8421052631579,167.14285714285714,161.78947368421052,167.37142857142857,6.368421052631579,5.857142857142857,5.2105263157894735,5.8,0.6666666666666666,1.0,0.0,19,35,17.232721332270014,19.254564558282457,132.1591038924132,127.49347429042848,0.4488721804511278,0.5398926237161532,8.857959693607073,8.648655308958082,0,0,Kolkata Knight Riders,0,139,140,3,2,wickets,0,8
1178397,2019-04-08,2019,Chandigarh,Punjab Cricket Association IS Bindra Stadium,Sunrisers Hyderabad,Kings XI Punjab,Kings XI Punjab,field,0.5833333333333334,0.4848484848484848,0.6,0.6,164.16666666666666,159.75757575757575,155.52777777777777,164.57575757575756,5.166666666666667,6.0606060606060606,6.444444444444445,5.757575757575758,0.0,1.0,1.0,36,33,17.989415119564846,17.106345351441043,119.66024933417889,132.92091994645645,0.6383308895405669,0.5501696445968892,8.195889954860355,10.18001919472118,0,0,Kings XI Punjab,0,150,151,4,4,wickets,0,6
1178398,2019-04-09,2019,Chennai,MA Chidambaram Stadium,Kolkata Knight Riders,Chennai Super Kings,Chennai Super Kings,field,0.6111111111111112,0.7142857142857143,0.8,0.8,166.38888888888889,166.57142857142858,166.58333333333334,163.9047619047619,5.75,4.761904761904762,5.722222222222222,6.333333333333333,0.0,1.0,0.0,36,21,19.30200935885226,19.17268065268065,127.0903951301424,123.58286857911112,0.530647209421403,0.4320106788710907,8.601138934101803,8.042801518569552,0,0,Chennai Super Kings,0,108,111,9,3,wickets,0,7
1178399,2019-04-10,2019,Mumbai,Wankhede Stadium,Kings XI Punjab,Mumbai Indians,Mumbai Indians,field,0.5,0.5714285714285714,0.6,0.6,159.5,167.45714285714286,164.14705882352942,159.0857142857143,6.0,6.314285714285714,5.705882352941177,6.257142857142857,0.5,0.5294117647058824,0.0,34,35,17.232359307359307,18.51971361971362,122.31840949923269,136.40524100657746,0.5085858585858586,0.4724620493358634,10.38011803036864,9.438108010369625,0,0,Mumbai Indians,0,197,198,4,7,wickets,0,3
1178400,2019-04-11,2019,Jaipur,Sawai Mansingh Stadium,Rajasthan Royals,Chennai Super Kings,Chennai Super Kings,field,0.4,0.7272727272727273,0.2,0.8,159.75,164.04545454545453,160.7,161.36363636363637,6.2,4.681818181818182,5.05,6.454545454545454,0.6,0.0,0.5,20,22,19.33003080618212,19.19455902828968,125.85131592554548,134.31932735187894,0.5001270417422867,0.473850958040262,9.010299041174983,8.2696117024893,0,0,Chennai Super Kings,0,151,155,7,6,wickets,0,4
1178401,2019-04-12,2019,Kolkata,Eden Gardens,Kolkata Knight Riders,Delhi Capitals,Delhi Capitals,field,0.5945945945945946,0.4,0.8,0.4,164.8108108108108,158.6,165.0810810810811,154.4,5.837837837837838,7.2,5.648648648648648,7.0,0.6111111111111112,0.5,0.5,37,5,15.31359827264239,18.033876426603697,114.62976819431522,118.80197577066753,0.5968940781440781,0.472541095268368,8.943432995267406,8.04446190773438,0,0,Delhi Capitals,0,178,180,7,3,wickets,0,7
1178403,2019-04-13,2019,Chandigarh,Punjab Cricket Association IS Bindra Stadium,Kings XI Punjab,Royal Challengers Bangalore,Royal Challengers Bangalore,field,0.4857142857142857,0.2727272727272727,0.6,0.0,160.57142857142858,152.8181818181818,165.11428571428573,164.45454545454547,5.942857142857143,6.757575757575758,5.742857142857143,5.757575757575758,1.0,0.5,0.3333333333333333,35,33,16.101683661166422,13.98475901203174,126.49409769702956,108.0041888625258,0.5344684024109861,0.5767642025300128,10.089917705932164,8.399455065653553,0,0,Royal Challengers Bangalore,0,173,174,4,2,wickets,0,8
1178402,2019-04-13,2019,Mumbai,Wankhede Stadium,Mumbai Indians,Rajasthan Royals,Rajasthan Royals,field,0.5833333333333334,0.3809523809523809,0.8,0.2,168.30555555555554,159.33333333333334,160.13888888888889,160.42857142857142,6.333333333333333,6.238095238095238,6.194444444444445,5.095238095238095,0.5555555555555556,1.0,0.0,36,21,18.325920265824134,18.10135223199739,133.55306545548748,131.6904779809535,0.6586347926267282,0.4700806451612903,8.966915095586788,8.923633554129143,0,0,Rajasthan Royals,0,187,188,5,6,wickets,0,4
1178405,2019-04-14,2019,Hyderabad,Rajiv Gandhi International Stadium,Delhi Capitals,Sunrisers Hyderabad,Sunrisers Hyderabad,field,0.5,0.5675675675675675,0.4,0.6,162.16666666666666,163.78378378378378,158.33333333333334,155.40540540540542,6.5,5.135135135135135,7.0,6.378378378378378,0.5,0.7,0.0,6,37,17.322513779705428,20.19934910806428,118.743913569514,125.81288593394518,0.5442218981256414,0.4109877215925602,8.471243017634036,8.474412249906923,0,0,Delhi Capitals,1,155,116,7,10,runs,39,0
1178404,2019-04-14,2019,Kolkata,Eden Gardens,Kolkata Knight Riders,Chennai Super Kings,Chennai Super Kings,field,0.5789473684210527,0.7391304347826086,0.6,0.8,165.1578947368421,163.65217391304347,165.47368421052633,160.91304347826087,5.868421052631579,4.739130434782608,5.578947368421052,6.478260869565218,0.5789473684210527,0.0,0.0,38,23,17.610909305702666,18.073787132407823,116.05417700008834,152.08563303458357,0.5649746762186955,0.4825340915340503,8.315588627473293,8.30463579055971,0,0,Chennai Super Kings,0,161,162,8,5,wickets,0,5
1178406,2019-04-15,2019,Mumbai,Wankhede Stadium,Royal Challengers Bangalore,Mumbai Indians,Mumbai Indians,field,0.2941176470588235,0.5675675675675675,0.2,0.6,153.44117647058823,168.8108108108108,164.7058823529412,160.8918918918919,6.617647058823529,6.297297297297297,5.705882352941177,6.1891891891891895,0.0,0.5263157894736842,0.5,34,37,14.23603682621278,17.819593596059114,108.5385982737706,157.65814964469274,0.5674354611520387,0.4544011544011543,8.335753486805404,9.438044973793891,0,0,Mumbai Indians,0,171,172,7,5,wickets,0,5
1178407,2019-04-16,2019,Chandigarh,Punjab Cricket Association IS Bindra Stadium,Kings XI Punjab,Rajasthan Royals,Rajasthan Royals,field,0.4722222222222222,0.4090909090909091,0.4,0.4,160.91666666666666,160.63636363636363,165.36111111111111,161.63636363636363,5.888888888888889,6.227272727272728,5.638888888888889,5.090909090909091,0.8571428571428571,0.5,1.0,36,22,16.960219872719872,15.257525563813596,122.8075445424355,114.96009764116386,0.3811255411255411,0.5654324229691876,9.932969735121052,8.734450240192013,0,0,Kings XI Punjab,1,182,170,6,7,runs,12,0
1178408,2019-04-17,2019,Hyderabad,Rajiv Gandhi International Stadium,Chennai Super Kings,Sunrisers Hyderabad,Chennai Super Kings,bat,0.75,0.5526315789473685,0.8,0.4,163.58333333333334,162.52631578947367,160.91666666666666,155.39473684210526,4.75,5.2631578947368425,6.541666666666667,6.394736842105263,1.0,0.6363636363636364,1.0,24,38,17.002221498459747,17.619782994782994,133.39256243061465,111.0376149143142,0.553908167970993,0.5954614066157128,8.190529446993173,8.703209088935365,1,1,Sunrisers Hyderabad,0,132,137,5,4,wickets,0,6
1178409,2019-04-18,2019,Delhi,Arun Jaitley Stadium,Mumbai Indians,Delhi Capitals,Mumbai Indians,bat,0.5789473684210527,0.5714285714285714,0.8,0.6,168.89473684210526,161.14285714285714,161.1578947368421,152.28571428571428,6.2631578947368425,6.571428571428571,6.2105263157894735,7.428571428571429,0.0,0.0,0.5,38,7,17.212926245210728,17.55444409194409,161.00387543886535,122.28683570304337,0.4915485309602957,0.6064491064491064,9.521330031835328,8.164414805351898,1,1,Mumbai Indians,1,168,128,5,9,runs,40,0
1178410,2019-04-19,2019,Kolkata,Eden Gardens,Royal Challengers Bangalore,Kolkata Knight Riders,Kolkata Knight Riders,field,0.2857142857142857,0.5641025641025641,0.2,0.4,153.94285714285715,165.05128205128204,164.9142857142857,165.3846153846154,6.628571428571429,5.923076923076923,5.685714285714286,5.564102564102564,0.0,0.55,0.0,35,39,13.269887669801465,17.474416579588993,108.43004898492006,115.30255290879906,0.5033466925231631,0.5588379823673941,8.39144884519024,8.41030549553895,0,0,Royal Challengers Bangalore,1,213,203,4,5,runs,10,0
1178412,2019-04-20,2019,Delhi,Arun Jaitley Stadium,Kings XI Punjab,Delhi Capitals,Delhi Capitals,field,0.4864864864864865,0.5,0.4,0.6,161.48648648648648,157.0,165.48648648648648,154.25,5.891891891891892,6.875,5.675675675675675,7.125,1.0,0.0,1.0,37,8,16.22606760350449,17.42828003609737,122.089235704917,108.11933675881296,0.4889233954451345,0.5283447714482197,9.401207646520144,8.142051099705233,0,0,Delhi Capitals,0,163,166,7,5,wickets,0,5
1178411,2019-04-20,2019,Jaipur,Sawai Mansingh Stadium,Mumbai Indians,Rajasthan Royals,Rajasthan Royals,field,0.5897435897435898,0.391304347826087,0.8,0.4,168.87179487179486,161.04347826086956,160.30769230769232,162.52173913043478,6.230769230769231,6.260869565217392,6.282051282051282,5.130434782608695,0.0,0.5454545454545454,0.0,39,23,16.018848623989214,14.562243040282969,154.45688989289866,110.32189596047829,0.5663294265074451,0.5213957759412305,9.34694035058098,8.535946777293992,0,0,Rajasthan Royals,0,161,162,5,5,wickets,0,5
1178414,2019-04-21,2019,Bengaluru,M.Chinnaswamy Stadium,Royal Challengers Bangalore,Chennai Super Kings,Chennai Super Kings,field,0.3055555555555556,0.72,0.4,0.8,155.58333333333334,162.32,165.97222222222223,159.96,6.555555555555555,4.76,5.666666666666667,6.44,0.4545454545454545,1.0,0.0,36,25,15.854074675324677,18.395558024042028,111.32927787093467,135.46260612371853,0.5075818789054083,0.5361556239514894,8.253578825598959,8.514286525731949,0,0,Royal Challengers Bangalore,1,161,160,7,8,runs,1,0
1178413,2019-04-21,2019,Hyderabad,Rajiv Gandhi International Stadium,Kolkata Knight Riders,Sunrisers Hyderabad,Sunrisers Hyderabad,field,0.55,0.5641025641025641,0.2,0.4,166.0,161.87179487179486,166.575,154.7948717948718,5.9,5.230769230769231,5.525,6.358974358974359,1.0,0.6666666666666666,0.5,40,39,17.081092861386978,17.64062479253867,116.68424471795332,110.30018528605108,0.5385251922910725,0.5873184747516298,8.419297157298322,8.442704742228257,0,0,Sunrisers Hyderabad,0,159,161,8,1,wickets,0,9
1178415,2019-04-22,2019,Jaipur,Sawai Mansingh Stadium,Rajasthan Royals,Delhi Capitals,Delhi Capitals,field,0.4166666666666667,0.5555555555555556,0.4,0.8,161.08333333333334,158.0,162.45833333333334,155.22222222222223,6.208333333333333,6.666666666666667,5.125,7.111111111111111,0.5833333333333334,0.5,0.5,24,9,15.7910150455605,17.287592111121523,112.60562993538088,121.3272139341978,0.5256598249867869,0.4635566188197766,8.425503859633169,7.709952655977219,0,0,Delhi Capitals,0,191,193,6,4,wickets,0,6
1178416,2019-04-23,2019,Chennai,MA Chidambaram Stadium,Sunrisers Hyderabad,Chennai Super Kings,Chennai Super Kings,field,0.575,0.6923076923076923,0.4,0.6,161.85,162.23076923076923,154.9,160.0,5.125,4.884615384615385,6.4,6.461538461538462,0.5,1.0,0.0,40,26,18.2534830475906,18.104950439616324,115.65538282555772,124.16856561950294,0.6317079463364293,0.5228546891704787,8.358234418277313,8.22785095239626,0,0,Chennai Super Kings,0,175,176,3,4,wickets,0,6
1178417,2019-04-24,2019,Bengaluru,M.Chinnaswamy Stadium,Royal Challengers Bangalore,Kings XI Punjab,Kings XI Punjab,field,0.3243243243243243,0.4736842105263157,0.6,0.4,155.72972972972974,161.52631578947367,165.8108108108108,165.5,6.567567567567568,5.921052631578948,5.72972972972973,5.657894736842105,0.5,0.0,0.0,37,38,15.38566948330084,15.187655526575554,114.59910103570854,109.5053312956808,0.484795543619073,0.4458677685950413,8.470245221158335,9.1629568172973,0,0,Royal Challengers Bangalore,1,202,185,4,7,runs,17,0
1178418,2019-04-25,2019,Kolkata,Eden Gardens,Kolkata Knight Riders,Rajasthan Royals,Rajasthan Royals,field,0.5365853658536586,0.4,0.0,0.4,165.82926829268294,162.28,166.4390243902439,163.68,5.951219512195122,6.2,5.414634146341464,5.08,0.5238095238095238,0.0,1.0,41,25,16.81969720011811,16.705542977359247,115.55541348990312,118.50440450013404,0.5409333091151273,0.6446428571428572,8.954969549557735,8.351231666396831,0,0,Rajasthan Royals,0,175,177,6,7,wickets,0,3
1178419,2019-04-26,2019,Chennai,MA Chidambaram Stadium,Mumbai Indians,Chennai Super Kings,Chennai Super Kings,field,0.575,0.7037037037037037,0.6,0.6,168.675,162.74074074074073,160.35,160.55555555555554,6.2,4.851851851851852,6.25,6.333333333333333,0.5,1.0,0.5,40,27,18.8741802707762,14.847132034632034,157.74622110534767,139.1375498093197,0.5004884004884005,0.5136759914024392,9.36838752138712,8.295403769275003,0,0,Mumbai Indians,1,155,109,4,10,runs,46,0
1178420,2019-04-27,2019,Jaipur,Sawai Mansingh Stadium,Sunrisers Hyderabad,Rajasthan Royals,Rajasthan Royals,field,0.5609756097560976,0.4230769230769231,0.4,0.6,162.17073170731706,162.84615384615384,155.41463414634146,164.1153846153846,5.073170731707317,6.230769230769231,6.341463414634147,5.115384615384615,1.0,0.5384615384615384,1.0,41,26,17.345524861514985,14.747390134036475,106.08623406257485,99.50370273025456,0.5819581625568322,0.4309523809523809,8.284966628264046,9.13094137452114,0,0,Rajasthan Royals,0,160,161,8,3,wickets,0,7
1178421,2019-04-28,2019,Delhi,Arun Jaitley Stadium,Delhi Capitals,Royal Challengers Bangalore,Delhi Capitals,bat,0.6,0.3421052631578947,0.8,0.8,161.5,156.94736842105263,158.8,166.31578947368422,6.4,6.5,7.0,5.7631578947368425,0.25,1.0,0.5,10,38,16.358401686033265,14.699942002442004,115.25884036296716,109.13171333611628,0.5029823902460165,0.4179020467836257,8.56858692507075,7.807785428874383,1,1,Delhi Capitals,1,187,171,5,7,runs,16,0
1178422,2019-04-28,2019,Kolkata,Eden Gardens,Kolkata Knight Riders,Mumbai Indians,Mumbai Indians,field,0.5238095238095238,0.5853658536585366,0.0,0.6,166.04761904761904,168.34146341463415,166.6904761904762,159.09756097560975,5.9523809523809526,6.146341463414634,5.4523809523809526,6.341463414634147,0.5,1.0,0.0,42,41,19.60240302700543,17.22186303593253,127.7827063330502,146.89302292717582,0.4114457690509583,0.5163624663624664,8.480661778177975,9.532510631950611,0,0,Kolkata Knight Riders,1,232,198,2,7,runs,34,0
1178423,2019-04-29,2019,Hyderabad,Rajiv Gandhi International Stadium,Sunrisers Hyderabad,Kings XI Punjab,Kings XI Punjab,field,0.5476190476190477,0.4615384615384615,0.4,0.2,162.11904761904762,162.12820512820514,155.54761904761904,166.43589743589743,5.142857142857143,5.948717948717949,6.261904761904762,5.615384615384615,0.6923076923076923,0.0,0.6666666666666666,42,39,17.134594015959358,17.764351851851853,120.93574534328332,127.31292569788326,0.6488689988689988,0.4164036500268384,8.032447249793728,7.898254418010667,0,0,Sunrisers Hyderabad,1,212,167,6,8,runs,45,0
1178425,2019-05-01,2019,Chennai,MA Chidambaram Stadium,Chennai Super Kings,Delhi Capitals,Delhi Capitals,field,0.6785714285714286,0.6363636363636364,0.4,0.8,160.82142857142858,163.8181818181818,160.35714285714286,159.9090909090909,5.035714285714286,6.2727272727272725,6.25,7.0,0.8571428571428571,0.5,0.5,28,11,17.722276966180708,19.08871216205531,122.56057374660386,133.58726868023288,0.508283334599124,0.4488690476190475,8.268162804763872,8.540236745967494,0,0,Chennai Super Kings,1,179,99,4,10,runs,80,0
1178427,2019-05-03,2019,Chandigarh,Punjab Cricket Association IS Bindra Stadium,Kings XI Punjab,Kolkata Knight Riders,Kolkata Knight Riders,field,0.45,0.5348837209302325,0.2,0.2,162.25,167.58139534883722,167.575,167.41860465116278,6.0,5.8604651162790695,5.625,5.488372093023256,0.875,0.5,1.0,40,43,16.239525026944385,20.135369043000622,129.02313093934575,128.60835240360151,0.5375250836120402,0.4392022357723578,9.22740354790206,8.528467817878187,0,0,Kolkata Knight Riders,0,183,185,6,3,wickets,0,7
1178428,2019-05-04,2019,Delhi,Arun Jaitley Stadium,Rajasthan Royals,Delhi Capitals,Rajasthan Royals,bat,0.4444444444444444,0.5833333333333334,0.6,0.6,162.77777777777777,158.41666666666666,163.96296296296296,161.5,6.111111111111111,6.583333333333333,5.222222222222222,6.75,0.0,0.4,0.0,27,12,15.083402255639095,15.968018993018994,116.43740421800656,118.25268408972902,0.4588167388167388,0.4243235137296721,8.744123279683624,8.547531611654392,1,1,Delhi Capitals,0,115,121,9,5,wickets,0,5
1178429,2019-05-04,2019,Bengaluru,M.Chinnaswamy Stadium,Sunrisers Hyderabad,Royal Challengers Bangalore,Royal Challengers Bangalore,field,0.5581395348837209,0.3333333333333333,0.6,0.6,163.27906976744185,157.30769230769232,155.8139534883721,166.84615384615384,5.162790697674419,6.512820512820513,6.3023255813953485,5.743589743589744,0.0,0.5384615384615384,1.0,43,39,14.552894415641454,15.562702208186082,116.69144849105128,108.02065944211913,0.5783918040343988,0.4128864970970234,8.252080601677477,8.319254425625209,0,0,Royal Challengers Bangalore,0,175,178,7,6,wickets,0,4
1178430,2019-05-05,2019,Chandigarh,Punjab Cricket Association IS Bindra Stadium,Chennai Super Kings,Kings XI Punjab,Kings XI Punjab,field,0.6896551724137931,0.4390243902439024,0.4,0.2,161.44827586206895,162.7560975609756,158.24137931034485,168.0,5.0,6.0,6.379310344827586,5.560975609756097,0.0,0.7777777777777778,1.0,29,41,17.831539772870286,17.477967994077616,122.89445415556044,136.54784437548886,0.5185626317805347,0.4684726048362412,8.228005872346225,9.681751227218294,0,0,Kings XI Punjab,0,170,173,5,4,wickets,0,6
1178431,2019-05-05,2019,Mumbai,Wankhede Stadium,Kolkata Knight Riders,Mumbai Indians,Mumbai Indians,field,0.5454545454545454,0.5714285714285714,0.4,0.6,167.97727272727272,169.04761904761904,167.77272727272728,160.83333333333334,5.795454545454546,6.166666666666667,5.5,6.238095238095238,0.0,0.55,0.5,44,42,19.788050715022848,16.67949238373035,122.0089113808045,152.6022127316879,0.431345238095238,0.5749730782990207,8.757789865100609,9.415122102152292,0,0,Mumbai Indians,0,133,134,7,1,wickets,0,9
1181764,2019-05-07,2019,Chennai,MA Chidambaram Stadium,Chennai Super Kings,Mumbai Indians,Chennai Super Kings,bat,0.6666666666666666,0.5813953488372093,0.4,0.6,161.73333333333332,168.2325581395349,158.73333333333332,160.1860465116279,5.0,6.046511627906977,6.3,6.255813953488372,0.875,1.0,0.0,30,43,18.6783522033522,18.145986786288795,122.36802817411068,157.93530709754,0.515096037507562,0.5024079429342587,8.265576388988924,9.465484678443332,1,1,Mumbai Indians,0,131,132,4,4,wickets,0,6
1181766,2019-05-08,2019,Visakhapatnam,Dr. Y.S. Rajasekhara Reddy ACA-VDCA Cricket Stadium,Sunrisers Hyderabad,Delhi Capitals,Delhi Capitals,field,0.5454545454545454,0.6153846153846154,0.4,0.8,163.54545454545453,155.53846153846155,156.3181818181818,157.92307692307693,5.204545454545454,6.461538461538462,6.295454545454546,6.923076923076923,0.5,0.5,0.5,44,13,14.380793226381464,15.982008355326542,116.45291121133154,119.29041444082556,0.5805034611852794,0.422753429435015,8.41483857211391,8.23372002879218,0,0,Delhi Capitals,0,162,165,8,8,wickets,0,2
1181767,2019-05-10,2019,Visakhapatnam,Dr. Y.S. Rajasekhara Reddy ACA-VDCA Cricket Stadium,Delhi Capitals,Chennai Super Kings,Chennai Super Kings,field,0.6428571428571429,0.6451612903225806,0.8,0.4,156.21428571428572,160.74193548387098,158.21428571428572,157.8709677419355,6.571428571428571,4.967741935483871,7.0,6.225806451612903,1.0,0.5,0.0,14,31,15.938062842954146,16.7384832871495,117.06799851477612,130.77923491660783,0.4504427390791027,0.6059882479382016,8.30477034638695,8.339952234909216,0,0,Chennai Super Kings,0,147,151,9,4,wickets,0,6
1181768,2019-05-12,2019,Hyderabad,Rajiv Gandhi International Stadium,Mumbai Indians,Chennai Super Kings,Mumbai Indians,bat,0.5909090909090909,0.65625,0.6,0.4,167.4090909090909,160.4375,159.52272727272728,157.53125,6.0,4.9375,6.204545454545454,6.3125,0.5,0.5,0.6666666666666666,44,32,16.738858739191333,16.74130158010733,152.10189454508227,130.66237358564703,0.5714758110106947,0.6148678729436244,9.311047567055905,8.319699260049749,1,1,Mumbai Indians,1,149,148,8,7,runs,1,0
1216492,2020-09-19,2020/21,Abu Dhabi,Sheikh Zayed Stadium,Mumbai Indians,Chennai Super Kings,Chennai Super Kings,field,0.6,0.6363636363636364,0.8,0.4,167.0,160.06060606060606,159.26666666666668,157.27272727272728,6.044444444444444,5.0,6.222222222222222,6.363636363636363,0.5,0.5,0.75,45,33,20.517184925874627,19.252090321958743,127.3162711093391,129.58038456248937,0.4976295533734558,0.4356193919295652,9.312637044245887,8.600003911370859,0,0,Chennai Super Kings,0,162,166,9,5,wickets,0,5
1216534,2020-09-21,2020/21,Unknown,Dubai International Cricket Stadium,Royal Challengers Bangalore,Sunrisers Hyderabad,Sunrisers Hyderabad,field,0.36,0.5555555555555556,0.6,0.8,155.14,162.03703703703704,164.98,154.75925925925927,6.32,5.12962962962963,5.64,6.407407407407407,0.5,0.5,0.5,50,54,15.399796827777324,17.85575671503002,105.13055178072705,117.99098797334356,0.463076923076923,0.4859037775316845,8.708159742675152,8.515910663608567,0,0,Royal Challengers Bangalore,1,163,153,5,10,runs,10,0
1216496,2020-09-22,2020/21,Unknown,Sharjah Cricket Stadium,Rajasthan Royals,Chennai Super Kings,Chennai Super Kings,field,0.4285714285714285,0.6470588235294118,0.6,0.4,161.07142857142858,160.23529411764707,162.42857142857142,157.41176470588235,6.214285714285714,5.0,5.214285714285714,6.441176470588236,0.5,0.5,0.0,28,34,17.917218839983548,17.953210780988556,122.9957588426224,130.70734864581956,0.5797056684013207,0.4897356284353187,8.59892288386022,8.538137727098633,0,0,Rajasthan Royals,1,216,200,7,6,runs,16,0
1216508,2020-09-23,2020/21,Abu Dhabi,Sheikh Zayed Stadium,Mumbai Indians,Kolkata Knight Riders,Kolkata Knight Riders,field,0.5918367346938775,0.5510204081632653,0.6,0.6,167.0,166.18367346938774,159.0,163.87755102040816,6.081632653061225,5.959183673469388,6.1020408163265305,5.469387755102041,0.6666666666666666,0.6666666666666666,1.0,49,49,16.71926825611036,17.770490104211035,125.0373413871756,129.4774634874476,0.5663032000839238,0.5822640657785585,8.703642675237903,8.472349618079493,0,0,Mumbai Indians,1,195,146,5,9,runs,49,0
1216510,2020-09-24,2020/21,Unknown,Dubai International Cricket Stadium,Kings XI Punjab,Royal Challengers Bangalore,Royal Challengers Bangalore,field,0.4444444444444444,0.3409090909090909,0.4,0.4,161.51111111111112,155.3181818181818,167.04444444444445,163.79545454545453,6.022222222222222,6.409090909090909,5.511111111111111,5.75,1.0,0.5,0.25,45,44,16.01833147942158,17.511582726216872,115.06082259280284,112.30601751930028,0.2642857142857143,0.4018084985190248,10.125493241916187,7.454175343747169,0,0,Kings XI Punjab,1,206,109,3,10,runs,97,0
1216539,2020-09-25,2020/21,Unknown,Dubai International Cricket Stadium,Delhi Capitals,Chennai Super Kings,Chennai Super Kings,field,0.56,0.5777777777777777,0.2,0.4,158.64,159.82222222222222,161.36,158.77777777777777,6.6,4.955555555555556,6.32,6.133333333333334,0.3333333333333333,0.6,0.0,25,45,16.794838487336555,19.75946275946276,124.86876582501814,124.83926278636804,0.5532032445668809,0.4063912403386087,8.639983696007372,8.514993214615757,0,0,Delhi Capitals,1,175,131,3,7,runs,44,0
1216545,2020-09-26,2020/21,Abu Dhabi,Sheikh Zayed Stadium,Sunrisers Hyderabad,Kolkata Knight Riders,Sunrisers Hyderabad,bat,0.543859649122807,0.5087719298245614,0.4,0.4,162.7719298245614,165.52631578947367,155.43859649122808,165.21052631578948,5.2631578947368425,6.140350877192983,6.421052631578948,5.280701754385965,1.0,0.5,0.4,57,57,16.801469102748484,15.638060593143711,115.11653693254276,119.921677488555,0.5403099008974162,0.6387075435462533,8.478037396401287,8.456703185445585,1,1,Kolkata Knight Riders,0,142,145,4,3,wickets,0,7
1216527,2020-09-27,2020/21,Unknown,Sharjah Cricket Stadium,Kings XI Punjab,Rajasthan Royals,Rajasthan Royals,field,0.4489795918367347,0.3888888888888889,0.4,0.2,162.53061224489795,160.69444444444446,165.71428571428572,165.27777777777777,5.816326530612245,6.472222222222222,5.571428571428571,5.027777777777778,1.0,0.5,1.0,49,36,16.05875686813187,18.057516336015777,115.24172943805868,126.3900975684287,0.354280303030303,0.5611120413501848,9.85111553576284,8.810885785634666,0,0,Rajasthan Royals,0,223,226,2,6,wickets,0,4
1216532,2020-09-29,2020/21,Abu Dhabi,Sheikh Zayed Stadium,Sunrisers Hyderabad,Delhi Capitals,Delhi Capitals,field,0.5471698113207547,0.6086956521739131,0.6,0.6,162.03773584905662,161.2608695652174,154.9056603773585,163.52173913043478,5.150943396226415,6.478260869565218,6.39622641509434,6.652173913043479,0.5,0.3333333333333333,0.5,53,23,17.97582565678541,16.994764799837085,113.00609939415432,119.30403958775508,0.5298604984523071,0.5896791915444463,8.973116839911286,8.40713450380409,0,0,Sunrisers Hyderabad,1,162,147,4,7,runs,15,0
1216504,2020-09-30,2020/21,Unknown,Dubai International Cricket Stadium,Kolkata Knight Riders,Rajasthan Royals,Rajasthan Royals,field,0.5416666666666666,0.4333333333333333,0.6,0.6,166.02083333333334,162.13333333333333,164.4375,164.4,5.958333333333333,6.366666666666666,5.395833333333333,5.333333333333333,0.5,0.5,0.5,48,30,14.4158695008695,18.01120027872585,114.66814986322944,123.4832135276377,0.6699134199134199,0.631990856879469,8.159168266427693,8.748004320437358,0,0,Kolkata Knight Riders,1,174,137,6,9,runs,37,0
1216503,2020-10-01,2020/21,Abu Dhabi,Sheikh Zayed Stadium,Mumbai Indians,Kings XI Punjab,Kings XI Punjab,field,0.5833333333333334,0.4651162790697674,0.6,0.4,166.5,162.13953488372093,159.33333333333334,166.7906976744186,6.125,5.976744186046512,6.0625,5.651162790697675,0.5,0.5,0.3333333333333333,48,43,16.496876204605954,20.77494951708948,125.82818879204773,144.20971660817423,0.5215962679895206,0.2811447811447811,8.798308177988895,10.70035288391336,0,0,Mumbai Indians,1,191,143,4,8,runs,48,0
1216516,2020-10-02,2020/21,Unknown,Dubai International Cricket Stadium,Sunrisers Hyderabad,Chennai Super Kings,Sunrisers Hyderabad,bat,0.5306122448979592,0.6153846153846154,0.4,0.4,161.26530612244898,162.02564102564102,155.12244897959184,160.28205128205127,5.224489795918367,4.769230769230769,6.36734693877551,6.435897435897436,0.0,1.0,0.0,49,39,19.00861369109047,17.581043124639965,124.94770335371015,141.123037311742,0.4389594928880643,0.5796791268408601,8.399913854282099,8.697062421939506,1,1,Sunrisers Hyderabad,1,164,157,5,5,runs,7,0
1216515,2020-10-03,2020/21,Unknown,Sharjah Cricket Stadium,Delhi Capitals,Kolkata Knight Riders,Kolkata Knight Riders,field,0.631578947368421,0.54,0.6,0.6,157.47368421052633,165.78,159.42105263157896,164.5,6.684210526315789,6.02,6.789473684210527,5.46,1.0,0.5,0.5,19,50,19.85990565967274,16.74928683468327,130.89586883219437,132.81377019048003,0.5550700280112044,0.6540819422546581,8.58731925957088,8.540207176660529,0,0,Delhi Capitals,1,228,210,4,8,runs,18,0
1216514,2020-10-03,2020/21,Abu Dhabi,Sheikh Zayed Stadium,Rajasthan Royals,Royal Challengers Bangalore,Rajasthan Royals,bat,0.4242424242424242,0.3333333333333333,0.4,0.2,160.6060606060606,154.2888888888889,165.36363636363637,164.73333333333332,6.515151515151516,6.488888888888889,5.2727272727272725,5.688888888888889,0.0,0.3333333333333333,1.0,33,45,18.732742339359987,16.12250740037301,129.04295351780877,113.7690528539602,0.504527051895473,0.4458585858585859,8.7241197411434,8.183195227810783,1,1,Royal Challengers Bangalore,0,154,158,6,2,wickets,0,8
1216538,2020-10-04,2020/21,Unknown,Sharjah Cricket Stadium,Mumbai Indians,Sunrisers Hyderabad,Mumbai Indians,bat,0.6363636363636364,0.5454545454545454,1.0,0.6,165.6909090909091,161.87272727272727,156.4909090909091,154.9090909090909,5.727272727272728,5.218181818181818,6.2727272727272725,6.381818181818182,0.5,1.0,0.5,55,55,17.006036398030286,17.95303300383514,126.6991800320653,122.25188685982562,0.6161746495025237,0.5185200939880085,8.147992996925426,8.897786236787145,1,1,Mumbai Indians,1,208,174,5,7,runs,34,0
1216513,2020-10-04,2020/21,Unknown,Dubai International Cricket Stadium,Kings XI Punjab,Chennai Super Kings,Kings XI Punjab,bat,0.4565217391304347,0.6052631578947368,0.6,0.4,162.47826086956522,161.52631578947367,165.7826086956522,159.81578947368422,5.956521739130435,4.894736842105263,5.608695652173913,6.5,1.0,0.5,0.3333333333333333,46,38,17.472758204633205,17.272395229195027,120.80514377561262,140.77537623831924,0.3934210526315789,0.5892955156113051,10.344593707687125,8.683985634930481,1,1,Chennai Super Kings,0,178,181,4,0,wickets,0,10
1216519,2020-10-05,2020/21,Unknown,Dubai International Cricket Stadium,Delhi Capitals,Royal Challengers Bangalore,Royal Challengers Bangalore,field,0.65,0.3478260869565217,0.8,0.2,161.0,154.3695652173913,161.95,164.5,6.55,6.391304347826087,6.85,5.695652173913044,0.5,0.0,1.0,20,46,20.553195204322865,15.885478374643276,136.21217908810053,119.87874092182209,0.5362085137085137,0.5258303290911986,8.647970113134228,8.100020257394169,0,0,Delhi Capitals,1,196,137,4,9,runs,59,0
1216511,2020-10-06,2020/21,Abu Dhabi,Sheikh Zayed Stadium,Mumbai Indians,Rajasthan Royals,Mumbai Indians,bat,0.6,0.4375,0.6,0.4,167.56,161.375,158.74,164.5,6.06,6.40625,6.16,5.3125,0.75,0.5,0.0,50,32,16.53923083546118,15.876467423369077,126.18437588937417,117.9684158455882,0.6115271389473506,0.5892159692159692,8.230518988270779,8.775967770883806,1,1,Mumbai Indians,1,193,136,4,10,runs,57,0
1216501,2020-10-07,2020/21,Abu Dhabi,Sheikh Zayed Stadium,Kolkata Knight Riders,Chennai Super Kings,Kolkata Knight Riders,bat,0.5319148936170213,0.6285714285714286,0.6,0.4,166.0,161.37142857142857,164.59574468085106,159.0857142857143,5.872340425531915,5.0285714285714285,5.404255319148936,6.457142857142857,0.5,1.0,0.0,47,35,19.792666221003834,17.35455461841271,137.08377525328424,144.71460995411553,0.4740882574215908,0.6182008125989301,9.19217081740743,8.586420536157432,1,1,Kolkata Knight Riders,1,167,157,10,5,runs,10,0
1216542,2020-10-08,2020/21,Unknown,Dubai International Cricket Stadium,Sunrisers Hyderabad,Kings XI Punjab,Sunrisers Hyderabad,bat,0.5357142857142857,0.4423076923076923,0.4,0.4,162.08928571428572,164.40384615384616,155.85714285714286,167.3653846153846,5.25,5.634615384615385,6.357142857142857,5.538461538461538,0.4285714285714285,0.6666666666666666,0.75,56,52,17.82044432498978,16.267110874088615,120.21464807711452,116.61983911029726,0.492048637636873,0.37996632996633,9.468507931636282,9.129368687229746,1,1,Sunrisers Hyderabad,1,201,132,6,10,runs,69,0
1216500,2020-10-09,2020/21,Unknown,Sharjah Cricket Stadium,Delhi Capitals,Rajasthan Royals,Rajasthan Royals,field,0.5625,0.4482758620689655,0.4,0.6,154.3125,162.9655172413793,160.0,163.72413793103448,6.875,6.241379310344827,6.75,5.241379310344827,0.5,1.0,0.5,16,29,20.4223883791442,15.20791958041958,135.29028164444293,119.89484115727342,0.5325174928623204,0.6028939393939394,8.7058819074035,8.147660166478117,0,0,Delhi Capitals,1,184,138,8,10,runs,46,0
1216525,2020-10-10,2020/21,Unknown,Dubai International Cricket Stadium,Royal Challengers Bangalore,Chennai Super Kings,Royal Challengers Bangalore,bat,0.3541666666666667,0.5853658536585366,0.4,0.4,154.52083333333334,160.73170731707316,165.41666666666666,159.29268292682926,6.375,4.878048780487805,5.666666666666667,6.243902439024391,0.3333333333333333,0.5,0.25,48,41,16.940112665112665,16.25757767064585,115.81861371318148,122.60677101868532,0.454510767010767,0.5912122384839104,8.483284693759702,8.587745846200857,1,1,Royal Challengers Bangalore,1,169,132,4,8,runs,37,0
1216523,2020-10-10,2020/21,Abu Dhabi,Sheikh Zayed Stadium,Kolkata Knight Riders,Kings XI Punjab,Kolkata Knight Riders,bat,0.5192307692307693,0.4583333333333333,0.4,0.4,166.30769230769232,162.54166666666666,165.44230769230768,165.75,6.115384615384615,5.833333333333333,5.365384615384615,5.5625,0.5,0.0,0.6,52,48,16.653769754677054,15.342572390640177,119.90120657413932,110.31213872949766,0.6107990531635852,0.4960416666666667,8.895913777502901,8.905298549542824,1,1,Kolkata Knight Riders,1,164,162,6,5,runs,2,0
1216529,2020-10-11,2020/21,Abu Dhabi,Sheikh Zayed Stadium,Delhi Capitals,Mumbai Indians,Delhi Capitals,bat,0.6363636363636364,0.6226415094339622,0.8,1.0,161.22727272727272,166.71698113207546,163.4090909090909,157.26415094339623,6.590909090909091,5.830188679245283,6.727272727272728,6.264150943396227,0.5,0.8333333333333334,1.0,22,53,16.61262029532497,16.909453042508428,115.33891827443458,126.71531769788167,0.657487209759937,0.6396447684092786,8.623319345344354,8.103270904207236,1,1,Mumbai Indians,0,162,166,4,5,wickets,0,5
1216507,2020-10-11,2020/21,Unknown,Dubai International Cricket Stadium,Sunrisers Hyderabad,Rajasthan Royals,Sunrisers Hyderabad,bat,0.5416666666666666,0.4193548387096774,0.4,0.4,161.33333333333334,161.32258064516128,154.95833333333334,164.70967741935485,5.25,6.451612903225806,6.395833333333333,5.354838709677419,0.0,0.0,0.5,48,31,19.888601022652747,18.46612846841505,118.78337754136558,126.18998826311366,0.478215811965812,0.5957513075160134,8.697559289771208,8.32106810761112,1,1,Rajasthan Royals,0,158,163,4,5,wickets,0,5
1216540,2020-10-12,2020/21,Unknown,Sharjah Cricket Stadium,Royal Challengers Bangalore,Kolkata Knight Riders,Royal Challengers Bangalore,bat,0.3725490196078431,0.5178571428571429,0.6,0.4,155.2941176470588,166.48214285714286,164.7450980392157,164.69642857142858,6.294117647058823,6.089285714285714,5.725490196078432,5.339285714285714,0.0,0.0,0.2,51,56,15.41650493610772,16.2065605521266,118.52888176815604,116.0642762991337,0.5711328519677665,0.5010771178755369,8.358582429632849,9.13911447110458,1,1,Royal Challengers Bangalore,1,194,112,2,9,runs,82,0
1216528,2020-10-13,2020/21,Unknown,Dubai International Cricket Stadium,Chennai Super Kings,Sunrisers Hyderabad,Chennai Super Kings,bat,0.5714285714285714,0.5576923076923077,0.2,0.8,160.04761904761904,162.32692307692307,159.52380952380952,154.67307692307693,4.9523809523809526,5.096153846153846,6.190476190476191,6.403846153846154,0.3333333333333333,0.6,0.5,42,52,16.453128587642986,20.088226779995072,129.2595612222343,117.7532472215904,0.6642743841469756,0.5023809523809524,8.635696312234721,8.674927095551437,1,1,Chennai Super Kings,1,167,147,6,8,runs,20,0
1216543,2020-10-14,2020/21,Unknown,Dubai International Cricket Stadium,Delhi Capitals,Rajasthan Royals,Delhi Capitals,bat,0.5769230769230769,0.4390243902439024,0.2,0.8,159.26923076923077,162.1951219512195,160.19230769230768,167.53658536585365,6.461538461538462,6.243902439024391,6.346153846153846,4.975609756097561,0.5,0.2,1.0,26,41,16.291106777639285,18.45353958265383,127.33965227535955,127.81330397118826,0.5232430305157578,0.5412652516961682,8.682884440844662,8.507063656552022,1,1,Delhi Capitals,1,161,148,7,8,runs,13,0
1216531,2020-10-15,2020/21,Unknown,Sharjah Cricket Stadium,Royal Challengers Bangalore,Kings XI Punjab,Royal Challengers Bangalore,bat,0.3673469387755102,0.44,0.6,0.4,154.81632653061226,163.74,164.73469387755102,166.92,6.326530612244898,5.74,5.714285714285714,5.58,0.0,0.5,0.5,49,50,15.019777484994874,16.636655737903983,113.5955850506332,114.98510500184292,0.5614281374834035,0.4882002801120448,8.548678810348234,7.99322118405595,1,1,Kings XI Punjab,0,171,177,6,2,wickets,0,8
1216526,2020-10-16,2020/21,Abu Dhabi,Sheikh Zayed Stadium,Kolkata Knight Riders,Mumbai Indians,Kolkata Knight Riders,bat,0.5283018867924528,0.6153846153846154,0.4,1.0,166.26415094339623,167.05769230769232,165.37735849056602,157.44230769230768,6.113207547169812,5.903846153846154,5.358490566037736,6.288461538461538,0.6,0.8,0.3333333333333333,53,52,16.352045586534263,16.446713091656658,114.54295853442788,125.1466071745638,0.5471152697876835,0.6780495370508262,9.226824027661433,8.145352912121817,1,1,Mumbai Indians,0,148,149,5,2,wickets,0,8
1216509,2020-10-17,2020/21,Unknown,Sharjah Cricket Stadium,Chennai Super Kings,Delhi Capitals,Chennai Super Kings,bat,0.6216216216216216,0.6111111111111112,0.4,0.6,161.05405405405406,155.94444444444446,159.13513513513513,158.33333333333334,4.918918918918919,6.777777777777778,6.54054054054054,6.944444444444445,0.0,1.0,1.0,37,18,17.41024890411361,17.554833151344777,144.28233507604494,116.28403973735632,0.6230469698956747,0.4528625464958232,8.525666532212227,8.695074057356084,1,1,Delhi Capitals,0,179,185,4,5,wickets,0,5
1216522,2020-10-17,2020/21,Unknown,Dubai International Cricket Stadium,Rajasthan Royals,Royal Challengers Bangalore,Rajasthan Royals,bat,0.4,0.3404255319148936,0.2,0.2,160.22857142857143,154.0,164.88571428571427,165.17021276595744,6.485714285714286,6.446808510638298,5.085714285714285,5.659574468085107,0.3333333333333333,0.0,0.6666666666666666,35,47,18.308398844625884,16.152386130615792,127.5189587917068,115.26228404050826,0.5417682926829268,0.5977175172669541,8.481326176289986,8.166710377402996,1,1,Royal Challengers Bangalore,0,177,179,6,3,wickets,0,7
1216533,2020-10-19,2020/21,Abu Dhabi,Sheikh Zayed Stadium,Chennai Super Kings,Rajasthan Royals,Chennai Super Kings,bat,0.5813953488372093,0.3947368421052631,0.4,0.2,160.2093023255814,161.6315789473684,159.2325581395349,167.47368421052633,4.976744186046512,6.526315789473684,6.232558139534884,5.0,0.6666666666666666,0.0,0.6666666666666666,43,38,17.76466750370122,17.940072963173268,127.9127011968829,123.95528795275968,0.5270543024227234,0.5413365959553643,8.612128433455412,8.52664369029244,1,1,Rajasthan Royals,0,125,126,5,3,wickets,0,7
1216546,2020-10-20,2020/21,Unknown,Dubai International Cricket Stadium,Delhi Capitals,Kings XI Punjab,Delhi Capitals,bat,0.5925925925925926,0.4339622641509434,0.4,0.2,159.33333333333334,163.7924528301887,159.74074074074073,168.0,6.481481481481482,5.716981132075472,6.407407407407407,5.547169811320755,0.6,0.5,0.5,27,53,19.373826205420134,15.639670040064074,138.3190796637834,111.00258481974308,0.4609856387595676,0.4802988203757914,8.69304210238728,8.442410012006132,1,1,Kings XI Punjab,0,164,167,5,5,wickets,0,5
1216494,2020-10-21,2020/21,Abu Dhabi,Sheikh Zayed Stadium,Kolkata Knight Riders,Royal Challengers Bangalore,Kolkata Knight Riders,bat,0.5333333333333333,0.35,0.4,0.8,167.2,157.825,167.0222222222222,167.05,5.822222222222222,6.5,5.4,5.775,0.5,0.5,1.0,45,40,14.619530161196828,18.33477258771377,109.64698609875173,118.6079821095319,0.4621381886087767,0.5727004477004477,9.32052922292693,8.469551298482568,1,1,Royal Challengers Bangalore,0,84,85,8,2,wickets,0,8
1216518,2020-10-22,2020/21,Unknown,Dubai International Cricket Stadium,Rajasthan Royals,Sunrisers Hyderabad,Sunrisers Hyderabad,field,0.4117647058823529,0.54,0.2,0.6,160.41176470588235,161.32,165.14705882352942,155.16,6.5,5.22,5.176470588235294,6.34,0.5,0.3333333333333333,0.0,34,50,18.19104742162634,19.067003262567777,124.14839961630103,134.50103246796914,0.5603140226888836,0.6397777777777778,8.374948227714247,8.258188647208463,0,0,Sunrisers Hyderabad,0,154,156,6,2,wickets,0,8
1216521,2020-10-23,2020/21,Unknown,Sharjah Cricket Stadium,Chennai Super Kings,Mumbai Indians,Mumbai Indians,field,0.6,0.6078431372549019,0.4,0.8,161.9,168.05882352941177,160.375,158.2941176470588,4.775,6.019607843137255,6.4,6.235294117647059,0.0,0.0,0.0,40,51,18.099343851758015,16.191829930231503,138.8974928436852,124.13059161768932,0.5918235133660665,0.6855834187526356,8.275727325755694,8.311709706852367,0,0,Mumbai Indians,0,114,116,9,0,wickets,0,10
1216497,2020-10-24,2020/21,Abu Dhabi,Sheikh Zayed Stadium,Kolkata Knight Riders,Delhi Capitals,Delhi Capitals,field,0.5217391304347826,0.6,0.4,0.6,165.3913043478261,155.6,165.2391304347826,157.73333333333332,5.869565217391305,6.733333333333333,5.326086956521739,6.8,0.0,0.5,0.0,46,15,17.112705706109935,21.36282145442692,119.32528524411484,130.36360221905886,0.449738289273173,0.427456167652246,9.043170995719734,8.378659980133397,0,0,Kolkata Knight Riders,1,194,135,6,9,runs,59,0
1216498,2020-10-24,2020/21,Unknown,Dubai International Cricket Stadium,Kings XI Punjab,Sunrisers Hyderabad,Sunrisers Hyderabad,field,0.4523809523809524,0.5434782608695652,0.2,0.4,163.0,163.2391304347826,168.04761904761904,156.34782608695653,5.9523809523809526,5.152173913043479,5.547619047619048,6.369565217391305,0.5,0.5,0.5,42,46,17.557139650472983,21.883345474942114,116.19696491679254,119.47445285378863,0.3667073667073667,0.6295114990767166,9.332612241034024,8.316185700075787,0,0,Kings XI Punjab,1,126,114,7,10,runs,12,0
1216544,2020-10-25,2020/21,Unknown,Dubai International Cricket Stadium,Royal Challengers Bangalore,Chennai Super Kings,Royal Challengers Bangalore,bat,0.3846153846153846,0.5652173913043478,0.8,0.4,156.03846153846155,159.19565217391303,163.73076923076923,159.1304347826087,6.211538461538462,5.0,5.788461538461538,6.065217391304348,0.6,0.5,0.4,52,46,18.433720513909357,18.71789329928801,120.42057804097216,129.9440712074396,0.5207540956953183,0.4984428093862056,7.9501211761885955,7.89161456726279,1,1,Chennai Super Kings,0,145,150,6,2,wickets,0,8
1216541,2020-10-25,2020/21,Abu Dhabi,Sheikh Zayed Stadium,Mumbai Indians,Rajasthan Royals,Mumbai Indians,bat,0.6428571428571429,0.425,1.0,0.6,166.44642857142858,161.35,156.80357142857142,166.85,5.714285714285714,6.35,6.285714285714286,4.975,0.8571428571428571,0.5,0.2,56,40,17.09438917841841,18.017412002886267,126.70661678311647,124.18407799795013,0.6205369021222679,0.5235643144734055,8.054941548378999,8.49716664732726,1,1,Rajasthan Royals,0,195,196,5,2,wickets,0,8
1216520,2020-10-26,2020/21,Unknown,Sharjah Cricket Stadium,Kolkata Knight Riders,Kings XI Punjab,Kings XI Punjab,field,0.5294117647058824,0.4468085106382978,0.6,0.4,166.64705882352942,162.80851063829786,165.7450980392157,166.10638297872342,6.0588235294117645,5.914893617021277,5.431372549019608,5.48936170212766,0.0,0.5,0.75,51,47,14.989480831341297,16.29408320788341,120.72065757208348,112.62533137359648,0.5993088782562466,0.4680523890371089,8.797604030646273,8.650683183183183,0,0,Kings XI Punjab,0,149,150,9,2,wickets,0,8
1216524,2020-10-27,2020/21,Unknown,Dubai International Cricket Stadium,Sunrisers Hyderabad,Delhi Capitals,Delhi Capitals,field,0.5490196078431373,0.6666666666666666,0.6,1.0,161.2156862745098,162.66666666666666,155.13725490196077,160.76190476190476,5.15686274509804,6.428571428571429,6.333333333333333,6.9523809523809526,0.5,1.0,0.0,51,21,18.46460648148148,19.28905512929809,127.69184209116364,123.42137165679436,0.6645987359817307,0.4550032526266073,8.20059021899557,8.713174878890834,0,0,Sunrisers Hyderabad,1,219,131,2,10,runs,88,0
1216499,2020-10-28,2020/21,Abu Dhabi,Sheikh Zayed Stadium,Royal Challengers Bangalore,Mumbai Indians,Mumbai Indians,field,0.3658536585365853,0.574468085106383,0.8,0.6,156.0487804878049,166.51063829787233,165.02439024390245,159.2340425531915,6.390243902439025,6.148936170212766,5.829268292682927,6.0638297872340425,1.0,0.0,0.3333333333333333,41,47,18.73622291021672,17.31403542998402,121.7650320844845,125.38501350737738,0.4758339622838268,0.489590626175992,7.552364085099252,9.191494768906251,0,0,Mumbai Indians,0,164,166,6,5,wickets,0,5
1216536,2020-10-29,2020/21,Unknown,Dubai International Cricket Stadium,Kolkata Knight Riders,Chennai Super Kings,Chennai Super Kings,field,0.5272727272727272,0.5681818181818182,0.4,0.2,166.38181818181818,159.4090909090909,164.45454545454547,158.47727272727272,6.109090909090909,4.977272727272728,5.363636363636363,6.159090909090909,1.0,0.5,0.25,55,44,16.79190562717262,17.92487774897193,124.51114170462772,131.18302980742334,0.4886404148436234,0.5442724458204334,8.680594905802336,8.094698636069845,0,0,Chennai Super Kings,0,172,178,5,4,wickets,0,6
1216537,2020-10-30,2020/21,Abu Dhabi,Sheikh Zayed Stadium,Kings XI Punjab,Rajasthan Royals,Rajasthan Royals,field,0.4509803921568627,0.4102564102564102,0.4,0.4,164.0,160.71794871794873,167.0,166.3846153846154,5.666666666666667,6.435897435897436,5.588235294117647,5.0,0.0,0.3333333333333333,0.6666666666666666,51,39,16.18170751045576,17.703576986076985,113.0137156667964,120.16949142353248,0.4845887445887445,0.5358667557932264,8.615313974130268,8.455078486469136,0,0,Rajasthan Royals,0,185,186,4,3,wickets,0,7
1216502,2020-10-31,2020/21,Unknown,Sharjah Cricket Stadium,Royal Challengers Bangalore,Sunrisers Hyderabad,Sunrisers Hyderabad,field,0.3571428571428571,0.5319148936170213,0.6,0.4,156.23809523809524,162.19148936170214,165.04761904761904,155.70212765957447,6.380952380952381,5.25531914893617,5.809523809523809,6.382978723404255,0.5,1.0,1.0,42,47,21.070516705516702,16.820375457875457,119.37781453977163,122.01495754936502,0.521081454777107,0.5709274751333904,8.25826790278909,8.087648504946968,0,0,Sunrisers Hyderabad,0,120,121,7,5,wickets,0,5
1216535,2020-10-31,2020/21,Unknown,Dubai International Cricket Stadium,Delhi Capitals,Mumbai Indians,Mumbai Indians,field,0.5833333333333334,0.6296296296296297,0.4,1.0,160.66666666666666,166.7037037037037,163.45833333333334,157.35185185185185,6.5,5.814814814814815,6.541666666666667,6.222222222222222,0.5,0.5,0.5,24,54,19.278487595363984,16.11045064431692,131.04732244969503,121.04596043722512,0.5947843822843824,0.6380244496704124,8.831114365646364,8.03994688280609,0,0,Mumbai Indians,0,110,111,9,1,wickets,0,9
1216506,2020-11-01,2020/21,Abu Dhabi,Sheikh Zayed Stadium,Kings XI Punjab,Chennai Super Kings,Chennai Super Kings,field,0.4545454545454545,0.6111111111111112,0.4,0.4,161.70454545454547,161.25,167.3409090909091,159.30555555555554,6.0227272727272725,5.027777777777778,5.613636363636363,6.555555555555555,0.0,0.5,0.5,44,36,15.341548795826869,14.183127940599205,108.6932954039164,124.23448379979035,0.3627206127206127,0.623895656453796,9.414103863040037,8.266604910840343,0,0,Chennai Super Kings,0,153,154,6,1,wickets,0,9
1216530,2020-11-01,2020/21,Unknown,Dubai International Cricket Stadium,Kolkata Knight Riders,Rajasthan Royals,Rajasthan Royals,field,0.5185185185185185,0.4054054054054054,0.2,0.2,165.92592592592592,162.45945945945945,165.07407407407408,166.83783783783784,6.092592592592593,6.45945945945946,5.296296296296297,4.945945945945946,1.0,0.25,0.6666666666666666,54,37,17.13879821506288,17.947229972799303,125.69176959433652,123.25214922343731,0.5636521054702872,0.5219285243741765,8.98280539412799,8.484218319278995,0,0,Kolkata Knight Riders,1,191,131,7,9,runs,60,0
1216505,2020-11-02,2020/21,Abu Dhabi,Sheikh Zayed Stadium,Royal Challengers Bangalore,Delhi Capitals,Delhi Capitals,field,0.3488372093023256,0.5882352941176471,0.4,0.6,155.3953488372093,156.05882352941177,164.02325581395348,158.7058823529412,6.395348837209302,6.941176470588236,5.790697674418604,6.941176470588236,0.5,0.0,0.0,43,17,16.91441434468524,21.304817833860387,107.05410926072996,130.93531043889575,0.472674128052253,0.4538011695906433,7.361311735846367,8.408806940645428,0,0,Delhi Capitals,0,152,154,7,4,wickets,0,6
1216495,2020-11-03,2020/21,Unknown,Sharjah Cricket Stadium,Mumbai Indians,Sunrisers Hyderabad,Sunrisers Hyderabad,field,0.5869565217391305,0.5333333333333333,0.6,0.2,166.8913043478261,163.51111111111112,159.41304347826087,156.51111111111112,6.108695652173913,5.266666666666667,6.195652173913044,6.333333333333333,0.5,0.5,0.6666666666666666,46,45,19.16014509196328,20.12894173053837,125.9094026797354,122.559901230542,0.4740946045824094,0.435515873015873,9.216001429770388,7.908084168683668,0,0,Sunrisers Hyderabad,0,149,151,8,0,wickets,0,10
1237177,2020-11-05,2020/21,Unknown,Dubai International Cricket Stadium,Mumbai Indians,Delhi Capitals,Delhi Capitals,field,0.631578947368421,0.5714285714285714,0.8,0.4,166.94736842105263,159.5,157.49122807017545,160.0,5.701754385964913,6.428571428571429,6.2105263157894735,6.357142857142857,1.0,0.5,1.0,57,28,16.758760773443406,19.323327137183387,126.02625366462745,126.95724990363684,0.6392931963331075,0.5440834697217676,8.111338746178074,8.302280364954061,0,0,Mumbai Indians,1,200,143,5,8,runs,57,0
1237178,2020-11-06,2020/21,Abu Dhabi,Sheikh Zayed Stadium,Royal Challengers Bangalore,Sunrisers Hyderabad,Sunrisers Hyderabad,field,0.3773584905660377,0.5344827586206896,0.6,0.4,155.83018867924528,162.41379310344828,163.47169811320754,155.25862068965515,6.2075471698113205,5.241379310344827,5.716981132075472,6.362068965517241,0.5,0.5,0.6666666666666666,53,58,16.231503787024312,16.24721505122859,113.2658742230512,126.08942875870775,0.5441648557537578,0.565181353274149,7.959678911931904,9.62709562535311,0,0,Sunrisers Hyderabad,0,131,132,7,4,wickets,0,6
1237180,2020-11-08,2020/21,Abu Dhabi,Sheikh Zayed Stadium,Delhi Capitals,Sunrisers Hyderabad,Delhi Capitals,bat,0.5517241379310345,0.5423728813559322,0.4,0.4,158.93103448275863,161.89830508474577,161.3793103448276,154.84745762711864,6.482758620689655,5.220338983050848,6.310344827586207,6.372881355932203,0.25,0.6666666666666666,0.5,29,59,17.935256881165973,15.982761612002186,120.41770661487988,121.26310997566642,0.4905294675455965,0.5830451848253376,8.594202270708024,9.568664195439572,1,1,Delhi Capitals,1,189,172,3,8,runs,17,0
1237181,2020-11-10,2020/21,Unknown,Dubai International Cricket Stadium,Delhi Capitals,Mumbai Indians,Delhi Capitals,bat,0.5666666666666667,0.6379310344827587,0.6,0.8,159.93333333333334,167.51724137931035,161.73333333333332,157.24137931034485,6.366666666666666,5.689655172413793,6.366666666666666,6.241379310344827,0.4285714285714285,1.0,0.3333333333333333,30,58,18.153882917439063,18.22698361418549,121.10886124087028,129.0406564090772,0.4936097221593737,0.6021926122478355,8.421664831513935,8.1832072673077,1,1,Mumbai Indians,0,156,157,7,5,wickets,0,5
1254058,2021-04-09,2021,Chennai,"MA Chidambaram Stadium, Chepauk, Chennai",Mumbai Indians,Royal Challengers Bangalore,Royal Challengers Bangalore,field,0.6440677966101694,0.3703703703703703,0.8,0.4,167.33898305084745,155.37037037037038,157.22033898305085,162.88888888888889,5.677966101694915,6.222222222222222,6.254237288135593,5.685185185185185,0.5,0.5,1.0,59,54,18.46751001272665,14.09679946052495,129.88982831556473,118.25391551613107,0.5601635525127181,0.7275676937441644,8.137038136851496,8.082280605140737,0,0,Royal Challengers Bangalore,0,159,160,9,8,wickets,0,2
1254059,2021-04-10,2021,Mumbai,"Wankhede Stadium, Mumbai",Chennai Super Kings,Delhi Capitals,Delhi Capitals,field,0.574468085106383,0.5483870967741935,0.6,0.4,159.0,159.80645161290323,158.82978723404256,161.5806451612903,4.9361702127659575,6.387096774193548,6.0638297872340425,6.32258064516129,0.5,0.5,0.5,47,31,19.881085620556544,16.998988769964924,134.8701208040018,128.20685790114524,0.4929162631616901,0.4789293547914237,8.369689258566853,9.352845602608436,0,0,Delhi Capitals,0,188,190,7,3,wickets,0,7
1254060,2021-04-11,2021,Chennai,"MA Chidambaram Stadium, Chepauk, Chennai",Kolkata Knight Riders,Sunrisers Hyderabad,Sunrisers Hyderabad,field,0.5172413793103449,0.5333333333333333,0.4,0.4,165.17241379310346,162.06666666666666,164.81034482758622,155.41666666666666,6.086206896551724,5.266666666666667,5.258620689655173,6.316666666666666,0.5,0.5,0.3333333333333333,58,60,17.01269320109461,17.456007780225995,118.0127046367795,124.6572972676564,0.5718981825157714,0.5240558683740502,8.83259536398996,8.909992715299083,0,0,Kolkata Knight Riders,1,187,177,6,5,runs,10,0
1254061,2021-04-12,2021,Mumbai,"Wankhede Stadium, Mumbai",Punjab Kings,Rajasthan Royals,Rajasthan Royals,field,0.5,0.4285714285714285,0.5,0.6,0.0,161.85714285714286,0.0,167.38095238095238,0.0,6.285714285714286,0.0,5.023809523809524,0.5,0.5,0.5,0,42,18.431017871017872,17.71051472112793,115.13745903180502,123.69731823466944,0.4292293233082707,0.5392900042900043,8.393395697223678,8.268159460021442,0,0,Punjab Kings,1,221,217,6,7,runs,4,0
1254062,2021-04-13,2021,Chennai,"MA Chidambaram Stadium, Chepauk, Chennai",Mumbai Indians,Kolkata Knight Riders,Kolkata Knight Riders,field,0.6333333333333333,0.5254237288135594,0.6,0.6,167.2,165.54237288135593,157.26666666666668,165.01694915254237,5.733333333333333,6.084745762711864,6.283333333333333,5.254237288135593,0.0,1.0,1.0,60,59,16.32191224075723,16.8906160848871,116.7333098602548,118.02475092860767,0.6886400789872004,0.5666895493098701,8.060392467761591,8.853600335042895,0,0,Mumbai Indians,1,152,142,10,7,runs,10,0
1254063,2021-04-14,2021,Chennai,"MA Chidambaram Stadium, Chepauk, Chennai",Royal Challengers Bangalore,Sunrisers Hyderabad,Sunrisers Hyderabad,field,0.3818181818181818,0.5245901639344263,0.6,0.4,155.45454545454547,162.31147540983608,162.8181818181818,155.9344262295082,6.254545454545455,5.262295081967213,5.745454545454545,6.311475409836065,1.0,0.0,0.5,55,61,14.41975172390192,17.97473511825418,113.05070901728548,120.38843187517362,0.6749197771925044,0.5943718736176455,8.00468908273047,9.267556368024367,0,0,Royal Challengers Bangalore,1,149,143,8,9,runs,6,0
1254064,2021-04-15,2021,Mumbai,"Wankhede Stadium, Mumbai",Delhi Capitals,Rajasthan Royals,Rajasthan Royals,field,0.5625,0.4186046511627907,0.4,0.6,160.75,163.13953488372093,162.40625,168.6279069767442,6.28125,6.3023255813953485,6.34375,5.046511627906977,1.0,0.0,1.0,32,43,17.408201682098117,17.427141645074197,127.56404278242772,122.1006904048432,0.6248184414524685,0.4605369602588735,9.414359144860097,8.644928165232159,0,0,Rajasthan Royals,0,147,150,8,7,wickets,0,3
1254065,2021-04-16,2021,Mumbai,"Wankhede Stadium, Mumbai",Punjab Kings,Chennai Super Kings,Chennai Super Kings,field,1.0,0.5625,1.0,0.4,221.0,159.60416666666666,217.0,159.47916666666666,6.0,4.979166666666667,7.0,6.0,1.0,0.0,0.5,1,48,15.502031481511583,19.622255877746827,108.34928006014567,135.13860696753764,0.4595737595737595,0.4849876214479696,9.30306284296034,8.430446287540267,0,0,Chennai Super Kings,0,106,107,8,4,wickets,0,6
1254066,2021-04-17,2021,Chennai,"MA Chidambaram Stadium, Chepauk, Chennai",Mumbai Indians,Sunrisers Hyderabad,Mumbai Indians,bat,0.639344262295082,0.5161290322580645,0.6,0.2,166.95081967213116,162.0,157.01639344262296,155.82258064516128,5.80327868852459,5.32258064516129,6.295081967213115,6.338709677419355,0.5,0.0,0.6,61,62,16.45757644425473,16.706677702724622,121.78024334602628,117.26557203700816,0.5812180768531744,0.5898419933658363,8.50115558179488,9.411657664823451,1,1,Mumbai Indians,1,150,137,5,10,runs,13,0
1254067,2021-04-18,2021,Chennai,"MA Chidambaram Stadium, Chepauk, Chennai",Royal Challengers Bangalore,Kolkata Knight Riders,Royal Challengers Bangalore,bat,0.3928571428571428,0.5166666666666667,0.6,0.4,155.33928571428572,165.15,162.46428571428572,164.8,6.285714285714286,6.1,5.803571428571429,5.333333333333333,1.0,0.5,0.3333333333333333,56,60,15.082753194768625,16.656507095586747,117.3704460099586,117.39818963995444,0.6548496548496548,0.5787791568098474,8.045591979857226,8.82995626127052,1,1,Royal Challengers Bangalore,1,204,166,4,8,runs,38,0
1254068,2021-04-18,2021,Mumbai,"Wankhede Stadium, Mumbai",Punjab Kings,Delhi Capitals,Delhi Capitals,field,0.5,0.5454545454545454,0.5,0.4,163.5,160.33333333333334,162.0,162.03030303030303,7.0,6.333333333333333,5.5,6.363636363636363,0.5,0.5,0.5,2,33,19.79953655593365,18.391106646823523,115.05703207036998,125.01388132787037,0.3605820105820105,0.5545351043643264,9.109635192039432,8.950202693733754,0,0,Delhi Capitals,0,195,198,4,4,wickets,0,6
1254069,2021-04-19,2021,Mumbai,"Wankhede Stadium, Mumbai",Chennai Super Kings,Rajasthan Royals,Rajasthan Royals,field,0.5714285714285714,0.4318181818181818,0.6,0.6,158.53061224489795,162.8409090909091,158.3877551020408,168.13636363636363,4.959183673469388,6.318181818181818,6.040816326530612,5.113636363636363,0.5,0.5,0.5,49,44,19.34712356313057,17.415508658008655,134.21274147414124,122.31417775711527,0.4898429786587681,0.4714583333333333,8.352369751493496,8.582579273593455,0,0,Chennai Super Kings,1,188,143,9,9,runs,45,0
1254070,2021-04-20,2021,Chennai,"MA Chidambaram Stadium, Chepauk, Chennai",Mumbai Indians,Delhi Capitals,Mumbai Indians,bat,0.6451612903225806,0.5588235294117647,0.8,0.6,166.67741935483872,161.44117647058823,156.69354838709677,163.0,5.790322580645161,6.264705882352941,6.354838709677419,6.294117647058823,0.6666666666666666,0.5,1.0,62,34,17.81434971853098,18.03461362818446,127.78961362205229,128.75791530254278,0.571829268292683,0.4530403476923001,8.203709553615589,9.034585231147094,1,1,Delhi Capitals,0,137,138,9,4,wickets,0,6
1254072,2021-04-21,2021,Mumbai,"Wankhede Stadium, Mumbai",Chennai Super Kings,Kolkata Knight Riders,Kolkata Knight Riders,field,0.58,0.5081967213114754,0.6,0.4,159.12,165.1639344262295,158.08,165.44262295081967,5.04,6.131147540983607,6.1,5.311475409836065,0.6666666666666666,0.5,0.0,50,61,19.88117451992452,16.75532215308738,133.6805855768913,120.9724544533798,0.4634355453852021,0.5544476487872715,8.18377723389444,8.999398000872377,0,0,Chennai Super Kings,1,220,202,3,10,runs,18,0
1254071,2021-04-21,2021,Chennai,"MA Chidambaram Stadium, Chepauk, Chennai",Punjab Kings,Sunrisers Hyderabad,Punjab Kings,bat,0.3333333333333333,0.5079365079365079,0.3333333333333333,0.2,174.0,161.6031746031746,174.0,155.7301587301587,6.0,5.396825396825397,5.0,6.317460317460317,0.5,0.0,0.5,3,63,19.494389331598637,16.767015445560006,118.69180188625236,106.5692566896639,0.3597767070328046,0.5364346125297315,8.66110814762949,9.17403397516783,1,1,Sunrisers Hyderabad,0,120,121,10,1,wickets,0,9
1254073,2021-04-22,2021,Mumbai,"Wankhede Stadium, Mumbai",Rajasthan Royals,Royal Challengers Bangalore,Royal Challengers Bangalore,field,0.4222222222222222,0.4035087719298245,0.4,0.6,162.4,156.19298245614036,168.57777777777778,162.52631578947367,6.377777777777778,6.245614035087719,5.2,5.842105263157895,0.3333333333333333,0.5,0.5,45,57,17.316809732664996,16.062203018235625,120.08536137254048,122.82449943347788,0.4603616813294232,0.7878307254623044,8.459263673336677,8.237912256581513,0,0,Royal Challengers Bangalore,0,177,181,9,0,wickets,0,10
1254074,2021-04-23,2021,Chennai,"MA Chidambaram Stadium, Chepauk, Chennai",Mumbai Indians,Punjab Kings,Punjab Kings,field,0.6349206349206349,0.25,0.6,0.25,166.20634920634922,160.5,156.3968253968254,160.75,5.841269841269841,7.0,6.317460317460317,4.0,0.5,0.0,0.5,63,4,18.143557918689496,18.177442583054237,125.30561282773556,113.99929675501934,0.5585507756828327,0.4009324009324009,8.010237200355123,8.013447883026625,0,0,Punjab Kings,0,131,132,6,1,wickets,0,9
1254075,2021-04-24,2021,Mumbai,"Wankhede Stadium, Mumbai",Kolkata Knight Riders,Rajasthan Royals,Rajasthan Royals,field,0.5,0.4130434782608695,0.4,0.2,165.75806451612902,162.7173913043478,166.32258064516128,168.84782608695653,6.193548387096774,6.434782608695652,5.274193548387097,5.086956521739131,0.0,0.25,0.75,62,46,16.815321076533813,15.22577377559481,122.23281073268264,105.98860538661224,0.5706110291556539,0.5509910485933504,9.04024124951425,8.73961542355379,0,0,Rajasthan Royals,0,133,134,9,4,wickets,0,6
1254076,2021-04-25,2021,Mumbai,"Wankhede Stadium, Mumbai",Chennai Super Kings,Royal Challengers Bangalore,Chennai Super Kings,bat,0.5882352941176471,0.4137931034482758,0.8,0.8,160.31372549019608,156.6206896551724,158.94117647058823,162.77586206896552,5.0,6.137931034482759,6.176470588235294,5.896551724137931,0.75,1.0,0.5,51,58,18.19075758770735,15.922660267649803,131.58581172964864,121.44741713189536,0.565440252368468,0.7357647570215629,8.431394613601189,8.249953394746452,1,1,Chennai Super Kings,1,191,122,4,9,runs,69,0
1254078,2021-04-26,2021,Ahmedabad,"Narendra Modi Stadium, Ahmedabad",Punjab Kings,Kolkata Knight Riders,Kolkata Knight Riders,field,0.4,0.492063492063492,0.4,0.2,154.8,165.23809523809524,154.8,165.8095238095238,5.8,6.238095238095238,4.4,5.253968253968254,0.5,0.5,0.5,5,63,18.02222023374252,16.74238534496566,113.9239431400948,121.66074905116751,0.4161319300854185,0.5716261160111427,8.309209536582143,9.002338731213534,0,0,Kolkata Knight Riders,0,123,126,9,5,wickets,0,5
1254079,2021-04-27,2021,Ahmedabad,"Narendra Modi Stadium, Ahmedabad",Royal Challengers Bangalore,Delhi Capitals,Delhi Capitals,field,0.4067796610169492,0.5714285714285714,0.8,0.6,156.03389830508473,160.77142857142857,163.25423728813558,162.25714285714287,6.186440677966102,6.2,5.864406779661017,6.371428571428571,0.5,0.5,0.0,59,35,14.962202679222502,17.211083083874545,106.36776416849048,129.0538960921888,0.575669959817517,0.5169065656565657,8.517023400708908,8.551389714668806,0,0,Royal Challengers Bangalore,1,171,170,5,4,runs,1,0
1254080,2021-04-28,2021,Delhi,"Arun Jaitley Stadium, Delhi",Sunrisers Hyderabad,Chennai Super Kings,Sunrisers Hyderabad,bat,0.515625,0.5961538461538461,0.2,0.8,160.96875,160.90384615384616,155.171875,158.23076923076923,5.328125,4.980769230769231,6.375,6.230769230769231,0.5,0.5,0.2,64,52,17.89762189699788,20.562306941008448,101.57149115864964,135.7970151607931,0.6934233920841063,0.4675617130091208,8.89165766310119,8.218660801530165,1,1,Chennai Super Kings,0,171,173,3,3,wickets,0,7
1254082,2021-04-29,2021,Ahmedabad,"Narendra Modi Stadium, Ahmedabad",Kolkata Knight Riders,Delhi Capitals,Delhi Capitals,field,0.5,0.5555555555555556,0.2,0.6,164.625,161.02777777777777,165.140625,162.5,6.21875,6.138888888888889,5.3125,6.333333333333333,1.0,0.0,0.5,64,36,16.710981241296466,18.40621195325837,121.29490821143705,130.65845974098096,0.5804707956001791,0.4700561037459433,8.9305551304448,8.204380989856176,0,0,Delhi Capitals,0,154,156,6,3,wickets,0,7
1254081,2021-04-29,2021,Delhi,"Arun Jaitley Stadium, Delhi",Rajasthan Royals,Mumbai Indians,Mumbai Indians,field,0.425531914893617,0.625,0.4,0.4,162.10638297872342,165.65625,168.08510638297872,156.015625,6.382978723404255,5.84375,5.170212765957447,6.234375,0.5,0.5,0.5,47,64,15.3998208493777,16.08805666019344,106.58065990752938,122.08668164358,0.5430156132283792,0.6748849853460235,8.619013499469125,7.995552196552162,0,0,Mumbai Indians,0,171,172,4,3,wickets,0,7
1254083,2021-04-30,2021,Ahmedabad,"Narendra Modi Stadium, Ahmedabad",Punjab Kings,Royal Challengers Bangalore,Royal Challengers Bangalore,field,0.3333333333333333,0.4166666666666667,0.2,0.8,149.5,156.28333333333333,150.0,163.36666666666667,6.333333333333333,6.166666666666667,4.5,5.833333333333333,0.0,1.0,0.5,6,60,18.271970951753563,15.562092755729118,124.64807641677078,117.14004779663227,0.3325324675324675,0.6255358462675535,8.259778088490338,8.475262420659446,0,0,Punjab Kings,1,179,145,5,8,runs,34,0
1254084,2021-05-01,2021,Delhi,"Arun Jaitley Stadium, Delhi",Chennai Super Kings,Mumbai Indians,Mumbai Indians,field,0.6037735849056604,0.6307692307692307,1.0,0.6,161.1320754716981,165.75384615384615,158.47169811320754,156.24615384615385,4.943396226415095,5.8,6.169811320754717,6.2,1.0,1.0,0.0,53,65,20.93294966730128,14.586813114478224,136.58857798000858,122.94924493271218,0.4588278388278388,0.594903293306841,8.22485146436062,8.528528571509678,0,0,Mumbai Indians,0,218,219,4,6,wickets,0,4
1254085,2021-05-02,2021,Delhi,"Arun Jaitley Stadium, Delhi",Rajasthan Royals,Sunrisers Hyderabad,Sunrisers Hyderabad,field,0.4166666666666667,0.5076923076923077,0.4,0.2,162.29166666666666,161.12307692307692,168.16666666666666,155.44615384615383,6.333333333333333,5.292307692307692,5.125,6.323076923076923,0.0,0.0,0.0,48,65,15.032103938120889,15.683434145185862,102.35830152007594,118.86785898772176,0.5098646125116713,0.5970332299279667,8.742707617000178,8.966980399061926,0,0,Rajasthan Royals,1,220,165,3,8,runs,55,0
1254086,2021-05-02,2021,Ahmedabad,"Narendra Modi Stadium, Ahmedabad",Punjab Kings,Delhi Capitals,Delhi Capitals,field,0.4285714285714285,0.5675675675675675,0.4,0.6,153.71428571428572,160.8918918918919,149.28571428571428,162.27027027027026,6.142857142857143,6.054054054054054,5.0,6.324324324324325,0.5,0.5,0.0,7,37,15.018353406502078,18.402607953095583,119.17697661058828,130.91749387323296,0.4578002244668911,0.5120448788475808,8.013215387904095,8.117111968644558,0,0,Delhi Capitals,0,166,167,6,3,wickets,0,7
1254104,2021-09-19,2021,Dubai,Dubai International Cricket Stadium,Chennai Super Kings,Mumbai Indians,Chennai Super Kings,bat,0.5862068965517241,0.6428571428571429,0.4,0.8,161.93103448275863,165.9142857142857,159.51724137931035,156.44285714285715,4.965517241379311,5.771428571428571,6.086206896551724,6.185714285714286,0.5,1.0,0.0,58,70,20.713338275492564,16.049829888171818,135.986966436827,118.67664568391504,0.4422334147334147,0.5294517807122849,8.233243908004495,8.235574667460195,1,1,Chennai Super Kings,1,156,136,7,8,runs,20,0
1254087,2021-09-20,2021,Abu Dhabi,"Zayed Cricket Stadium, Abu Dhabi",Royal Challengers Bangalore,Kolkata Knight Riders,Royal Challengers Bangalore,bat,0.4098360655737705,0.4923076923076923,0.6,0.2,156.0983606557377,164.46153846153845,163.62295081967213,165.0,6.19672131147541,6.215384615384616,5.819672131147541,5.276923076923077,0.5,0.5,0.4285714285714285,61,65,17.402885843403084,17.97262191225143,120.08828671292964,125.48060831204276,0.6260500979224015,0.4995779990516832,8.643878138975591,9.11470575062137,1,1,Kolkata Knight Riders,0,92,94,10,1,wickets,0,9
1254111,2021-09-21,2021,Dubai,Dubai International Cricket Stadium,Rajasthan Royals,Punjab Kings,Punjab Kings,field,0.4,0.4615384615384615,0.0,0.6,160.16363636363636,151.30769230769232,166.63636363636363,148.6153846153846,6.345454545454546,5.923076923076923,5.0181818181818185,5.307692307692308,0.125,1.0,0.5,55,13,13.990132226226724,17.087614823666833,109.60520375230216,112.56625201032884,0.475,0.3772095732880046,9.148943508888284,7.873354486182655,0,0,Rajasthan Royals,1,185,183,10,4,runs,2,0
1254105,2021-09-22,2021,Dubai,Dubai International Cricket Stadium,Sunrisers Hyderabad,Delhi Capitals,Sunrisers Hyderabad,bat,0.5,0.5609756097560976,0.4,0.6,161.04285714285714,160.1219512195122,157.12857142857143,160.65853658536585,5.385714285714286,6.024390243902439,6.257142857142857,6.243902439024391,0.5555555555555556,0.3333333333333333,0.6666666666666666,70,41,16.278471215872404,17.52579677243421,115.39535057629168,132.0858448519232,0.6551794117831854,0.5717296487973179,9.641504156772204,8.413101445797977,1,1,Delhi Capitals,0,134,139,9,2,wickets,0,8
1254096,2021-09-23,2021,Abu Dhabi,"Zayed Cricket Stadium, Abu Dhabi",Mumbai Indians,Kolkata Knight Riders,Kolkata Knight Riders,field,0.6470588235294118,0.5074626865671642,0.8,0.6,166.5,162.8955223880597,156.72058823529412,163.34328358208955,5.794117647058823,6.149253731343284,6.235294117647059,5.402985074626866,1.0,1.0,1.0,68,67,17.068815222709286,18.79107740742961,119.49480847987562,125.89825498280187,0.4870658114733467,0.6627467315655491,8.339529267711116,8.777194026596531,0,0,Kolkata Knight Riders,0,155,159,6,3,wickets,0,7
1254113,2021-09-24,2021,Sharjah,Sharjah Cricket Stadium,Royal Challengers Bangalore,Chennai Super Kings,Chennai Super Kings,field,0.4328358208955223,0.5833333333333334,0.8,0.6,155.2089552238806,161.4,161.16417910447765,158.78333333333333,6.164179104477612,5.0,5.865671641791045,6.133333333333334,0.5,0.25,0.3333333333333333,67,60,17.8424262081835,20.53795675982925,104.55591283986136,135.67186127773635,0.509132196162047,0.4469507568259498,8.588048421204538,8.175370696400028,0,0,Chennai Super Kings,0,156,157,6,4,wickets,0,6
1254107,2021-09-25,2021,Sharjah,Sharjah Cricket Stadium,Punjab Kings,Sunrisers Hyderabad,Sunrisers Hyderabad,field,0.4166666666666667,0.4929577464788732,0.4,0.4,153.5,160.66197183098592,151.0,156.8732394366197,5.833333333333333,5.436619718309859,5.166666666666667,6.197183098591549,0.0,0.5,0.0,12,71,17.053703255397625,16.238608269849216,119.97037704572352,114.62702501662513,0.4140559440559441,0.6349250153395782,7.642005248587729,9.640167393120429,0,0,Punjab Kings,1,125,120,7,7,runs,5,0
1254097,2021-09-25,2021,Abu Dhabi,"Zayed Cricket Stadium, Abu Dhabi",Delhi Capitals,Rajasthan Royals,Rajasthan Royals,field,0.5641025641025641,0.4313725490196078,0.6,0.6,160.17948717948718,162.54901960784315,161.53846153846155,167.05882352941177,6.051282051282051,6.254901960784314,6.333333333333333,5.098039215686274,0.5,1.0,0.6666666666666666,39,51,17.13967052506945,14.593031975099038,129.12119555923144,109.73730855660088,0.5981271307147402,0.3739156268568033,8.04057687225601,9.520099345330864,0,0,Delhi Capitals,1,154,121,6,6,runs,33,0
1254098,2021-09-26,2021,Abu Dhabi,"Zayed Cricket Stadium, Abu Dhabi",Kolkata Knight Riders,Chennai Super Kings,Kolkata Knight Riders,bat,0.5147058823529411,0.5789473684210527,0.8,0.4,162.83823529411765,161.75438596491227,163.22058823529412,159.31578947368422,6.102941176470588,4.912280701754386,5.411764705882353,6.087719298245614,1.0,0.0,0.2,68,57,19.538218282978587,21.15320674277725,127.77172177751426,136.27718022573225,0.6622992044187695,0.458425528873642,8.734329647192865,8.282414280793668,1,1,Chennai Super Kings,0,171,172,6,8,wickets,0,2
1254108,2021-09-26,2021,Dubai,Dubai International Cricket Stadium,Royal Challengers Bangalore,Mumbai Indians,Mumbai Indians,field,0.4242424242424242,0.6338028169014085,0.6,0.6,155.06060606060606,165.49295774647888,161.92424242424244,156.43661971830986,6.166666666666667,5.802816901408451,5.803030303030303,6.197183098591549,0.625,0.75,0.25,66,71,18.035089942737,16.479881953594564,119.43187013116766,123.84812397203132,0.6613865932047751,0.5766899668894632,8.263894491829927,8.59752387645646,0,0,Royal Challengers Bangalore,1,165,111,6,10,runs,54,0
1254100,2021-09-27,2021,Dubai,Dubai International Cricket Stadium,Rajasthan Royals,Sunrisers Hyderabad,Rajasthan Royals,bat,0.4230769230769231,0.4927536231884058,0.4,0.2,161.75,160.95652173913044,166.80769230769232,157.02898550724638,6.25,5.420289855072464,5.115384615384615,6.27536231884058,0.1666666666666666,0.5,0.25,52,69,15.13878927636995,12.761658377557511,117.40094719549889,117.28572781520931,0.4986486486486486,0.7055463737223793,9.15741176483664,9.1430432174153,1,1,Sunrisers Hyderabad,0,164,167,5,3,wickets,0,7
1254092,2021-09-28,2021,Sharjah,Sharjah Cricket Stadium,Delhi Capitals,Kolkata Knight Riders,Kolkata Knight Riders,field,0.5789473684210527,0.5,0.8,0.4,161.05263157894737,163.3939393939394,162.3684210526316,163.8939393939394,5.973684210526316,6.136363636363637,6.315789473684211,5.348484848484849,1.0,0.0,1.0,38,66,18.12162356771466,20.676105422501813,126.64288638152226,131.48307753075,0.5880035605630356,0.3980074523177971,7.8995502204546595,9.032852229454102,0,0,Kolkata Knight Riders,0,127,130,9,7,wickets,0,3
1254099,2021-09-28,2021,Abu Dhabi,"Zayed Cricket Stadium, Abu Dhabi",Punjab Kings,Mumbai Indians,Mumbai Indians,field,0.4,0.6376811594202898,0.4,0.8,153.9,166.33333333333334,151.0,156.7536231884058,5.9,5.797101449275362,5.1,6.188405797101449,0.5,0.5,0.5,10,69,16.845677286872196,16.272774469692976,119.6384130449362,125.63731555516848,0.3969932844932844,0.6474487514245134,8.165180005509669,8.418505109069088,0,0,Mumbai Indians,0,135,137,6,4,wickets,0,6
1254103,2021-09-29,2021,Dubai,Dubai International Cricket Stadium,Rajasthan Royals,Royal Challengers Bangalore,Royal Challengers Bangalore,field,0.4150943396226415,0.4153846153846154,0.4,0.4,161.7924528301887,155.09230769230768,166.81132075471697,162.12307692307692,6.226415094339623,6.215384615384616,5.075471698113208,5.753846153846154,0.1428571428571428,0.5714285714285714,0.4,53,65,14.480369630369632,17.003140980978657,112.41316849078704,113.30281466153302,0.5002899811512251,0.6044795783926219,9.20005088074844,8.151743335878146,0,0,Royal Challengers Bangalore,0,149,153,9,3,wickets,0,7
1254091,2021-09-30,2021,Sharjah,Sharjah Cricket Stadium,Sunrisers Hyderabad,Chennai Super Kings,Chennai Super Kings,field,0.4925373134328358,0.5818181818181818,0.2,0.6,161.65671641791045,162.6727272727273,157.59701492537314,160.14545454545456,5.373134328358209,4.909090909090909,6.313432835820896,6.109090909090909,0.6666666666666666,0.0,0.1666666666666666,67,55,12.850523529500803,21.045288217529595,120.31643170295833,136.9649037153085,0.723807745816835,0.4426733652049437,9.244100693229685,8.25758176294975,0,0,Chennai Super Kings,0,134,139,7,4,wickets,0,6
1254102,2021-10-01,2021,Dubai,Dubai International Cricket Stadium,Kolkata Knight Riders,Punjab Kings,Punjab Kings,field,0.5072463768115942,0.3636363636363636,0.6,0.4,162.95652173913044,152.1818181818182,163.34782608695653,149.72727272727272,6.101449275362318,5.909090909090909,5.449275362318841,5.0,0.6666666666666666,1.0,0.5,69,11,18.349667516579537,15.033015873015872,123.3366074657512,113.14172239036974,0.499733412977589,0.4456182914829531,8.617352786235044,7.27393769786162,0,0,Punjab Kings,0,165,168,7,5,wickets,0,5
1254112,2021-10-02,2021,Sharjah,Sharjah Cricket Stadium,Mumbai Indians,Delhi Capitals,Delhi Capitals,field,0.625,0.5813953488372093,0.4,0.6,164.73611111111111,159.13953488372093,156.55555555555554,159.46511627906978,5.861111111111111,5.953488372093023,6.194444444444445,6.27906976744186,0.75,0.75,0.6666666666666666,72,43,18.23021934185768,18.358650132228057,122.90692969916972,130.5883634475666,0.5753832649098073,0.5173685034002201,8.325549006580351,8.015806248463841,0,0,Delhi Capitals,0,129,132,8,6,wickets,0,4
1254089,2021-10-02,2021,Abu Dhabi,"Zayed Cricket Stadium, Abu Dhabi",Chennai Super Kings,Rajasthan Royals,Rajasthan Royals,field,0.5925925925925926,0.4285714285714285,0.8,0.4,162.1851851851852,163.46938775510205,159.59259259259258,168.10204081632654,4.925925925925926,6.26530612244898,6.166666666666667,5.183673469387755,0.5,0.5,0.6,54,49,22.42379142177772,14.791274953352248,136.5271903308644,96.73004818879366,0.4063167952370892,0.4442577030812324,8.329793329361335,8.418874647632332,0,0,Rajasthan Royals,0,189,190,4,3,wickets,0,7
1254109,2021-10-03,2021,Dubai,Dubai International Cricket Stadium,Sunrisers Hyderabad,Kolkata Knight Riders,Sunrisers Hyderabad,bat,0.4861111111111111,0.5070422535211268,0.4,0.6,160.09722222222223,163.09859154929578,156.43055555555554,162.30985915492957,5.458333333333333,6.084507042253521,6.208333333333333,5.507042253521127,0.5,0.5,0.3333333333333333,72,71,14.411663079368958,18.648502966647527,118.9571004950199,121.85001638059022,0.6520620526718088,0.5322804972804973,9.177318860590466,8.728053729356297,1,1,Kolkata Knight Riders,0,115,119,8,4,wickets,0,6
1254090,2021-10-03,2021,Sharjah,Sharjah Cricket Stadium,Royal Challengers Bangalore,Punjab Kings,Royal Challengers Bangalore,bat,0.4032258064516129,0.375,0.4,0.4,155.06451612903226,155.25,162.5,151.5,6.258064516129032,6.125,5.741935483870968,4.75,0.3333333333333333,0.5,0.5,62,8,16.718168371979864,17.44645687946572,114.45592321153433,118.24289290701218,0.6193285821455364,0.3957789855072463,8.126525445426502,10.163919343657131,1,1,Royal Challengers Bangalore,1,164,158,7,6,runs,6,0
1254110,2021-10-04,2021,Dubai,Dubai International Cricket Stadium,Chennai Super Kings,Delhi Capitals,Delhi Capitals,field,0.5932203389830508,0.5714285714285714,0.6,0.6,161.83050847457628,159.61904761904762,159.11864406779662,160.02380952380952,5.0,5.928571428571429,6.11864406779661,6.309523809523809,0.5555555555555556,0.4,0.3333333333333333,59,42,20.526675893674653,16.59884548520988,136.1679018581735,128.84565276996207,0.4288221107091454,0.5208553095211602,8.054979707935516,7.910358535579097,0,0,Delhi Capitals,0,136,139,5,7,wickets,0,3
1254093,2021-10-05,2021,Sharjah,Sharjah Cricket Stadium,Rajasthan Royals,Mumbai Indians,Mumbai Indians,field,0.44,0.6417910447761194,0.6,0.6,164.0,167.5820895522388,168.52,157.71641791044777,6.2,5.850746268656716,5.16,6.1940298507462686,0.6666666666666666,0.6666666666666666,0.0,50,67,15.951703890886405,17.095321010335912,112.58259531822772,122.49644675648308,0.4034081196581196,0.5655575336646387,7.452509919907844,8.492131115915003,0,0,Mumbai Indians,0,90,94,9,2,wickets,0,8
1254095,2021-10-06,2021,Abu Dhabi,"Zayed Cricket Stadium, Abu Dhabi",Sunrisers Hyderabad,Royal Challengers Bangalore,Royal Challengers Bangalore,field,0.4852941176470588,0.4126984126984127,0.2,0.4,161.25,155.20634920634922,157.3235294117647,162.42857142857142,5.397058823529412,6.26984126984127,6.279411764705882,5.746031746031746,0.0,0.0,0.75,68,63,13.633581362277011,15.164103563674749,120.18562223739929,105.08100793974572,0.6820859728506787,0.641748655385019,9.340273558640904,7.997660428733407,0,0,Sunrisers Hyderabad,1,141,137,7,6,runs,4,0
1254106,2021-10-07,2021,Sharjah,Sharjah Cricket Stadium,Kolkata Knight Riders,Rajasthan Royals,Rajasthan Royals,field,0.5,0.4074074074074074,0.6,0.2,162.9857142857143,161.55555555555554,163.4142857142857,166.55555555555554,6.114285714285714,6.277777777777778,5.442857142857143,5.037037037037037,0.25,0.5,0.6,70,54,19.072486706460623,13.222569533214696,125.52370665919264,112.58044003782852,0.5421554252199413,0.5536865515436944,8.593425521289921,8.409498220603645,0,0,Kolkata Knight Riders,1,171,85,4,10,runs,86,0
1254094,2021-10-07,2021,Dubai,Dubai International Cricket Stadium,Chennai Super Kings,Punjab Kings,Punjab Kings,field,0.5892857142857143,0.3333333333333333,0.6,0.4,162.25,155.55555555555554,159.67857142857142,152.88888888888889,4.892857142857143,6.111111111111111,6.125,5.0,0.5714285714285714,0.5,0.5,56,9,20.74991064747896,15.949862258953168,136.58034389532253,116.141391402537,0.4247201872201872,0.4406383926878294,8.087454481305375,9.31033879357393,0,0,Punjab Kings,0,134,139,6,4,wickets,0,6
1254088,2021-10-08,2021,Abu Dhabi,"Zayed Cricket Stadium, Abu Dhabi",Mumbai Indians,Sunrisers Hyderabad,Mumbai Indians,bat,0.6363636363636364,0.5,0.6,0.2,166.56060606060606,161.1818181818182,157.1818181818182,156.42424242424244,5.803030303030303,5.333333333333333,6.166666666666667,6.2727272727272725,0.5,0.5,0.6666666666666666,66,66,14.4769407205823,14.266938470728794,120.12363610741436,126.9941253306752,0.6465524143877802,0.6259152334152335,8.568554750268198,8.802442982067499,1,1,Mumbai Indians,1,235,193,9,8,runs,42,0
1254101,2021-10-08,2021,Dubai,Dubai International Cricket Stadium,Delhi Capitals,Royal Challengers Bangalore,Royal Challengers Bangalore,field,0.575,0.40625,0.6,0.4,160.025,154.921875,160.525,162.09375,6.05,6.265625,6.325,5.765625,0.375,0.5,1.0,40,64,17.47678912773941,15.17341830919761,132.04030632140666,110.66785732633294,0.5798190477225628,0.6361570247933884,8.110005546940005,8.251879074126146,0,0,Royal Challengers Bangalore,0,164,166,5,3,wickets,0,7
1254114,2021-10-10,2021,Dubai,Dubai International Cricket Stadium,Delhi Capitals,Chennai Super Kings,Chennai Super Kings,field,0.5909090909090909,0.5901639344262295,0.8,0.6,158.52272727272728,161.327868852459,158.77272727272728,158.7377049180328,5.954545454545454,4.983606557377049,6.318181818181818,6.131147540983607,0.4545454545454545,0.5,0.3333333333333333,44,61,17.09322085377485,20.28537495448473,129.83766577635825,135.66499445392438,0.599743699204408,0.4356413552863676,8.478160231035824,8.015700204265642,0,0,Chennai Super Kings,0,172,173,5,6,wickets,0,4
1254115,2021-10-11,2021,Sharjah,Sharjah Cricket Stadium,Royal Challengers Bangalore,Kolkata Knight Riders,Royal Challengers Bangalore,bat,0.4264705882352941,0.5138888888888888,0.6,0.6,155.22058823529412,162.48611111111111,161.10294117647058,161.65277777777777,6.161764705882353,6.055555555555555,5.838235294117647,5.541666666666667,0.4,0.4,0.375,68,72,16.946041141272246,18.629928753953465,111.98952635743544,124.17861527474852,0.6409902137850559,0.5730866355866356,8.114729679857923,8.486507655377237,1,1,Kolkata Knight Riders,0,138,139,7,6,wickets,0,4
1254116,2021-10-13,2021,Sharjah,Sharjah Cricket Stadium,Delhi Capitals,Kolkata Knight Riders,Kolkata Knight Riders,field,0.5777777777777777,0.5205479452054794,0.6,0.6,158.82222222222222,162.16438356164383,159.0888888888889,161.32876712328766,5.933333333333334,6.054794520547945,6.311111111111111,5.561643835616438,0.8,0.5,0.5,45,73,17.471803393294078,18.431705761011983,131.1524564580858,123.55763753211288,0.5664352150033409,0.5720843568669656,8.304224551887202,8.472661208178703,0,0,Kolkata Knight Riders,0,135,136,5,7,wickets,0,3
1254117,2021-10-15,2021,Dubai,Dubai International Cricket Stadium,Chennai Super Kings,Kolkata Knight Riders,Kolkata Knight Riders,field,0.5967741935483871,0.527027027027027,0.8,0.8,161.51612903225808,161.8108108108108,158.9516129032258,160.97297297297297,5.0,6.067567567567568,6.112903225806452,5.554054054054054,0.5454545454545454,0.6,0.5,62,74,20.350043005380066,18.467953734960957,135.49738098123797,123.34209604645044,0.4341118329724026,0.570966547888673,8.031824757099105,8.442447917559079,0,0,Chennai Super Kings,1,192,165,3,9,runs,27,0
1304047,2022-03-26,2022,Mumbai,"Wankhede Stadium, Mumbai",Chennai Super Kings,Kolkata Knight Riders,Kolkata Knight Riders,field,0.6031746031746031,0.52,0.8,0.8,162.0,161.85333333333332,159.04761904761904,161.38666666666666,4.968253968253968,6.1066666666666665,6.158730158730159,5.52,0.8,0.0,0.6666666666666666,63,75,18.684561758951663,17.865785092100882,133.97467363163543,122.91973944492504,0.4427922077922078,0.5788489371325192,8.894778074230606,8.266087949009721,0,0,Kolkata Knight Riders,0,131,133,5,4,wickets,0,6
1304048,2022-03-27,2022,Mumbai,"Brabourne Stadium, Mumbai",Mumbai Indians,Delhi Capitals,Delhi Capitals,field,0.6164383561643836,0.5652173913043478,0.2,0.6,164.24657534246575,158.30434782608697,156.21917808219175,158.58695652173913,5.890410958904109,5.913043478260869,6.191780821917808,6.326086956521739,0.5,0.5,0.5,73,46,10.62503811977496,11.190040302068612,98.45451707340642,96.68823331066898,0.4630674232499588,0.5382209837660914,8.801556972274591,8.947603841999781,0,0,Delhi Capitals,0,177,179,5,6,wickets,0,4
1304049,2022-03-27,2022,Mumbai,"Dr DY Patil Sports Academy, Mumbai",Royal Challengers Bangalore,Punjab Kings,Punjab Kings,field,0.4202898550724637,0.4285714285714285,0.6,0.6,154.97101449275362,153.57142857142858,160.7826086956522,151.21428571428572,6.173913043478261,5.785714285714286,5.840579710144928,5.642857142857143,0.5,0.5,1.0,69,14,13.69381116396042,13.614790883458646,102.51123570819294,110.3700357659189,0.4398148148148148,0.4849880382775119,8.583815704254674,8.92532572436613,0,0,Punjab Kings,0,205,208,2,5,wickets,0,5
1304050,2022-03-28,2022,Mumbai,"Wankhede Stadium, Mumbai",Lucknow Super Giants,Gujarat Titans,Gujarat Titans,field,0.5,0.5,0.5,0.5,0.0,0.0,0.0,0.0,0.0,0.0,0.0,0.0,0.5,0.5,0.5,0,0,20.997407931357888,14.450672369964352,123.9467474233536,121.8632414916,0.3867694805194805,0.7024178000721307,8.049907740503512,8.434470884787459,0,0,Gujarat Titans,0,158,161,6,5,wickets,0,5
1304051,2022-03-29,2022,Pune,"Maharashtra Cricket Association Stadium, Pune",Rajasthan Royals,Sunrisers Hyderabad,Sunrisers Hyderabad,field,0.4107142857142857,0.4794520547945205,0.2,0.4,160.60714285714286,159.4794520547945,166.92857142857142,155.91780821917808,6.410714285714286,5.493150684931507,5.0,6.178082191780822,0.5,0.5,0.2,56,73,15.290118061537362,15.480143709084388,108.34844827610594,122.0512283907926,0.5158162958246171,0.3876946724772811,8.43080241242545,9.241975893535711,0,0,Rajasthan Royals,1,210,149,6,7,runs,61,0
1304052,2022-03-30,2022,Mumbai,"Dr DY Patil Sports Academy, Mumbai",Kolkata Knight Riders,Royal Challengers Bangalore,Royal Challengers Bangalore,field,0.5263157894736842,0.4142857142857143,0.8,0.4,161.47368421052633,155.68571428571428,160.98684210526315,161.45714285714286,6.078947368421052,6.114285714285714,5.5131578947368425,5.828571428571428,0.5,0.0,0.5,76,70,17.913445214996855,15.013850788433754,123.74270716346464,113.87962918664373,0.5560413923097313,0.462496109554933,8.419731968291947,8.607265434466331,0,0,Royal Challengers Bangalore,0,128,132,10,7,wickets,0,3
1304053,2022-03-31,2022,Mumbai,"Brabourne Stadium, Mumbai",Chennai Super Kings,Lucknow Super Giants,Lucknow Super Giants,field,0.59375,0.0,0.6,0.0,161.515625,158.0,158.640625,161.0,4.96875,6.0,6.125,5.0,0.5,0.5,0.5,64,1,20.66786213460644,20.646986258825617,139.6172454609754,120.61251951297773,0.3526255043231296,0.6027638033608184,8.620620785904645,8.283724643223872,0,0,Lucknow Super Giants,0,210,211,7,4,wickets,0,6
1304054,2022-04-01,2022,Mumbai,"Wankhede Stadium, Mumbai",Punjab Kings,Kolkata Knight Riders,Kolkata Knight Riders,field,0.4666666666666667,0.5194805194805194,0.6,0.6,157.2,161.03896103896105,154.8,160.6103896103896,5.733333333333333,6.12987012987013,5.4,5.532467532467533,0.3333333333333333,0.3333333333333333,0.0,15,77,16.81038539382695,17.345277486306642,127.44540283253488,121.75279322630888,0.3927171418551454,0.6373263511850469,9.874507441987737,8.401465400232489,0,0,Kolkata Knight Riders,0,137,141,10,4,wickets,0,6
1304056,2022-04-02,2022,Pune,"Maharashtra Cricket Association Stadium, Pune",Gujarat Titans,Delhi Capitals,Delhi Capitals,field,1.0,0.574468085106383,1.0,0.6,161.0,158.74468085106383,158.0,158.9787234042553,5.0,5.914893617021277,6.0,6.297872340425532,0.5,0.5,0.5,1,47,15.946954470469562,11.605102339728008,128.68642822455206,96.62398901148912,0.5787991781467865,0.5233451532954274,8.433457520250057,8.866687861374041,0,0,Gujarat Titans,1,171,157,6,9,runs,14,0
1304055,2022-04-02,2022,Mumbai,"Dr DY Patil Sports Academy, Mumbai",Rajasthan Royals,Mumbai Indians,Mumbai Indians,field,0.4210526315789473,0.6081081081081081,0.4,0.2,161.47368421052633,164.4189189189189,166.6140350877193,156.52702702702703,6.4035087719298245,5.878378378378378,5.035087719298246,6.1891891891891895,0.5,0.5,0.0,57,74,15.652475659504937,12.003675728971665,108.52010034397468,114.72327301647866,0.4504961053139844,0.4319510898458267,8.569317955827538,8.927840805887936,0,0,Rajasthan Royals,1,193,170,8,8,runs,23,0
1304057,2022-04-03,2022,Mumbai,"Brabourne Stadium, Mumbai",Punjab Kings,Chennai Super Kings,Chennai Super Kings,field,0.4375,0.5846153846153846,0.6,0.6,155.9375,162.26153846153846,153.9375,159.44615384615383,6.0,5.0,5.3125,6.092307692307692,0.5,0.0,0.0,16,65,17.32330560507031,18.43766915002427,130.26952842856352,119.8374260337536,0.4805555555555555,0.5616118515054686,11.218935464140944,8.371987637471182,0,0,Punjab Kings,1,180,126,8,10,runs,54,0
1304058,2022-04-04,2022,Mumbai,"Dr DY Patil Sports Academy, Mumbai",Lucknow Super Giants,Sunrisers Hyderabad,Sunrisers Hyderabad,field,0.5,0.4729729729729729,0.5,0.2,184.5,159.33783783783784,185.5,156.64864864864865,5.0,5.513513513513513,6.0,6.175675675675675,0.5,0.5,0.5,2,74,20.33501379867936,16.678099219025878,124.52743371380096,123.02811238823432,0.6083963280254842,0.448533681765389,8.24798207813734,9.204400751553502,0,0,Lucknow Super Giants,1,169,157,7,9,runs,12,0
1304059,2022-04-05,2022,Mumbai,"Wankhede Stadium, Mumbai",Rajasthan Royals,Royal Challengers Bangalore,Royal Challengers Bangalore,field,0.4310344827586206,0.4225352112676056,0.6,0.4,162.01724137931035,155.35211267605635,166.67241379310346,160.98591549295776,6.431034482758621,6.126760563380282,5.086206896551724,5.887323943661972,0.4,0.5,0.3333333333333333,58,71,15.478530352852603,15.40071024329464,108.90296846479671,111.31742789453196,0.4553894071499705,0.539106984969054,8.587510279527619,8.426489476534543,0,0,Royal Challengers Bangalore,0,169,173,3,6,wickets,0,4
1304060,2022-04-06,2022,Pune,"Maharashtra Cricket Association Stadium, Pune",Mumbai Indians,Kolkata Knight Riders,Kolkata Knight Riders,field,0.6,0.5256410256410257,0.0,0.6,164.49333333333334,160.78205128205127,157.01333333333332,160.30769230769232,5.906666666666666,6.102564102564102,6.213333333333333,5.589743589743589,0.5,0.5,0.8571428571428571,75,78,16.20708196225456,17.547366230020778,118.85617881552928,127.36708059825126,0.4980539705427954,0.5801279367214885,9.002931239127461,8.526609635688498,0,0,Kolkata Knight Riders,0,161,162,4,5,wickets,0,5
1304061,2022-04-07,2022,Mumbai,"Dr DY Patil Sports Academy, Mumbai",Delhi Capitals,Lucknow Super Giants,Lucknow Super Giants,field,0.5625,0.6666666666666666,0.4,0.6666666666666666,158.70833333333334,179.33333333333334,159.22916666666666,176.0,5.979166666666667,5.666666666666667,6.291666666666667,7.0,0.5,1.0,0.5,48,3,15.558790907396585,17.966636276482824,115.99701849374328,129.45196965615972,0.5407409807267256,0.6680116381203338,9.791473140030384,8.264819625518678,0,0,Lucknow Super Giants,0,149,155,3,4,wickets,0,6
1304062,2022-04-08,2022,Mumbai,"Brabourne Stadium, Mumbai",Punjab Kings,Gujarat Titans,Gujarat Titans,field,0.4705882352941176,1.0,0.6,1.0,157.35294117647058,166.0,152.2941176470588,157.5,6.117647058823529,5.5,5.588235294117647,7.5,1.0,0.5,0.5,17,2,16.571982721055356,14.842616308588529,114.87561593379588,135.4069665238011,0.6381118300978929,0.567119179987397,9.16730406969758,8.052258603610161,0,0,Gujarat Titans,0,189,190,9,4,wickets,0,6
1304063,2022-04-09,2022,Mumbai,"Dr DY Patil Sports Academy, Mumbai",Chennai Super Kings,Sunrisers Hyderabad,Sunrisers Hyderabad,field,0.5757575757575758,0.4666666666666667,0.4,0.0,161.71212121212122,159.30666666666667,159.75757575757575,156.81333333333333,5.075757575757576,5.56,6.121212121212121,6.1866666666666665,0.5,0.0,0.6666666666666666,66,75,18.42229045092838,13.04247743180855,129.8025039376427,105.0118055517413,0.4171141820704881,0.4846666666666667,9.025743415448936,8.716037909589435,0,0,Sunrisers Hyderabad,0,154,155,7,2,wickets,0,8
1304064,2022-04-09,2022,Pune,"Maharashtra Cricket Association Stadium, Pune",Mumbai Indians,Royal Challengers Bangalore,Royal Challengers Bangalore,field,0.5921052631578947,0.4305555555555556,0.0,0.4,164.44736842105263,155.59722222222223,157.07894736842104,161.09722222222223,5.881578947368421,6.125,6.197368421052632,5.847222222222222,0.0,0.5,0.75,76,72,19.292260483903707,16.319427023317687,125.41932016088374,117.28711850613116,0.4575966735966735,0.5833333333333334,8.546103000978409,8.21313364843028,0,0,Royal Challengers Bangalore,0,151,152,6,3,wickets,0,7
1304066,2022-04-10,2022,Mumbai,"Wankhede Stadium, Mumbai",Rajasthan Royals,Lucknow Super Giants,Lucknow Super Giants,field,0.423728813559322,0.75,0.6,0.75,162.135593220339,173.25,166.77966101694915,169.25,6.372881355932203,5.25,5.101694915254237,6.0,0.3333333333333333,0.0,0.5,59,4,16.15787438491554,16.168334985148785,107.53786992155976,128.96989429582712,0.4767071297773053,0.6625384093031152,8.576314165141051,8.693617759885017,0,0,Rajasthan Royals,1,165,162,6,8,runs,3,0
1304065,2022-04-10,2022,Mumbai,"Brabourne Stadium, Mumbai",Delhi Capitals,Kolkata Knight Riders,Kolkata Knight Riders,field,0.5510204081632653,0.5316455696202531,0.2,0.6,158.51020408163265,160.79746835443038,159.14285714285714,160.31645569620252,5.918367346938775,6.0886075949367084,6.244897959183674,5.569620253164557,1.0,0.5,0.3333333333333333,49,79,15.30087266003708,17.726958879934404,105.9654037251077,128.79034904266464,0.5329441039880654,0.5787043440353677,9.82425012927454,8.29676071838417,0,0,Delhi Capitals,1,215,171,5,10,runs,44,0
1304067,2022-04-11,2022,Mumbai,"Dr DY Patil Sports Academy, Mumbai",Gujarat Titans,Sunrisers Hyderabad,Sunrisers Hyderabad,field,1.0,0.4736842105263157,1.0,0.2,174.0,159.25,168.0,156.77631578947367,5.0,5.5131578947368425,8.0,6.197368421052632,0.5,0.5,0.5,3,76,16.61827656899485,13.315894777265743,133.68347262462203,105.44881815542962,0.5106351202945317,0.5120751341681575,8.079000737582904,8.748577707723522,0,0,Sunrisers Hyderabad,0,162,168,7,3,wickets,0,8
1304068,2022-04-12,2022,Mumbai,"Dr DY Patil Sports Academy, Mumbai",Chennai Super Kings,Royal Challengers Bangalore,Royal Challengers Bangalore,field,0.5671641791044776,0.4383561643835616,0.2,0.6,161.59701492537314,155.54794520547946,159.6865671641791,160.95890410958904,5.104477611940299,6.082191780821918,6.059701492537314,5.849315068493151,0.0,0.5,1.0,67,73,18.295012539904214,19.13089673572571,130.17589049389363,124.44486797457704,0.4237697823412109,0.4666245791245791,8.796434409646738,8.085538105568983,0,0,Chennai Super Kings,1,216,193,4,9,runs,23,0
1304069,2022-04-13,2022,Pune,"Maharashtra Cricket Association Stadium, Pune",Punjab Kings,Mumbai Indians,Mumbai Indians,field,0.4444444444444444,0.5844155844155844,0.4,0.0,159.11111111111111,164.27272727272728,154.38888888888889,157.01298701298705,6.277777777777778,5.883116883116883,5.5,6.155844155844156,0.5,0.0,0.0,18,77,16.68152001507265,15.963059191491569,124.57626382229776,117.15845525981292,0.5193539793539794,0.6215905554140848,9.378431573023772,9.426602191025369,0,0,Punjab Kings,1,198,186,5,9,runs,12,0
1304070,2022-04-14,2022,Mumbai,"Dr DY Patil Sports Academy, Mumbai",Gujarat Titans,Rajasthan Royals,Rajasthan Royals,field,0.75,0.4333333333333333,0.75,0.8,171.0,162.18333333333334,168.0,166.7,5.5,6.366666666666666,6.75,5.15,0.0,1.0,0.5,4,60,16.066428821804077,15.253564658390596,133.56308797028183,109.1478748089682,0.5468037518037518,0.3937813581176831,8.275393866940332,8.714589790047489,0,0,Gujarat Titans,1,192,155,4,9,runs,37,0
1304071,2022-04-15,2022,Mumbai,"Brabourne Stadium, Mumbai",Kolkata Knight Riders,Sunrisers Hyderabad,Sunrisers Hyderabad,field,0.525,0.4805194805194805,0.6,0.4,160.925,159.36363636363637,161.0,156.84415584415584,6.1375,5.48051948051948,5.5625,6.207792207792208,0.0,0.5,0.5,80,77,17.565674393228182,12.93200487012987,129.6222581852727,97.26767569671006,0.624140989729225,0.544419782979105,8.381160492289778,9.132153250507246,0,0,Sunrisers Hyderabad,0,175,176,8,3,wickets,0,7
1304072,2022-04-16,2022,Mumbai,"Brabourne Stadium, Mumbai",Lucknow Super Giants,Mumbai Indians,Mumbai Indians,field,0.6,0.5769230769230769,0.6,0.0,171.0,164.55128205128204,168.4,157.53846153846155,5.8,5.923076923076923,6.0,6.141025641025641,1.0,0.0,0.5,5,78,18.119320274025583,16.677098565916683,134.73113954609846,115.55636177312589,0.5753060158232572,0.5687543450701346,8.531941236410658,9.259282473222024,0,0,Lucknow Super Giants,1,199,181,4,9,runs,18,0
1304073,2022-04-16,2022,Mumbai,"Wankhede Stadium, Mumbai",Royal Challengers Bangalore,Delhi Capitals,Delhi Capitals,field,0.4324324324324324,0.56,0.6,0.4,156.05405405405406,159.64,161.7027027027027,159.38,6.121621621621622,5.9,5.824324324324325,6.32,0.6666666666666666,0.6666666666666666,0.3333333333333333,74,50,18.85843040257241,13.693838383838385,134.32016969008083,97.36207289647282,0.5789103858018815,0.5453712953712953,8.294322693211345,9.61168577601643,0,0,Royal Challengers Bangalore,1,189,173,5,7,runs,16,0
1304074,2022-04-17,2022,Mumbai,"Dr DY Patil Sports Academy, Mumbai",Punjab Kings,Sunrisers Hyderabad,Sunrisers Hyderabad,field,0.4736842105263157,0.4871794871794871,0.6,0.6,161.1578947368421,159.57692307692307,156.05263157894737,157.07692307692307,6.2105263157894735,5.448717948717949,5.684210526315789,6.230769230769231,1.0,0.6666666666666666,0.5,19,78,15.188261575980874,13.30080939440994,120.80774381481596,97.93619640277792,0.5714988461910486,0.5677380952380953,9.47332815163403,9.100045133707154,0,0,Sunrisers Hyderabad,0,151,152,10,3,wickets,0,7
1304075,2022-04-17,2022,Pune,"Maharashtra Cricket Association Stadium, Pune",Chennai Super Kings,Gujarat Titans,Gujarat Titans,field,0.5735294117647058,0.8,0.2,0.8,162.39705882352942,175.2,160.1764705882353,165.4,5.088235294117647,5.2,6.102941176470588,7.2,0.5,1.0,0.5,68,5,18.55122182909304,16.70458689721848,130.9952640872323,131.41420497225755,0.4271321339950372,0.6622069275753486,8.909334842103053,8.472169495795642,0,0,Gujarat Titans,0,169,170,5,7,wickets,0,3
1304076,2022-04-18,2022,Mumbai,"Brabourne Stadium, Mumbai",Rajasthan Royals,Kolkata Knight Riders,Kolkata Knight Riders,field,0.4262295081967213,0.5185185185185185,0.6,0.4,162.0655737704918,161.09876543209876,167.11475409836066,161.1851851851852,6.409836065573771,6.160493827160494,5.131147540983607,5.530864197530864,0.5,0.0,0.0,61,81,16.822462737382093,16.330436155480083,111.60748267205688,126.31168612570453,0.4341584041818864,0.6471092415404505,8.586026345052977,8.43871471718238,0,0,Rajasthan Royals,1,217,210,5,10,runs,7,0
1304077,2022-04-19,2022,Mumbai,"Dr DY Patil Sports Academy, Mumbai",Royal Challengers Bangalore,Lucknow Super Giants,Lucknow Super Giants,field,0.44,0.6666666666666666,0.8,0.8,156.49333333333334,175.66666666666666,161.85333333333332,170.5,6.1066666666666665,5.5,5.84,6.5,0.3333333333333333,1.0,0.5,75,6,17.482965276881473,18.177758060339787,133.17573167480043,134.93530335407002,0.5771416083916084,0.5842065041657333,8.336050445193607,8.649648682496393,0,0,Royal Challengers Bangalore,1,181,163,6,8,runs,18,0
1304078,2022-04-20,2022,Mumbai,"Brabourne Stadium, Mumbai",Punjab Kings,Delhi Capitals,Delhi Capitals,field,0.45,0.5490196078431373,0.4,0.4,160.65,159.90196078431373,155.85,159.9607843137255,6.4,5.921568627450981,5.55,6.294117647058823,0.5,1.0,0.0,20,51,16.458516143524335,15.139685768464268,121.569246904026,109.22218670705529,0.4629612811430993,0.5406799639754186,8.775804619662772,10.63683887495624,0,0,Delhi Capitals,0,115,119,10,1,wickets,0,9
1304079,2022-04-21,2022,Navi Mumbai,"Dr DY Patil Sports Academy, Mumbai",Mumbai Indians,Chennai Super Kings,Chennai Super Kings,field,0.569620253164557,0.5652173913043478,0.0,0.2,164.7594936708861,162.4927536231884,158.0632911392405,160.31884057971016,5.962025316455696,5.086956521739131,6.113924050632911,6.115942028985507,0.0,0.5,0.6,79,69,19.72063625674737,17.82929090378878,135.25247982873782,135.75566148954482,0.4549425068292992,0.5909807890767642,9.819560923533585,8.610002099181242,0,0,Chennai Super Kings,0,155,156,7,7,wickets,0,3
1304080,2022-04-22,2022,Mumbai,"Wankhede Stadium, Mumbai",Rajasthan Royals,Delhi Capitals,Delhi Capitals,field,0.4354838709677419,0.5576923076923077,0.6,0.4,162.9516129032258,159.1153846153846,167.80645161290323,159.09615384615384,6.387096774193548,5.826923076923077,5.209677419354839,6.365384615384615,0.4285714285714285,0.5,0.0,62,52,16.825704112485283,15.166136723925918,111.834353876622,109.28549053451415,0.4376187187425577,0.5577299101722439,8.622154055964542,10.58710690579481,0,0,Rajasthan Royals,1,222,207,2,8,runs,15,0
1304081,2022-04-23,2022,Navi Mumbai,"Dr DY Patil Sports Academy, Mumbai",Gujarat Titans,Kolkata Knight Riders,Gujarat Titans,bat,0.8333333333333334,0.5121951219512195,0.8,0.4,174.33333333333334,161.6951219512195,166.0,161.8658536585366,5.5,6.2073170731707314,6.833333333333333,5.524390243902439,0.5,0.0,0.5,6,82,16.241324436631203,15.60062994220758,133.36270814486326,121.51389565636045,0.7008436012438443,0.626469396346216,8.361334895152481,8.543234517626932,1,1,Gujarat Titans,1,156,148,9,8,runs,8,0
1304082,2022-04-23,2022,Mumbai,"Brabourne Stadium, Mumbai",Royal Challengers Bangalore,Sunrisers Hyderabad,Sunrisers Hyderabad,field,0.4473684210526316,0.4936708860759494,0.8,0.8,156.81578947368422,159.48101265822783,161.8684210526316,157.0,6.105263157894737,5.417721518987341,5.868421052631579,6.278481012658228,0.5,1.0,0.6,76,79,17.06854561776729,13.476230577987542,131.6934592072115,97.790357532484,0.5784260927801598,0.5889218642045098,8.31515201414192,8.991618138439206,0,0,Sunrisers Hyderabad,0,68,72,10,1,wickets,0,9
1304083,2022-04-24,2022,Mumbai,"Wankhede Stadium, Mumbai",Lucknow Super Giants,Mumbai Indians,Mumbai Indians,field,0.5714285714285714,0.5625,0.6,0.0,173.85714285714286,164.6375,172.0,158.0375,5.857142857142857,5.975,6.428571428571429,6.125,0.0,0.5,1.0,7,80,19.02020129931022,20.04586368742261,123.84850857161555,131.58588455878723,0.5403028404344193,0.4511803011803012,8.734557209579213,9.280022357713811,0,0,Lucknow Super Giants,1,168,132,6,8,runs,36,0
1304084,2022-04-25,2022,Mumbai,"Wankhede Stadium, Mumbai",Punjab Kings,Chennai Super Kings,Chennai Super Kings,field,0.4285714285714285,0.5714285714285714,0.4,0.4,158.47619047619048,162.4,154.0952380952381,160.24285714285713,6.571428571428571,5.114285714285714,5.333333333333333,6.128571428571429,0.25,0.6666666666666666,0.5,21,70,18.65632561994008,18.089568406322314,135.42764517515826,134.5922704470308,0.4976456403424523,0.5618131868131868,8.812364549233742,8.506139770179402,0,0,Punjab Kings,1,187,176,4,6,runs,11,0
1304085,2022-04-26,2022,Pune,"Maharashtra Cricket Association Stadium, Pune",Rajasthan Royals,Royal Challengers Bangalore,Royal Challengers Bangalore,field,0.4444444444444444,0.4415584415584415,0.6,0.6,163.88888888888889,155.66233766233765,168.42857142857142,160.7012987012987,6.317460317460317,6.155844155844156,5.253968253968254,5.805194805194805,1.0,1.0,0.2857142857142857,63,77,14.908062900562902,16.825428104531877,99.2854816973852,116.84502032128634,0.5413927979927206,0.5565788412828797,9.047431735454229,8.32503960667763,0,0,Rajasthan Royals,1,144,115,8,10,runs,29,0
1304086,2022-04-27,2022,Mumbai,"Wankhede Stadium, Mumbai",Sunrisers Hyderabad,Gujarat Titans,Gujarat Titans,field,0.5,0.8571428571428571,1.0,0.8,158.3875,171.71428571428572,155.8875,163.42857142857142,5.3625,6.0,6.325,7.0,0.5,1.0,0.5,80,7,13.963374932557487,14.0321406700644,106.46144866450194,120.10753719822246,0.5923062421449518,0.8026339605834815,8.630733485485642,8.53965166700211,0,0,Gujarat Titans,0,195,199,6,5,wickets,0,5
1304087,2022-04-28,2022,Mumbai,"Wankhede Stadium, Mumbai",Kolkata Knight Riders,Delhi Capitals,Delhi Capitals,field,0.5060240963855421,0.5471698113207547,0.2,0.4,161.53012048192772,160.0188679245283,161.79518072289156,160.28301886792454,6.228915662650603,5.867924528301887,5.566265060240964,6.283018867924528,0.5,0.4,0.3333333333333333,83,53,18.756461128088063,15.065590730705514,132.2488884966004,112.2668014209989,0.5624074074074075,0.5048984883209482,8.709967997039334,9.663714907016905,0,0,Delhi Capitals,0,146,150,9,6,wickets,0,4
1304088,2022-04-29,2022,Pune,"Maharashtra Cricket Association Stadium, Pune",Lucknow Super Giants,Punjab Kings,Punjab Kings,field,0.625,0.4545454545454545,0.6,0.4,173.125,159.77272727272728,167.0,155.0909090909091,5.875,6.454545454545454,6.625,5.363636363636363,0.5,1.0,0.5,8,22,16.578191667167076,18.958920192710515,130.99836499730355,131.07826912078758,0.7421009014338,0.4923896092889228,8.225492456762101,8.813412169444117,0,0,Lucknow Super Giants,1,153,133,8,8,runs,20,0
1304090,2022-04-30,2022,Navi Mumbai,"Dr DY Patil Sports Academy, Mumbai",Rajasthan Royals,Mumbai Indians,Mumbai Indians,field,0.453125,0.5555555555555556,0.8,0.0,163.578125,164.23456790123456,167.59375,158.1604938271605,6.34375,6.0,5.328125,6.1234567901234565,0.5,0.0,0.3333333333333333,64,81,15.043086223765204,18.978157609775256,96.74026499993532,121.02326173576836,0.5852574683536558,0.2818437539956527,8.5103473528748,8.142100753546535,0,0,Mumbai Indians,0,158,161,6,5,wickets,0,5
1304089,2022-04-30,2022,Mumbai,"Brabourne Stadium, Mumbai",Royal Challengers Bangalore,Gujarat Titans,Royal Challengers Bangalore,bat,0.4358974358974359,0.875,0.4,0.8,155.14102564102564,175.125,160.48717948717947,167.375,6.205128205128205,5.875,5.833333333333333,6.875,0.0,1.0,0.5,78,8,16.906642560798907,14.71612584756225,115.99718285775836,120.91035470598248,0.577809585803785,0.6822981366459627,8.148253326979596,8.56026810746899,1,1,Gujarat Titans,0,170,174,6,4,wickets,0,6
1304091,2022-05-01,2022,Mumbai,"Wankhede Stadium, Mumbai",Lucknow Super Giants,Delhi Capitals,Lucknow Super Giants,bat,0.6666666666666666,0.5555555555555556,0.6,0.6,170.88888888888889,159.83333333333334,163.22222222222223,160.0185185185185,6.111111111111111,5.87037037037037,6.777777777777778,6.333333333333333,0.3333333333333333,0.5,0.5,9,54,16.61993892738019,15.51361869260077,137.36525933057644,114.59989199756488,0.7547746376215275,0.5095801981826406,8.02010862554944,9.669560827600243,1,1,Lucknow Super Giants,1,195,189,3,7,runs,6,0
1304092,2022-05-01,2022,Pune,"Maharashtra Cricket Association Stadium, Pune",Chennai Super Kings,Sunrisers Hyderabad,Sunrisers Hyderabad,field,0.5633802816901409,0.4938271604938271,0.4,0.8,162.59154929577466,158.8395061728395,160.61971830985917,156.41975308641975,5.126760563380282,5.37037037037037,6.098591549295775,6.308641975308642,0.0,0.0,0.5,71,81,16.462328830740752,15.4470122886642,119.23173918627388,143.8053122901779,0.399335232668566,0.5507621248090456,8.328247600410029,8.876387362578972,0,0,Chennai Super Kings,1,202,189,2,6,runs,13,0
1304093,2022-05-02,2022,Mumbai,"Wankhede Stadium, Mumbai",Rajasthan Royals,Kolkata Knight Riders,Kolkata Knight Riders,field,0.4461538461538462,0.5,0.6,0.0,163.4923076923077,161.3452380952381,167.4923076923077,161.6547619047619,6.338461538461538,6.261904761904762,5.323076923076923,5.571428571428571,0.5,0.4,0.25,65,84,15.427646214579063,15.160743568263674,102.44909867021327,123.75494408856444,0.5622211122211123,0.5429835055619344,8.742887663240285,8.438689499684111,0,0,Kolkata Knight Riders,0,152,158,5,3,wickets,0,7
1304094,2022-05-03,2022,Navi Mumbai,"Dr DY Patil Sports Academy, Mumbai",Gujarat Titans,Punjab Kings,Gujarat Titans,bat,0.8888888888888888,0.4347826086956521,1.0,0.4,175.0,158.6086956521739,167.66666666666666,155.0,5.666666666666667,6.521739130434782,6.777777777777778,5.478260869565218,0.6666666666666666,0.5,0.5,9,23,14.729128755084844,18.276548573975045,121.77672479992694,125.58581316227364,0.6880855803389339,0.5387931202911527,8.483400546888422,8.995306682197361,1,1,Punjab Kings,0,143,145,8,2,wickets,0,8
1304095,2022-05-04,2022,Pune,"Maharashtra Cricket Association Stadium, Pune",Royal Challengers Bangalore,Chennai Super Kings,Chennai Super Kings,field,0.430379746835443,0.5694444444444444,0.4,0.6,155.32911392405063,163.13888888888889,160.65822784810126,161.01388888888889,6.2025316455696204,5.083333333333333,5.810126582278481,6.097222222222222,0.5,0.5,0.2857142857142857,79,72,17.30247717301737,22.020990713847063,117.65454957077822,134.28199656654402,0.578517316017316,0.3968002812939522,8.157854081232989,8.514993729847184,0,0,Royal Challengers Bangalore,1,173,160,8,8,runs,13,0
1304096,2022-05-05,2022,Mumbai,"Brabourne Stadium, Mumbai",Delhi Capitals,Sunrisers Hyderabad,Sunrisers Hyderabad,field,0.5454545454545454,0.4878048780487805,0.4,0.6,160.36363636363637,159.20731707317074,160.65454545454546,156.97560975609755,5.890909090909091,5.378048780487805,6.2727272727272725,6.2560975609756095,1.0,1.0,0.6666666666666666,55,82,15.293667127191746,16.16994469582705,110.58306311331938,126.42434244202109,0.5116352150144391,0.5010863095238095,10.030688539058705,9.373487805034504,0,0,Delhi Capitals,1,207,186,3,8,runs,21,0
1304097,2022-05-06,2022,Mumbai,"Brabourne Stadium, Mumbai",Mumbai Indians,Gujarat Titans,Gujarat Titans,field,0.5609756097560976,0.8,0.2,0.8,164.1951219512195,171.8,158.15853658536585,165.4,5.987804878048781,5.9,6.121951219512195,6.3,0.0,1.0,0.5,82,10,17.051782322333427,15.475826531809536,125.50922746178064,121.78498836878336,0.3762312025805279,0.6570880658082199,8.45949618910227,8.509845908999703,0,0,Mumbai Indians,1,177,172,6,5,runs,5,0
1304099,2022-05-07,2022,Pune,"Maharashtra Cricket Association Stadium, Pune",Lucknow Super Giants,Kolkata Knight Riders,Kolkata Knight Riders,field,0.7,0.5058823529411764,0.8,0.2,173.3,161.30588235294118,165.8,161.54117647058823,5.8,6.223529411764706,6.8,5.564705882352941,1.0,1.0,0.5,10,85,16.33516126963923,15.418356335807948,134.54766657941963,115.64372657110788,0.8533126346537988,0.526456400742115,8.007679915991435,8.348441314803484,0,0,Lucknow Super Giants,1,176,101,7,10,runs,75,0
1304098,2022-05-07,2022,Mumbai,"Wankhede Stadium, Mumbai",Punjab Kings,Rajasthan Royals,Punjab Kings,bat,0.4583333333333333,0.4393939393939394,0.4,0.6,158.04166666666666,163.3181818181818,154.5,167.34848484848484,6.333333333333333,6.318181818181818,5.583333333333333,5.287878787878788,0.4,0.4444444444444444,1.0,24,66,18.46155396459308,15.268765574930931,125.26402193392288,102.92752606319974,0.5461295766380512,0.5457118135453377,8.607266447801404,12.628043587357284,1,1,Rajasthan Royals,0,189,190,5,4,wickets,0,6
1304101,2022-05-08,2022,Navi Mumbai,"Dr DY Patil Sports Academy, Mumbai",Chennai Super Kings,Delhi Capitals,Delhi Capitals,field,0.5616438356164384,0.5535714285714286,0.4,0.6,163.0958904109589,161.19642857142858,161.17808219178082,161.10714285714286,5.123287671232877,5.839285714285714,6.123287671232877,6.303571428571429,0.6666666666666666,0.0,0.25,73,56,19.896914424979368,16.756699562620614,133.80617376831034,114.435343938416,0.4327277449061326,0.5698658787489371,9.092635912196776,9.63369477363878,0,0,Chennai Super Kings,1,208,117,6,10,runs,91,0
1304100,2022-05-08,2022,Mumbai,"Wankhede Stadium, Mumbai",Royal Challengers Bangalore,Sunrisers Hyderabad,Royal Challengers Bangalore,bat,0.4375,0.4819277108433735,0.4,0.4,155.55,159.53012048192772,160.65,157.57831325301206,6.225,5.409638554216867,5.8375,6.216867469879518,0.75,0.0,0.5,80,83,17.273901762532464,15.773707779156815,117.93457832970032,121.27950364038549,0.5832331944725996,0.5056410256410256,8.151604618923887,9.49033177073536,1,1,Royal Challengers Bangalore,1,192,125,3,10,runs,67,0
1304102,2022-05-09,2022,Navi Mumbai,"Dr DY Patil Sports Academy, Mumbai",Kolkata Knight Riders,Mumbai Indians,Mumbai Indians,field,0.5,0.5662650602409639,0.2,0.4,160.6046511627907,164.34939759036143,161.7093023255814,158.32530120481928,6.267441860465116,5.987951807228916,5.5813953488372094,6.108433734939759,0.0,0.3333333333333333,0.25,86,83,17.463307601905967,14.967177835866044,127.81023240796416,117.73118654520742,0.5355491876544508,0.3741769547325103,8.404690725400881,8.414216989000634,0,0,Kolkata Knight Riders,1,165,113,9,10,runs,52,0
1304103,2022-05-10,2022,Pune,"Maharashtra Cricket Association Stadium, Pune",Gujarat Titans,Lucknow Super Giants,Gujarat Titans,bat,0.7272727272727273,0.7272727272727273,0.6,0.8,171.8181818181818,173.54545454545453,166.45454545454547,159.9090909090909,5.818181818181818,5.909090909090909,6.2727272727272725,7.090909090909091,1.0,1.0,0.5,11,11,13.97298848921248,17.71536034879152,113.69987264873389,142.4792556575025,0.7003968253968254,0.8328916083916085,8.462249839089973,7.936828032724572,1,1,Gujarat Titans,1,144,82,4,10,runs,62,0
1304104,2022-05-11,2022,Navi Mumbai,"Dr DY Patil Sports Academy, Mumbai",Rajasthan Royals,Delhi Capitals,Delhi Capitals,field,0.4477611940298507,0.543859649122807,0.6,0.4,163.71641791044777,160.42105263157896,167.67164179104478,161.9298245614035,6.283582089552239,5.912280701754386,5.283582089552239,6.298245614035087,0.3333333333333333,0.0,0.3333333333333333,67,57,13.98418309631545,17.07644386448214,95.317672144226,115.34414653350854,0.5220174620101307,0.597335218436828,12.683635226402966,9.830160736938865,0,0,Delhi Capitals,0,160,161,6,2,wickets,0,8
1304105,2022-05-12,2022,Mumbai,"Wankhede Stadium, Mumbai",Chennai Super Kings,Mumbai Indians,Mumbai Indians,field,0.5675675675675675,0.5595238095238095,0.6,0.4,163.7027027027027,163.73809523809524,160.5810810810811,158.4047619047619,5.135135135135135,6.035714285714286,6.175675675675675,6.142857142857143,0.5714285714285714,0.0,0.2,74,84,20.712482531368572,13.955505814806662,135.00194630864897,100.34986257618512,0.5019668784374667,0.4563852407754847,8.650273151093106,8.618700852311418,0,0,Mumbai Indians,0,97,103,10,5,wickets,0,5
1304106,2022-05-13,2022,Mumbai,"Brabourne Stadium, Mumbai",Punjab Kings,Royal Challengers Bangalore,Royal Challengers Bangalore,field,0.44,0.4444444444444444,0.4,0.4,159.28,156.0,155.92,160.20987654320987,6.28,6.185185185185185,5.52,5.888888888888889,0.3333333333333333,0.0,1.0,25,81,19.01722916109193,17.610752330940343,128.32644268137946,118.06103736139058,0.4888556988693694,0.603839441275774,8.548904279798679,8.07344054176903,0,0,Punjab Kings,1,209,155,9,9,runs,54,0
1304107,2022-05-14,2022,Pune,"Maharashtra Cricket Association Stadium, Pune",Kolkata Knight Riders,Sunrisers Hyderabad,Kolkata Knight Riders,bat,0.5057471264367817,0.4761904761904761,0.4,0.2,160.6551724137931,159.11904761904762,161.1494252873563,157.98809523809524,6.298850574712644,5.464285714285714,5.632183908045977,6.178571428571429,0.5,0.0,0.4,87,84,17.37999698632226,14.496852257296483,124.29873280006116,116.92805375270686,0.541961296335831,0.4997204184704184,8.33733896757905,9.17718438164042,1,1,Kolkata Knight Riders,1,177,123,6,8,runs,54,0
1304108,2022-05-15,2022,Mumbai,"Wankhede Stadium, Mumbai",Chennai Super Kings,Gujarat Titans,Chennai Super Kings,bat,0.56,0.75,0.4,0.6,162.81333333333333,169.5,159.81333333333333,159.41666666666666,5.2,5.666666666666667,6.16,6.583333333333333,0.5,1.0,0.0,75,12,19.791659287370862,13.940395327359145,122.0616756881288,113.80604179400076,0.4489787989787989,0.6931682435925342,8.24459978233563,8.474265337729879,1,1,Gujarat Titans,0,133,137,5,3,wickets,0,7
1304109,2022-05-15,2022,Mumbai,"Brabourne Stadium, Mumbai",Rajasthan Royals,Lucknow Super Giants,Rajasthan Royals,bat,0.4411764705882353,0.6666666666666666,0.4,0.8,163.66176470588235,165.91666666666666,167.5735294117647,158.58333333333334,6.279411764705882,6.25,5.235294117647059,6.833333333333333,1.0,1.0,1.0,68,12,15.552417400388888,15.635802316644709,108.04618666991594,130.97720191783912,0.5146432579765913,0.8226281058982298,12.64153050143087,7.881009132627856,1,1,Rajasthan Royals,1,178,154,6,8,runs,24,0
1304110,2022-05-16,2022,Navi Mumbai,"Dr DY Patil Sports Academy, Mumbai",Delhi Capitals,Punjab Kings,Punjab Kings,field,0.5517241379310345,0.4615384615384615,0.6,0.6,160.43103448275863,161.19230769230768,161.89655172413794,155.8846153846154,5.844827586206897,6.384615384615385,6.293103448275862,5.653846153846154,0.3333333333333333,0.6666666666666666,0.5,58,26,16.67679298638852,18.51084432348032,111.0214865474512,129.697531635131,0.6764179352207521,0.5149424685585482,10.60413186979108,8.563520473522738,0,0,Delhi Capitals,1,159,142,7,9,runs,17,0
1304111,2022-05-17,2022,Mumbai,"Wankhede Stadium, Mumbai",Sunrisers Hyderabad,Mumbai Indians,Mumbai Indians,field,0.4705882352941176,0.5647058823529412,0.0,0.6,158.69411764705882,163.0235294117647,158.21176470588236,157.68235294117648,5.494117647058824,6.023529411764706,6.176470588235294,6.188235294117647,0.0,0.5,1.0,85,85,14.468628482185562,11.524107975357976,105.63074502145004,92.25677068275704,0.4281590609653851,0.5047236565308855,9.442001226224829,8.068034497357155,0,0,Sunrisers Hyderabad,1,193,190,6,7,runs,3,0
1304112,2022-05-18,2022,Navi Mumbai,"Dr DY Patil Sports Academy, Mumbai",Lucknow Super Giants,Kolkata Knight Riders,Lucknow Super Giants,bat,0.6153846153846154,0.5113636363636364,0.6,0.6,165.0,160.8409090909091,160.07692307692307,160.7159090909091,6.384615384615385,6.295454545454546,6.769230769230769,5.659090909090909,0.6666666666666666,0.3333333333333333,1.0,13,88,17.234777282821632,16.66597644493871,132.76417706945205,124.44677920981547,0.6275724275724276,0.6036398944193062,8.343250684852977,8.291481213301768,1,1,Lucknow Super Giants,1,210,208,0,8,runs,2,0
1304113,2022-05-19,2022,Mumbai,"Wankhede Stadium, Mumbai",Gujarat Titans,Royal Challengers Bangalore,Gujarat Titans,bat,0.7692307692307693,0.4390243902439024,0.6,0.4,167.0,155.9878048780488,157.3846153846154,160.8048780487805,5.461538461538462,6.219512195121951,6.461538461538462,5.926829268292683,1.0,0.8,0.5,13,82,14.702457466256096,17.128450432942174,119.17722640609972,115.03245456049564,0.6455596842354402,0.6329091960670908,8.326257016877284,8.107474738072929,1,1,Royal Challengers Bangalore,0,168,170,5,2,wickets,0,8
1304114,2022-05-20,2022,Mumbai,"Brabourne Stadium, Mumbai",Chennai Super Kings,Rajasthan Royals,Chennai Super Kings,bat,0.5526315789473685,0.4492753623188406,0.4,0.4,162.42105263157896,163.8695652173913,159.51315789473685,167.3768115942029,5.197368421052632,6.27536231884058,6.118421052631579,5.27536231884058,0.0,1.0,0.5,76,69,20.140918465993348,17.308411446216272,121.24795246902612,116.41418857352416,0.3767115600448933,0.4403960117229336,7.843722160441869,13.21881970802996,1,1,Rajasthan Royals,0,150,151,6,5,wickets,0,5
1304115,2022-05-21,2022,Mumbai,"Wankhede Stadium, Mumbai",Delhi Capitals,Mumbai Indians,Mumbai Indians,field,0.559322033898305,0.5581395348837209,0.6,0.6,160.40677966101694,163.3372093023256,161.5593220338983,158.09302325581396,5.864406779661017,6.034883720930233,6.338983050847458,6.186046511627907,0.4285714285714285,0.3333333333333333,0.25,59,86,17.48901014622299,14.78161956965681,114.4630103327028,110.64310495201016,0.6169230309459313,0.6823991797676009,10.887380448431925,9.206912836623935,0,0,Mumbai Indians,0,159,160,7,5,wickets,0,5
1304116,2022-05-22,2022,Mumbai,"Wankhede Stadium, Mumbai",Sunrisers Hyderabad,Punjab Kings,Sunrisers Hyderabad,bat,0.4767441860465116,0.4444444444444444,0.2,0.4,159.09302325581396,160.4814814814815,158.58139534883722,156.0,5.5,6.481481481481482,6.186046511627907,5.703703703703703,0.3333333333333333,0.3333333333333333,0.5,86,27,13.53109166910421,18.249465255260496,103.5371432739012,123.95640763425058,0.5940522243713733,0.3874455205811138,8.917972189045944,8.539002477343285,1,1,Punjab Kings,0,157,160,8,5,wickets,0,5
1312197,2022-05-24,2022,Kolkata,"Eden Gardens, Kolkata",Rajasthan Royals,Gujarat Titans,Gujarat Titans,field,0.4571428571428571,0.7142857142857143,0.6,0.4,163.68571428571428,167.07142857142858,167.12857142857143,158.28571428571428,6.257142857142857,5.428571428571429,5.285714285714286,6.142857142857143,0.5,0.5,0.5,70,14,17.385029827222812,14.168746631618973,116.30083562294314,114.47987437528128,0.4392003133357537,0.6364137040941497,13.218012530406073,8.390818696040345,0,0,Gujarat Titans,0,188,191,6,3,wickets,0,7
1312198,2022-05-25,2022,Kolkata,"Eden Gardens, Kolkata",Royal Challengers Bangalore,Lucknow Super Giants,Lucknow Super Giants,field,0.4457831325301205,0.6428571428571429,0.6,0.6,156.15662650602408,168.21428571428572,160.89156626506025,163.5,6.168674698795181,5.928571428571429,5.9156626506024095,6.857142857142857,0.5,0.5,1.0,83,14,17.56764238202504,17.44102328481379,119.29297658556796,129.93845048997102,0.601208387572024,0.5667596138771306,8.149469884199467,8.213437251636192,0,0,Royal Challengers Bangalore,1,207,193,4,6,runs,14,0
1312199,2022-05-27,2022,Ahmedabad,"Narendra Modi Stadium, Ahmedabad",Royal Challengers Bangalore,Rajasthan Royals,Rajasthan Royals,field,0.4523809523809524,0.4507042253521127,0.8,0.6,156.76190476190476,164.0281690140845,161.27380952380952,167.46478873239437,6.142857142857143,6.253521126760563,5.916666666666667,5.253521126760563,0.5,0.5,0.0,84,71,18.2591026465608,17.280239534129024,121.03977366010132,116.09852916089191,0.6015653550517643,0.4342403067946546,8.206221776108686,13.236906652637172,0,0,Rajasthan Royals,0,157,161,8,3,wickets,0,7
1312200,2022-05-29,2022,Ahmedabad,"Narendra Modi Stadium, Ahmedabad",Rajasthan Royals,Gujarat Titans,Rajasthan Royals,bat,0.4583333333333333,0.7333333333333333,0.6,0.6,163.98611111111111,168.66666666666666,167.31944444444446,160.26666666666668,6.208333333333333,5.266666666666667,5.291666666666667,6.133333333333334,1.0,0.5,0.0,72,15,17.273969020584897,15.117435077360453,116.11842567124492,120.02932733350664,0.4369900796139351,0.6133100996991327,13.23556724609015,8.385201662928571,1,1,Gujarat Titans,0,130,133,9,3,wickets,0,7
1359475,2023-03-31,2023,Ahmedabad,"Narendra Modi Stadium, Ahmedabad",Chennai Super Kings,Gujarat Titans,Gujarat Titans,field,0.5454545454545454,0.75,0.2,0.8,162.25974025974023,166.4375,159.4025974025974,158.375,5.207792207792208,5.125,6.103896103896104,6.3125,0.5,1.0,0.0,77,16,20.38232316092068,16.526866008147955,137.27604310461166,116.61145208278111,0.4338702484194288,0.6042654176864022,8.432379159195735,8.925489640764493,0,0,Gujarat Titans,0,178,182,7,5,wickets,0,5
1359476,2023-04-01,2023,Chandigarh,"Punjab Cricket Association IS Bindra Stadium, Mohali, Chandigarh",Punjab Kings,Kolkata Knight Riders,Kolkata Knight Riders,field,0.4642857142857143,0.5056179775280899,0.6,0.6,160.46428571428572,161.37078651685394,156.03571428571428,161.26966292134833,6.428571428571429,6.314606741573034,5.785714285714286,5.595505617977528,0.5,0.5,0.0,28,89,14.257773386034252,13.236887621735274,118.49759346585024,114.06764572757956,0.5042397408621317,0.6967695293436226,8.451682234163231,8.922302828865867,0,0,Punjab Kings,1,191,146,5,7,runs,7,0
1359477,2023-04-01,2023,Lucknow,"Bharat Ratna Shri Atal Bihari Vajpayee Ekana Cricket Stadium, Lucknow",Lucknow Super Giants,Delhi Capitals,Delhi Capitals,field,0.6,0.55,0.4,0.6,169.86666666666667,160.38333333333333,166.4,161.53333333333333,5.933333333333334,5.883333333333334,6.666666666666667,6.316666666666666,0.5,0.5,1.0,15,60,14.377577327913684,15.813428362573095,122.92252027165524,115.53614342636168,0.5919811640986807,0.4968724012474012,8.793184634922477,11.216143532129148,0,0,Lucknow Super Giants,1,193,143,6,9,runs,50,0
1359478,2023-04-02,2023,Hyderabad,"Rajiv Gandhi International Stadium, Uppal, Hyderabad",Rajasthan Royals,Sunrisers Hyderabad,Sunrisers Hyderabad,field,0.4520547945205479,0.4712643678160919,0.6,0.2,163.5205479452055,159.06896551724137,166.84931506849315,158.5977011494253,6.2465753424657535,5.528735632183908,5.260273972602739,6.172413793103448,0.5,0.5,0.3333333333333333,73,87,18.181020788178795,10.693034627092846,125.02823806425904,98.71423045550588,0.5003228725343906,0.6126928815004262,13.169726920424456,9.415551042337208,0,0,Rajasthan Royals,1,203,131,5,8,runs,72,0
1359479,2023-04-02,2023,Bengaluru,"M Chinnaswamy Stadium, Bengaluru",Mumbai Indians,Royal Challengers Bangalore,Royal Challengers Bangalore,field,0.5632183908045977,0.4470588235294118,0.6,0.6,163.29885057471265,156.76470588235293,158.10344827586206,161.27058823529413,6.022988505747127,6.1647058823529415,6.195402298850575,5.882352941176471,0.5,0.5,0.6,87,85,20.878614267676767,16.175598859383776,134.1633991914575,112.65972258606608,0.3240418118466899,0.6413789913789913,8.506525241796616,8.804807132162876,0,0,Royal Challengers Bangalore,0,171,172,7,2,wickets,0,8
1359480,2023-04-03,2023,Chennai,"MA Chidambaram Stadium, Chepauk, Chennai",Chennai Super Kings,Lucknow Super Giants,Lucknow Super Giants,field,0.5384615384615384,0.625,0.2,0.4,162.46153846153845,171.3125,159.69230769230768,164.9375,5.230769230769231,5.9375,6.089743589743589,6.8125,0.5,0.5,0.0,78,16,19.94067151025531,20.136199095022626,136.61480725418298,129.59907469368952,0.4318454009314225,0.7256866119189611,8.527853624555206,8.039832508452928,0,0,Chennai Super Kings,1,217,205,7,7,runs,12,0
1359481,2023-04-04,2023,Delhi,"Arun Jaitley Stadium, Delhi",Delhi Capitals,Gujarat Titans,Gujarat Titans,field,0.5409836065573771,0.7647058823529411,0.4,0.8,160.0983606557377,167.35294117647058,162.04918032786884,159.52941176470588,5.934426229508197,5.117647058823529,6.311475409836065,6.352941176470588,0.5,0.5,0.5,61,17,14.723474667630557,15.974363722173903,97.77297944909498,117.10533621101013,0.4975032396479135,0.599893673577884,10.277093597995158,8.49710089517128,0,0,Gujarat Titans,0,162,163,8,4,wickets,0,6
1359482,2023-04-05,2023,Guwahati,"Barsapara Cricket Stadium, Guwahati",Punjab Kings,Rajasthan Royals,Rajasthan Royals,field,0.4827586206896552,0.4594594594594595,0.6,0.6,161.51724137931035,164.05405405405406,155.68965517241378,166.36486486486487,6.379310344827586,6.22972972972973,5.827586206896552,5.297297297297297,0.5,0.5,0.5,29,74,14.784291110935849,18.2618015191208,120.29641656023163,125.1196416368781,0.5375022171897171,0.5027349420527831,8.544644727723746,13.136420504938728,0,0,Punjab Kings,1,197,192,5,7,runs,5,0
1359483,2023-04-06,2023,Kolkata,"Eden Gardens, Kolkata",Kolkata Knight Riders,Royal Challengers Bangalore,Royal Challengers Bangalore,field,0.5,0.4534883720930232,0.4,0.6,161.2,156.9418604651163,161.6,161.38372093023256,6.322222222222222,6.116279069767442,5.588888888888889,5.895348837209302,0.5,1.0,0.3333333333333333,90,86,15.175922408298566,15.429342870701452,126.871510429313,107.7029425401714,0.6380620857438621,0.5650946708802637,9.11988967015192,8.69607609800687,0,0,Kolkata Knight Riders,1,204,123,7,10,runs,81,0
1359484,2023-04-07,2023,Lucknow,"Bharat Ratna Shri Atal Bihari Vajpayee Ekana Cricket Stadium, Lucknow",Sunrisers Hyderabad,Lucknow Super Giants,Sunrisers Hyderabad,bat,0.4659090909090909,0.5882352941176471,0.2,0.4,158.75,173.2941176470588,159.10227272727272,168.0,5.556818181818182,6.0,6.159090909090909,6.823529411764706,0.5,1.0,0.5,88,17,12.651567127956255,21.106221734334188,109.51164192489256,131.1035180746124,0.4721466364323507,0.6100066011689971,9.50439668688134,8.425392305446017,1,1,Lucknow Super Giants,0,121,127,8,5,wickets,0,5
1359485,2023-04-08,2023,Guwahati,"Barsapara Cricket Stadium, Guwahati",Rajasthan Royals,Delhi Capitals,Delhi Capitals,field,0.4533333333333333,0.532258064516129,0.4,0.4,164.42666666666668,160.1290322580645,166.77333333333334,162.06451612903226,6.24,5.967741935483871,5.293333333333333,6.274193548387097,0.0,0.5,0.25,75,62,16.07485814395527,15.493863225499362,125.85567676924846,107.08690031963626,0.5772436272181994,0.4394846656611362,11.81961202674825,9.86694162993161,0,0,Rajasthan Royals,1,199,142,4,9,runs,57,0
1359486,2023-04-08,2023,Mumbai,"Wankhede Stadium, Mumbai",Mumbai Indians,Chennai Super Kings,Chennai Super Kings,field,0.5568181818181818,0.5443037974683544,0.4,0.2,163.38636363636363,163.15189873417722,158.26136363636363,160.26582278481013,6.034090909090909,5.253164556962025,6.1477272727272725,6.10126582278481,0.5,0.4444444444444444,0.5,88,79,16.136386013253283,19.035944208127148,119.07806701826432,137.058812487167,0.4036796536796537,0.4082381033600546,10.143587169663755,9.029947741807453,0,0,Chennai Super Kings,0,157,159,8,3,wickets,0,7
1359487,2023-04-09,2023,Ahmedabad,"Narendra Modi Stadium, Ahmedabad",Gujarat Titans,Kolkata Knight Riders,Gujarat Titans,bat,0.7777777777777778,0.5054945054945055,0.8,0.6,167.11111111111111,161.67032967032966,159.66666666666666,161.17582417582418,5.055555555555555,6.329670329670329,6.444444444444445,5.637362637362638,1.0,0.5,1.0,18,91,15.815841830803466,17.620845322465104,116.70081635553446,132.62383707904962,0.5234618927982773,0.6374810077389116,8.450676023712031,8.549972051278807,1,1,Kolkata Knight Riders,0,204,207,4,7,wickets,0,3
1359488,2023-04-09,2023,Hyderabad,"Rajiv Gandhi International Stadium, Uppal, Hyderabad",Punjab Kings,Sunrisers Hyderabad,Sunrisers Hyderabad,field,0.5,0.4606741573033708,0.8,0.2,162.7,158.32584269662922,156.9,158.74157303370785,6.333333333333333,5.584269662921348,5.866666666666666,6.146067415730337,0.5,0.0,0.3333333333333333,30,89,14.112920289855072,11.037374517023972,120.09616561896546,108.586094722794,0.5484440846845193,0.5389695215417972,8.688549713397522,8.851843722857357,0,0,Sunrisers Hyderabad,0,143,145,9,2,wickets,0,8
1359489,2023-04-10,2023,Bengaluru,"M Chinnaswamy Stadium, Bengaluru",Royal Challengers Bangalore,Lucknow Super Giants,Lucknow Super Giants,field,0.4482758620689655,0.6111111111111112,0.6,0.6,156.55172413793105,170.72222222222223,161.8735632183908,165.38888888888889,6.160919540229885,5.944444444444445,5.908045977011494,6.888888888888889,1.0,0.5,1.0,87,18,16.996785270582063,17.197342052183895,119.57385450612212,134.86561070232312,0.5034821575845129,0.7994569478247175,8.17577289963903,8.25842788086714,0,0,Lucknow Super Giants,0,212,213,2,9,wickets,0,1
1359490,2023-04-11,2023,Delhi,"Arun Jaitley Stadium, Delhi",Delhi Capitals,Mumbai Indians,Mumbai Indians,field,0.5238095238095238,0.550561797752809,0.2,0.4,159.84126984126985,163.31460674157304,162.65079365079364,158.26966292134833,6.015873015873016,6.056179775280899,6.238095238095238,6.112359550561798,0.0,1.0,0.2,63,89,15.103294220399484,17.460234271764207,107.4123331400298,119.2716108485324,0.5397429961097194,0.2790233022791162,9.197068651916569,9.864267812388112,0,0,Mumbai Indians,0,172,173,10,4,wickets,0,6
1359491,2023-04-12,2023,Chennai,"MA Chidambaram Stadium, Chepauk, Chennai",Rajasthan Royals,Chennai Super Kings,Chennai Super Kings,field,0.4605263157894737,0.55,0.6,0.4,164.8815789473684,163.1,166.44736842105263,160.225,6.2105263157894735,5.225,5.342105263157895,6.125,0.5,1.0,0.5,76,80,16.08586937262493,20.90837337656792,117.50286626227452,134.7924939828199,0.5675159911114968,0.3988711119782775,12.11648619279506,8.679475488392885,0,0,Rajasthan Royals,1,175,172,8,6,runs,3,0
1359492,2023-04-13,2023,Chandigarh,"Punjab Cricket Association IS Bindra Stadium, Mohali, Chandigarh",Punjab Kings,Gujarat Titans,Gujarat Titans,field,0.4838709677419355,0.7368421052631579,0.6,0.8,162.06451612903226,169.05263157894737,156.51612903225808,162.1578947368421,6.419354838709677,5.0,5.741935483870968,6.473684210526316,1.0,0.5,0.0,31,19,13.655110066759322,16.863270788249974,113.55507598854716,125.98957211780922,0.5077477714732616,0.6110250936848876,8.46986676118844,8.423025320442026,0,0,Gujarat Titans,0,153,154,8,4,wickets,0,6
1359493,2023-04-14,2023,Kolkata,"Eden Gardens, Kolkata",Sunrisers Hyderabad,Kolkata Knight Riders,Kolkata Knight Riders,field,0.4666666666666667,0.5108695652173914,0.4,0.6,158.17777777777778,162.16304347826087,158.56666666666666,161.6413043478261,5.544444444444444,6.336956521739131,6.177777777777778,5.619565217391305,0.5,1.0,0.2857142857142857,90,92,12.012768768326042,16.950954023124588,111.88577635958072,133.241266236364,0.5505881143748791,0.6318064026270352,8.71143653029267,8.574933819584318,0,0,Sunrisers Hyderabad,1,228,205,4,7,runs,23,0
1359495,2023-04-15,2023,Lucknow,"Bharat Ratna Shri Atal Bihari Vajpayee Ekana Cricket Stadium, Lucknow",Lucknow Super Giants,Punjab Kings,Punjab Kings,field,0.631578947368421,0.46875,0.6,0.6,172.94736842105263,161.78125,167.8421052631579,156.4375,6.105263157894737,6.46875,6.631578947368421,5.6875,1.0,0.5,1.0,19,32,17.080520743068757,11.909454367143155,140.16203113261628,118.01223562677538,0.6990545203852646,0.5731090113510303,8.26495439829106,8.518568983084727,0,0,Punjab Kings,0,159,161,8,8,wickets,0,2
1359494,2023-04-15,2023,Bengaluru,"M Chinnaswamy Stadium, Bengaluru",Royal Challengers Bangalore,Delhi Capitals,Delhi Capitals,field,0.4431818181818182,0.515625,0.4,0.0,157.1818181818182,160.03125,162.45454545454547,162.8125,6.113636363636363,6.078125,5.943181818181818,6.203125,0.5,0.5,0.5,88,64,17.28633925958443,14.48334970329079,121.51246451654715,106.65331319480684,0.5148764546468995,0.4573474520551133,8.278778744668541,9.206138720444232,0,0,Royal Challengers Bangalore,1,174,151,6,9,runs,23,0
1359497,2023-04-16,2023,Ahmedabad,"Narendra Modi Stadium, Ahmedabad",Gujarat Titans,Rajasthan Royals,Rajasthan Royals,field,0.75,0.4675324675324675,0.8,0.6,168.3,165.01298701298705,161.7,166.5194805194805,4.95,6.233766233766234,6.55,5.35064935064935,0.6666666666666666,0.5,1.0,20,77,16.565889690415215,16.090563398184013,127.60485038841286,123.76998055275745,0.5574923251408472,0.457357850808555,8.376114743034849,12.294916206347445,0,0,Rajasthan Royals,0,177,179,7,7,wickets,0,3
1359496,2023-04-16,2023,Mumbai,"Wankhede Stadium, Mumbai",Kolkata Knight Riders,Mumbai Indians,Mumbai Indians,field,0.5053763440860215,0.5555555555555556,0.4,0.4,162.6236559139785,163.42222222222222,162.3548387096774,158.42222222222222,6.344086021505376,6.033333333333333,5.602150537634409,6.155555555555556,0.5,0.4,0.4,93,90,16.66767895112635,18.65104021988904,134.58217013055236,121.01508666871295,0.6284766110300869,0.2617424242424242,8.616730548132159,9.201863144310195,0,0,Mumbai Indians,0,185,186,6,5,wickets,0,5
1359498,2023-04-17,2023,Bengaluru,"M Chinnaswamy Stadium, Bengaluru",Chennai Super Kings,Royal Challengers Bangalore,Royal Challengers Bangalore,field,0.5432098765432098,0.449438202247191,0.4,0.4,163.20987654320987,157.37078651685394,160.40740740740742,162.32584269662922,5.234567901234568,6.112359550561798,6.148148148148148,5.977528089887641,0.5,0.6666666666666666,1.0,81,89,20.960281296572283,17.37299520551543,134.5803527972611,123.114404509749,0.3977472527472527,0.5107940224367918,8.702105200709308,8.307176388683617,0,0,Chennai Super Kings,1,226,218,6,8,runs,8,0
1359499,2023-04-18,2023,Hyderabad,"Rajiv Gandhi International Stadium, Uppal, Hyderabad",Mumbai Indians,Sunrisers Hyderabad,Sunrisers Hyderabad,field,0.5604395604395604,0.4725274725274725,0.6,0.4,163.67032967032966,158.94505494505495,158.71428571428572,159.07692307692307,6.021978021978022,5.527472527472527,6.153846153846154,6.186813186813187,0.5,0.5,0.7142857142857143,91,91,17.7257941007941,14.713267973856206,120.71964350065704,117.68671797110484,0.2966666666666666,0.4769540138524458,9.185634796629792,9.115674473390262,0,0,Mumbai Indians,1,192,178,5,10,runs,14,0
1359500,2023-04-19,2023,Jaipur,"Sawai Mansingh Stadium, Jaipur",Lucknow Super Giants,Rajasthan Royals,Rajasthan Royals,field,0.6,0.4743589743589743,0.6,0.8,172.25,165.19230769230768,167.5,166.65384615384616,6.2,6.243589743589744,6.7,5.371794871794871,0.5,0.5,0.5,20,78,16.289238870022103,16.673540826395527,118.5076627647958,127.72543699876552,0.7129086002471943,0.5002864204901557,7.825775176243294,12.411103075549764,0,0,Lucknow Super Giants,1,154,144,7,6,runs,10,0
1359501,2023-04-20,2023,Chandigarh,"Punjab Cricket Association IS Bindra Stadium, Mohali, Chandigarh",Royal Challengers Bangalore,Punjab Kings,Punjab Kings,field,0.4444444444444444,0.4848484848484848,0.4,0.6,158.04444444444445,161.75757575757575,163.03333333333333,156.5151515151515,6.133333333333334,6.515151515151516,5.977777777777778,5.757575757575758,0.5,0.5,0.5,90,33,16.022936653938466,13.095837681049352,116.51977302408518,110.44885658072712,0.6139463019250253,0.4405222882357029,8.53792903430254,8.093128833884167,0,0,Royal Challengers Bangalore,1,174,150,4,10,runs,24,0
1359502,2023-04-20,2023,Delhi,"Arun Jaitley Stadium, Delhi",Kolkata Knight Riders,Delhi Capitals,Delhi Capitals,field,0.5,0.5076923076923077,0.4,0.0,162.86170212765958,159.8923076923077,162.60638297872342,162.98461538461538,6.340425531914893,6.123076923076923,5.595744680851064,6.2,0.5,0.0,0.25,94,65,16.531672115118642,15.306483753294604,123.95714822290871,116.79397703580672,0.5550110525993263,0.5730092042345006,8.915243746532932,9.339349836179156,0,0,Delhi Capitals,0,127,128,10,6,wickets,0,4
1359503,2023-04-21,2023,Chennai,"MA Chidambaram Stadium, Chepauk, Chennai",Sunrisers Hyderabad,Chennai Super Kings,Chennai Super Kings,field,0.4673913043478261,0.5487804878048781,0.4,0.6,159.15217391304347,163.97560975609755,159.43478260869566,161.109756097561,5.576086956521739,5.243902439024391,6.173913043478261,6.170731707317073,0.25,0.5,0.1428571428571428,92,82,15.151650622105167,21.35995286311909,130.15338036372128,135.73598435054822,0.5174456577758465,0.4123824215000685,8.7660405768141,8.788297055096717,0,0,Chennai Super Kings,0,134,138,7,3,wickets,0,7
1359504,2023-04-22,2023,Lucknow,"Bharat Ratna Shri Atal Bihari Vajpayee Ekana Cricket Stadium, Lucknow",Gujarat Titans,Lucknow Super Giants,Gujarat Titans,bat,0.7142857142857143,0.6190476190476191,0.6,0.6,168.71428571428572,171.38095238095238,162.52380952380952,166.38095238095238,5.047619047619048,6.238095238095238,6.571428571428571,6.666666666666667,0.5,0.6666666666666666,1.0,21,21,16.559429614967794,16.806144686045297,131.41709027521725,153.3243914941134,0.5151710800719701,0.5336165508331936,8.218552593289967,7.943164379124649,1,1,Gujarat Titans,1,135,128,6,7,runs,7,0
1359505,2023-04-22,2023,Mumbai,"Wankhede Stadium, Mumbai",Punjab Kings,Mumbai Indians,Mumbai Indians,field,0.4705882352941176,0.5652173913043478,0.4,0.6,161.41176470588235,163.97826086956522,157.02941176470588,158.92391304347825,6.617647058823529,6.010869565217392,5.705882352941177,6.195652173913044,0.4285714285714285,0.5,0.5,34,92,12.72817296508066,19.748255630296107,117.74069962972771,138.06407025022844,0.4383528265107212,0.331256038647343,8.13759220506987,8.796254229999812,0,0,Punjab Kings,1,214,201,8,6,runs,13,0
1359507,2023-04-23,2023,Kolkata,"Eden Gardens, Kolkata",Chennai Super Kings,Kolkata Knight Riders,Kolkata Knight Riders,field,0.5542168674698795,0.4947368421052631,0.8,0.4,163.66265060240963,162.4842105263158,160.78313253012047,162.2421052631579,5.216867469879518,6.378947368421053,6.180722891566265,5.6,0.5,0.5,0.5,83,95,21.598944293440677,18.084593239005,135.39836357994233,128.72945231633162,0.402717541486685,0.5497462333755545,8.736220092204903,8.364247635190104,0,0,Chennai Super Kings,1,235,186,4,8,runs,49,0
1359506,2023-04-23,2023,Bengaluru,"M Chinnaswamy Stadium, Bengaluru",Royal Challengers Bangalore,Rajasthan Royals,Rajasthan Royals,field,0.4505494505494505,0.4683544303797468,0.4,0.6,158.21978021978023,164.9240506329114,162.8901098901099,166.49367088607596,6.1098901098901095,6.2405063291139244,6.021978021978022,5.39240506329114,0.5,0.5,0.0,91,79,16.951817764598815,16.63991163601215,119.69492582887436,127.3298485104216,0.5172444545118964,0.5290059909971992,8.21937486189119,12.690717864101044,0,0,Royal Challengers Bangalore,1,189,182,9,6,runs,7,0
1359508,2023-04-24,2023,Hyderabad,"Rajiv Gandhi International Stadium, Uppal, Hyderabad",Delhi Capitals,Sunrisers Hyderabad,Delhi Capitals,bat,0.5151515151515151,0.4623655913978494,0.2,0.4,159.4090909090909,158.88172043010752,162.43939393939394,159.20430107526883,6.121212121212121,5.591397849462366,6.257575757575758,6.139784946236559,0.5,0.3333333333333333,0.75,66,93,13.185342504372358,14.004565749075931,116.93519491601332,120.5306060903897,0.474008035849288,0.5476675562092229,10.13967553342823,8.809253770294669,1,1,Delhi Capitals,1,144,137,9,6,runs,7,0
1359509,2023-04-25,2023,Ahmedabad,"Narendra Modi Stadium, Ahmedabad",Gujarat Titans,Mumbai Indians,Mumbai Indians,field,0.7272727272727273,0.5591397849462365,0.6,0.6,167.1818181818182,164.3763440860215,160.95454545454547,159.51612903225808,5.090909090909091,6.010752688172043,6.590909090909091,6.21505376344086,0.5,0.5,0.5,22,93,16.349667149289935,17.716495428036577,130.7191703807096,116.7232148423764,0.5296121908327955,0.4053280141843972,8.361182365720238,8.789620292561468,0,0,Gujarat Titans,1,207,152,6,9,runs,55,0
1359510,2023-04-26,2023,Bengaluru,"M Chinnaswamy Stadium, Bengaluru",Kolkata Knight Riders,Royal Challengers Bangalore,Royal Challengers Bangalore,field,0.4895833333333333,0.4565217391304347,0.2,0.6,162.72916666666666,158.55434782608697,163.0,163.09782608695653,6.395833333333333,6.141304347826087,5.583333333333333,6.021739130434782,0.5,0.6,0.5,96,92,15.078208258820853,15.165696708217675,113.57317406621904,109.8280708754644,0.4999942050750749,0.5572518552875695,9.041770469357662,8.490869823610097,0,0,Kolkata Knight Riders,1,200,179,5,8,runs,21,0
1359511,2023-04-27,2023,Jaipur,"Sawai Mansingh Stadium, Jaipur",Rajasthan Royals,Chennai Super Kings,Rajasthan Royals,bat,0.4625,0.5595238095238095,0.6,0.8,165.1375,164.51190476190476,166.775,161.08333333333334,6.2375,5.2023809523809526,5.4375,6.2023809523809526,0.0,0.5,0.6666666666666666,80,84,15.529734382755215,21.84851006042364,114.833266148469,136.14477237971954,0.4663458405393889,0.4166540356195528,12.063089349634833,8.767638633263863,1,1,Rajasthan Royals,1,202,170,5,6,runs,32,0
1359512,2023-04-28,2023,Chandigarh,"Punjab Cricket Association IS Bindra Stadium, Mohali, Chandigarh",Lucknow Super Giants,Punjab Kings,Punjab Kings,field,0.5909090909090909,0.4857142857142857,0.6,0.4,169.4090909090909,162.9142857142857,164.95454545454547,158.28571428571428,6.2727272727272725,6.6571428571428575,6.636363636363637,5.714285714285714,0.5,0.3333333333333333,0.5,22,35,17.77525168095321,15.929090853302036,127.6588869929036,128.75393534963635,0.5865402983832928,0.5323050445832049,7.927074578527208,8.921557318801725,0,0,Lucknow Super Giants,1,257,201,5,10,runs,56,0
1359513,2023-04-29,2023,Kolkata,"Eden Gardens, Kolkata",Kolkata Knight Riders,Gujarat Titans,Gujarat Titans,field,0.4948453608247423,0.7391304347826086,0.2,0.6,163.11340206185568,168.91304347826087,163.16494845360825,160.56521739130434,6.381443298969073,5.130434782608695,5.608247422680412,6.695652173913044,0.3333333333333333,1.0,0.5,97,23,15.416638750751437,16.62873235017546,140.7390095107989,131.96987825522746,0.4936666924337816,0.5328788193888977,9.252703483923112,8.34980552206723,0,0,Gujarat Titans,0,179,180,7,3,wickets,0,7
1359514,2023-04-29,2023,Delhi,"Arun Jaitley Stadium, Delhi",Sunrisers Hyderabad,Delhi Capitals,Sunrisers Hyderabad,bat,0.4574468085106383,0.5223880597014925,0.4,0.4,158.64893617021278,159.17910447761193,159.04255319148936,162.0597014925373,5.595744680851064,6.164179104477612,6.170212765957447,6.253731343283582,0.0,0.3333333333333333,0.5,94,67,14.734822068590724,13.484733588881248,123.09952759981569,112.55457232354348,0.4734695351686198,0.4558800219711236,9.402282717804813,9.78073614630095,1,1,Sunrisers Hyderabad,1,197,188,6,6,runs,9,0
1359515,2023-04-30,2023,Chennai,"MA Chidambaram Stadium, Chepauk, Chennai",Chennai Super Kings,Punjab Kings,Chennai Super Kings,bat,0.5529411764705883,0.4722222222222222,0.6,0.4,164.57647058823528,163.97222222222223,161.56470588235294,161.02777777777777,5.211764705882353,6.75,6.188235294117647,5.694444444444445,0.6666666666666666,0.5,0.0,85,36,21.707490334868385,16.706010972772432,136.03208448267458,130.0501890876672,0.4192908254536161,0.524951116052811,8.75734868761701,8.962271079849414,1,1,Punjab Kings,0,200,201,4,6,wickets,0,4
1359516,2023-04-30,2023,Mumbai,"Wankhede Stadium, Mumbai",Rajasthan Royals,Mumbai Indians,Rajasthan Royals,bat,0.4691358024691358,0.5531914893617021,0.6,0.6,165.59259259259258,164.24468085106383,166.8148148148148,160.0212765957447,6.222222222222222,6.042553191489362,5.444444444444445,6.212765957446808,0.5,0.4285714285714285,0.25,81,94,15.859580665486297,16.74018454627014,118.49000218020052,119.07066677018597,0.5618048088660088,0.5020496527849468,12.218105714021805,9.452833874244975,1,1,Mumbai Indians,0,212,214,7,4,wickets,0,6
1359517,2023-05-01,2023,Lucknow,"Bharat Ratna Shri Atal Bihari Vajpayee Ekana Cricket Stadium, Lucknow",Royal Challengers Bangalore,Lucknow Super Giants,Royal Challengers Bangalore,bat,0.4516129032258064,0.6086956521739131,0.6,0.6,158.7741935483871,173.2173913043478,163.49462365591398,166.52173913043478,6.161290322580645,6.217391304347826,6.010752688172043,6.782608695652174,0.5,0.5,0.6666666666666666,93,23,15.210327454349192,18.668988499331896,117.15955600409738,131.7249906452483,0.5929342336407554,0.5002988157912919,8.284285368660301,7.780781690375367,1,1,Royal Challengers Bangalore,1,126,108,9,10,runs,18,0
1359518,2023-05-02,2023,Ahmedabad,"Narendra Modi Stadium, Ahmedabad",Delhi Capitals,Gujarat Titans,Delhi Capitals,bat,0.5147058823529411,0.75,0.4,0.8,159.60294117647058,169.375,162.5735294117647,161.33333333333334,6.161764705882353,5.041666666666667,6.25,6.708333333333333,0.6666666666666666,0.6,0.0,68,24,13.664577148128942,16.727058548856284,114.91012318549446,132.328422250855,0.4325232894677339,0.5291318555520037,9.15938796781376,8.374679571295873,1,1,Delhi Capitals,1,130,125,8,6,runs,5,0
1359520,2023-05-03,2023,Chandigarh,"Punjab Cricket Association IS Bindra Stadium, Mohali, Chandigarh",Punjab Kings,Mumbai Indians,Mumbai Indians,field,0.4864864864864865,0.5578947368421052,0.6,0.6,164.97297297297297,164.76842105263157,162.0810810810811,160.56842105263158,6.72972972972973,6.021052631578947,5.648648648648648,6.221052631578948,0.25,0.5,0.6666666666666666,37,95,14.7349868059572,18.58779055169429,121.70053996067152,136.02828517758115,0.510118163426987,0.444377990430622,8.447586262254882,9.436010304252044,0,0,Mumbai Indians,0,214,216,3,4,wickets,0,6
1359521,2023-05-04,2023,Hyderabad,"Rajiv Gandhi International Stadium, Uppal, Hyderabad",Kolkata Knight Riders,Sunrisers Hyderabad,Kolkata Knight Riders,bat,0.4897959183673469,0.4631578947368421,0.2,0.4,163.27551020408163,159.05263157894737,163.33673469387756,159.34736842105264,6.387755102040816,5.6,5.581632653061225,6.168421052631579,0.5,0.25,0.5,98,95,15.777558688621165,13.903463148987743,119.12482397470647,115.95558790935036,0.5874560228072717,0.4911314252329317,8.559924448035472,9.399938704256808,1,1,Kolkata Knight Riders,1,171,166,9,8,runs,5,0
1359522,2023-05-05,2023,Jaipur,"Sawai Mansingh Stadium, Jaipur",Rajasthan Royals,Gujarat Titans,Rajasthan Royals,bat,0.4634146341463415,0.72,0.4,0.6,166.15853658536585,167.6,167.390243902439,160.08,6.2317073170731705,5.08,5.426829268292683,6.76,0.5,0.5,0.0,82,25,16.376983909962778,16.688893232732333,124.59693014839256,130.428664816755,0.4730473430296683,0.5346081499926126,12.32001272460535,8.356347909763981,1,1,Gujarat Titans,0,118,119,10,1,wickets,0,9
1359524,2023-05-06,2023,Delhi,"Arun Jaitley Stadium, Delhi",Royal Challengers Bangalore,Delhi Capitals,Royal Challengers Bangalore,bat,0.4574468085106383,0.5217391304347826,0.6,0.6,158.4255319148936,159.17391304347825,162.90425531914894,162.02898550724638,6.191489361702128,6.188405797101449,6.053191489361702,6.246376811594203,0.5,0.25,0.6,94,69,15.353302240689,14.000752870318085,116.6504204883502,110.3683466394026,0.5953730936819172,0.4750010754075795,8.163947953818495,9.283900887559447,1,1,Delhi Capitals,0,181,187,4,3,wickets,0,7
1359523,2023-05-06,2023,Chennai,"MA Chidambaram Stadium, Chepauk, Chennai",Mumbai Indians,Chennai Super Kings,Chennai Super Kings,field,0.5625,0.5465116279069767,0.6,0.6,165.30208333333334,164.98837209302326,161.125,162.02325581395348,6.0,5.197674418604652,6.1875,6.186046511627907,0.4,0.5,0.4285714285714285,96,86,17.445205323382602,20.674037242508533,134.7299401318849,136.70069769394397,0.3806324786324786,0.4676355490355746,10.180639765219745,8.677471092393796,0,0,Chennai Super Kings,0,139,140,8,4,wickets,0,6
1359525,2023-05-07,2023,Ahmedabad,"Narendra Modi Stadium, Ahmedabad",Gujarat Titans,Lucknow Super Giants,Lucknow Super Giants,field,0.7307692307692307,0.5833333333333334,0.8,0.4,165.73076923076923,170.5,158.46153846153845,164.83333333333334,4.923076923076923,6.375,6.884615384615385,6.875,0.5,0.5,1.0,26,24,15.682275223948723,15.485172185085208,127.72758749969304,127.3491626805968,0.5917089635481196,0.5757251660994976,8.461227053878961,7.757517777207236,0,0,Gujarat Titans,1,227,171,2,7,runs,56,0
1359526,2023-05-07,2023,Jaipur,"Sawai Mansingh Stadium, Jaipur",Rajasthan Royals,Sunrisers Hyderabad,Rajasthan Royals,bat,0.4578313253012048,0.4583333333333333,0.2,0.2,165.57831325301206,159.125,166.80722891566265,159.46875,6.27710843373494,5.625,5.373493975903615,6.197916666666667,0.3333333333333333,0.5,0.4285714285714285,83,96,14.459394246069875,13.19818316923783,115.95240225551544,112.74703895441066,0.5496683100849767,0.5174639358462888,11.9107535691739,9.430568298824705,1,1,Sunrisers Hyderabad,0,214,217,2,6,wickets,0,4
1359527,2023-05-08,2023,Kolkata,"Eden Gardens, Kolkata",Punjab Kings,Kolkata Knight Riders,Punjab Kings,bat,0.4736842105263157,0.494949494949495,0.4,0.4,166.26315789473685,163.35353535353536,163.5,163.36363636363637,6.631578947368421,6.414141414141414,5.605263157894737,5.606060606060606,0.5,0.25,0.3333333333333333,38,99,15.397361864184242,16.6478653455081,123.13988829111533,123.0384360726861,0.5126818827998522,0.5770185585730124,8.792754352119342,8.736877466178477,1,1,Kolkata Knight Riders,0,179,182,7,5,wickets,0,5
1359528,2023-05-09,2023,Mumbai,"Wankhede Stadium, Mumbai",Royal Challengers Bangalore,Mumbai Indians,Mumbai Indians,field,0.4526315789473684,0.5567010309278351,0.6,0.4,158.66315789473686,165.03092783505156,163.1578947368421,160.90721649484536,6.168421052631579,6.020618556701031,6.021052631578947,6.164948453608248,0.8333333333333334,0.5,0.4,95,97,15.460881974306895,17.36454991645781,119.95975475211056,122.46944639737497,0.5816313638052769,0.4478386809269162,8.537330500537719,9.454431927244466,0,0,Mumbai Indians,0,199,200,6,4,wickets,0,6
1359529,2023-05-10,2023,Chennai,"MA Chidambaram Stadium, Chepauk, Chennai",Chennai Super Kings,Delhi Capitals,Chennai Super Kings,bat,0.5517241379310345,0.5285714285714286,0.6,0.8,164.70114942528735,159.57142857142858,161.75862068965515,162.3,5.183908045977011,6.142857142857143,6.206896551724138,6.214285714285714,0.6,1.0,0.4,87,70,20.64345957172395,16.85240523231789,136.45276292145311,117.82582140519251,0.4651955071072718,0.4671117661692865,8.620130526323337,8.963635826132478,1,1,Chennai Super Kings,1,167,140,8,8,runs,27,0
1359530,2023-05-11,2023,Kolkata,"Eden Gardens, Kolkata",Kolkata Knight Riders,Rajasthan Royals,Rajasthan Royals,field,0.5,0.4523809523809524,0.6,0.2,163.54,166.1547619047619,163.52,167.4047619047619,6.4,6.226190476190476,5.62,5.380952380952381,0.4,0.0,0.6666666666666666,100,84,16.821972670875493,16.988992855556322,128.82398796181025,128.82713114449092,0.6290783760390029,0.4777601090156867,8.46769600451205,13.521658003888144,0,0,Rajasthan Royals,0,149,151,8,1,wickets,0,9
1359531,2023-05-12,2023,Mumbai,"Wankhede Stadium, Mumbai",Mumbai Indians,Gujarat Titans,Gujarat Titans,field,0.5612244897959183,0.7407407407407407,0.6,0.8,165.3877551020408,168.0,161.29591836734693,158.92592592592592,6.0,4.814814814814815,6.163265306122449,6.888888888888889,0.5555555555555556,0.75,1.0,98,27,16.51761408955265,15.84504314286849,118.38636715868284,128.1917865918069,0.4250724023451296,0.5926901034026603,9.47399601744836,8.454747462834908,0,0,Mumbai Indians,1,218,191,5,8,runs,27,0
1359532,2023-05-13,2023,Hyderabad,"Rajiv Gandhi International Stadium, Uppal, Hyderabad",Sunrisers Hyderabad,Lucknow Super Giants,Sunrisers Hyderabad,bat,0.4639175257731959,0.56,0.4,0.4,159.72164948453607,170.52,160.03092783505156,167.32,5.628865979381444,6.4,6.154639175257732,6.68,0.2,0.5,0.0,97,25,13.600862033994565,14.000571099168814,111.70923045969302,145.62883450431653,0.5038530729728845,0.5569129107046196,9.432335023786338,8.064993849337402,1,1,Lucknow Super Giants,0,182,185,6,3,wickets,0,7
1359533,2023-05-13,2023,Delhi,"Arun Jaitley Stadium, Delhi",Punjab Kings,Delhi Capitals,Delhi Capitals,field,0.4615384615384615,0.5211267605633803,0.4,0.6,166.5897435897436,159.29577464788733,163.97435897435898,162.3661971830986,6.641025641025641,6.169014084507042,5.589743589743589,6.23943661971831,0.5,0.4,0.0,39,71,15.388271335470217,14.949593804658017,124.27490271758272,105.170325573679,0.5501118936860186,0.4906201087008709,9.072048371643284,9.444954876005571,0,0,Punjab Kings,1,167,136,7,8,runs,31,0
1359534,2023-05-14,2023,Jaipur,"Sawai Mansingh Stadium, Jaipur",Royal Challengers Bangalore,Rajasthan Royals,Royal Challengers Bangalore,bat,0.4479166666666667,0.4588235294117647,0.4,0.4,159.08333333333334,165.9764705882353,163.54166666666666,167.18823529411765,6.166666666666667,6.1647058823529415,6.0,5.411764705882353,0.5,0.25,0.3333333333333333,96,85,16.261940693094115,18.10259495134495,116.3731991501253,125.08573031360297,0.6094053221651339,0.4216699450864684,8.849662348327044,13.523709084364352,1,1,Royal Challengers Bangalore,1,171,59,5,10,runs,112,0
1359535,2023-05-14,2023,Chennai,"MA Chidambaram Stadium, Chepauk, Chennai",Chennai Super Kings,Kolkata Knight Riders,Chennai Super Kings,bat,0.5568181818181818,0.495049504950495,0.6,0.6,164.72727272727272,163.3960396039604,161.51136363636363,163.3960396039604,5.215909090909091,6.415841584158416,6.227272727272728,5.574257425742574,0.6666666666666666,0.3333333333333333,0.6,88,101,20.076398789519427,16.398188952222164,134.79268074426693,122.70735643503676,0.4530144866113245,0.5737493349786686,8.562928807459931,8.948274238920057,1,1,Kolkata Knight Riders,0,144,147,6,4,wickets,0,6
1359536,2023-05-15,2023,Ahmedabad,"Narendra Modi Stadium, Ahmedabad",Gujarat Titans,Sunrisers Hyderabad,Sunrisers Hyderabad,field,0.7142857142857143,0.4591836734693877,0.6,0.4,168.82142857142858,159.94897959183675,161.03571428571428,160.28571428571428,4.928571428571429,5.63265306122449,6.821428571428571,6.122448979591836,0.5714285714285714,0.5,0.0,28,98,14.996360915683482,13.46269957684592,109.79495168326358,108.996872766179,0.6626505445515538,0.5389400975701285,8.405955650175837,9.425766788138946,0,0,Gujarat Titans,1,188,154,9,9,runs,34,0
1359537,2023-05-16,2023,Lucknow,"Bharat Ratna Shri Atal Bihari Vajpayee Ekana Cricket Stadium, Lucknow",Lucknow Super Giants,Mumbai Indians,Mumbai Indians,field,0.5769230769230769,0.5656565656565656,0.4,0.8,171.07692307692307,165.91919191919192,167.8846153846154,161.59595959595958,6.269230769230769,5.98989898989899,6.653846153846154,6.181818181818182,0.4,0.5,1.0,26,99,16.32081331651224,17.9475528985073,122.24472412943112,125.7916897019906,0.6171316748043091,0.3765526249502055,7.703023277658247,9.700563886778436,0,0,Lucknow Super Giants,1,177,172,4,5,runs,5,0
1359538,2023-05-17,2023,Dharamsala,"Himachal Pradesh Cricket Association Stadium, Dharamsala",Delhi Capitals,Punjab Kings,Punjab Kings,field,0.5138888888888888,0.475,0.4,0.4,158.97222222222223,166.6,162.43055555555554,163.275,6.194444444444445,6.65,6.25,5.65,0.5,0.5,1.0,72,40,12.605081273396488,15.476662350589836,104.61695839567638,124.18221713454882,0.495406389845728,0.5811307823044741,9.511010258504598,8.731007655587032,0,0,Delhi Capitals,1,213,198,2,8,runs,15,0
1359539,2023-05-18,2023,Hyderabad,"Rajiv Gandhi International Stadium, Uppal, Hyderabad",Sunrisers Hyderabad,Royal Challengers Bangalore,Royal Challengers Bangalore,field,0.4545454545454545,0.4536082474226804,0.4,0.4,159.88888888888889,159.20618556701032,160.56565656565655,162.46391752577318,5.666666666666667,6.154639175257732,6.151515151515151,6.041237113402062,0.1666666666666666,0.5,0.8,99,97,14.834466065825088,15.54330961907033,119.4669516741534,114.2935893390364,0.4593183468673665,0.7259109478043093,9.506100732372223,8.500505079438216,0,0,Royal Challengers Bangalore,0,186,187,5,2,wickets,0,8
1359540,2023-05-19,2023,Dharamsala,"Himachal Pradesh Cricket Association Stadium, Dharamsala",Punjab Kings,Rajasthan Royals,Rajasthan Royals,field,0.4634146341463415,0.4534883720930232,0.4,0.2,167.3658536585366,164.7325581395349,164.4878048780488,167.2325581395349,6.682926829268292,6.209302325581396,5.560975609756097,5.406976744186046,0.0,0.5,0.6666666666666666,41,86,15.927653952398709,15.765038002101235,123.73824609706104,118.01201581981844,0.5683699526333454,0.4598791271326481,8.801251461439184,12.520062287290608,0,0,Rajasthan Royals,0,187,189,5,6,wickets,0,4
1359541,2023-05-20,2023,Delhi,"Arun Jaitley Stadium, Delhi",Chennai Super Kings,Delhi Capitals,Chennai Super Kings,bat,0.550561797752809,0.5205479452054794,0.4,0.6,164.4943820224719,159.7123287671233,161.34831460674158,162.91780821917808,5.224719101123595,6.136986301369863,6.202247191011236,6.273972602739726,0.5,0.3333333333333333,0.5,89,73,19.96536121758859,14.411283194246488,134.44697350035975,105.74350034114424,0.4425619752813086,0.509220769823585,8.536362828906578,9.247436792683082,1,1,Chennai Super Kings,1,223,146,3,9,runs,77,0
1359542,2023-05-20,2023,Kolkata,"Eden Gardens, Kolkata",Lucknow Super Giants,Kolkata Knight Riders,Kolkata Knight Riders,field,0.5925925925925926,0.5,0.6,0.6,171.2962962962963,163.23529411764707,168.03703703703704,163.2058823529412,6.185185185185185,6.392156862745098,6.592592592592593,5.578431372549019,0.0,0.3333333333333333,1.0,27,102,14.679598889227297,16.16612797109877,129.8027113497806,122.15333422395878,0.5907683904294244,0.5693339390438564,7.592535291931903,8.899346410931305,0,0,Lucknow Super Giants,1,176,175,8,7,runs,1,0
1359543,2023-05-21,2023,Mumbai,"Wankhede Stadium, Mumbai",Sunrisers Hyderabad,Mumbai Indians,Mumbai Indians,field,0.45,0.56,0.2,0.6,160.15,165.98,160.83,161.75,5.66,5.98,6.11,6.16,0.25,0.6,1.0,100,100,14.221075969951531,16.958596977966973,125.78192137439166,122.1587693810838,0.4150755522706741,0.4655718355718356,8.745884511997438,9.541866600100333,0,0,Mumbai Indians,0,200,201,5,2,wickets,0,8
1359544,2023-05-21,2023,Bengaluru,"M Chinnaswamy Stadium, Bengaluru",Royal Challengers Bangalore,Gujarat Titans,Gujarat Titans,field,0.4591836734693877,0.7241379310344828,0.6,0.6,159.48979591836735,169.48275862068965,162.70408163265307,160.79310344827587,6.112244897959184,5.068965517241379,6.030612244897959,6.896551724137931,0.5,0.5,0.0,98,29,15.96768813646804,13.39026434316885,119.79846549723744,110.91988390079044,0.6734623926113288,0.6382809184677519,8.65668908367908,8.507326395858206,0,0,Gujarat Titans,0,197,198,5,4,wickets,0,6
1370350,2023-05-23,2023,Chennai,"MA Chidambaram Stadium, Chepauk, Chennai",Chennai Super Kings,Gujarat Titans,Gujarat Titans,field,0.5555555555555556,0.7333333333333333,0.6,0.8,165.14444444444445,170.43333333333334,161.17777777777778,162.0,5.2,5.033333333333333,6.233333333333333,6.833333333333333,0.5714285714285714,0.5,0.0,90,30,20.250549053841286,14.280479629627292,135.02736592958155,117.63458600369168,0.4495830471223099,0.6159750541779717,8.487044488443015,8.344388097049817,0,0,Chennai Super Kings,1,172,157,7,10,runs,15,0
1370351,2023-05-24,2023,Chennai,"MA Chidambaram Stadium, Chepauk, Chennai",Mumbai Indians,Lucknow Super Giants,Mumbai Indians,bat,0.5643564356435643,0.6071428571428571,0.6,0.6,166.32673267326732,171.46428571428572,162.12871287128712,168.28571428571428,5.9405940594059405,6.25,6.148514851485149,6.607142857142857,0.3333333333333333,0.0,0.5,101,28,19.812829971159577,15.520764091623256,129.20619196725866,133.11182650721454,0.3581463990554899,0.5937921794600507,9.243675041873132,7.950840741440964,1,1,Mumbai Indians,1,182,101,8,10,runs,81,0
1370352,2023-05-26,2023,Ahmedabad,"Narendra Modi Stadium, Ahmedabad",Gujarat Titans,Mumbai Indians,Mumbai Indians,field,0.7096774193548387,0.5686274509803921,0.6,0.8,170.0,166.4803921568627,162.32258064516128,161.52941176470588,5.193548387096774,5.96078431372549,6.838709677419355,6.186274509803922,0.625,0.0,1.0,31,102,17.075643735637364,17.835906624802337,126.73496451240486,122.84471353155143,0.6163295059091162,0.3610524891774891,8.326058877287357,9.063362791085323,0,0,Gujarat Titans,1,233,171,3,10,runs,62,0
1370353,2023-05-29,2023,Ahmedabad,"Narendra Modi Stadium, Ahmedabad",Gujarat Titans,Chennai Super Kings,Chennai Super Kings,field,0.71875,0.5604395604395604,0.6,0.8,171.96875,165.21978021978023,162.59375,161.13186813186817,5.125,5.21978021978022,6.9375,6.274725274725275,0.6666666666666666,0.0,0.5,32,91,17.245751386804763,20.19317705351302,127.16857261254005,134.98649689464537,0.6164522669807398,0.4557567471073484,8.337729532133912,8.474973067516043,0,0,Chennai Super Kings,0,214,171,4,5,wickets,0,5
1422119,2024-03-22,2024,Chennai,"MA Chidambaram Stadium, Chepauk, Chennai",Royal Challengers Bengaluru,Chennai Super Kings,Royal Challengers Bengaluru,bat,0.5,0.5652173913043478,0.5,0.8,0.0,165.2826086956522,0.0,161.70652173913044,0.0,5.217391304347826,0.0,6.25,0.5,0.625,0.5,0,92,18.953686245970932,15.50877495111381,116.32031097006252,120.57037160066923,0.4672940988181182,0.5189074741048425,9.07675079618528,9.444058263893773,1,1,Chennai Super Kings,0,173,176,6,4,wickets,0,6
1422121,2024-03-23,2024,Kolkata,"Eden Gardens, Kolkata",Kolkata Knight Riders,Sunrisers Hyderabad,Sunrisers Hyderabad,field,0.4951456310679611,0.4455445544554455,0.6,0.2,163.3495145631068,160.54455445544554,163.33009708737865,161.22772277227722,6.398058252427185,5.653465346534653,5.601941747572815,6.069306930693069,0.2857142857142857,1.0,0.5714285714285714,103,101,18.18915459048536,15.151214401743673,127.86433740464584,123.54726753191248,0.654194705973144,0.5569301803237546,8.51656680481118,9.453867343269494,0,0,Kolkata Knight Riders,1,208,204,7,7,runs,4,0
1422120,2024-03-23,2024,Mohali,"Maharaja Yadavindra Singh International Cricket Stadium, Mullanpur",Delhi Capitals,Punjab Kings,Punjab Kings,field,0.5135135135135135,0.4523809523809524,0.4,0.2,159.52702702702703,167.83333333333334,163.72972972972974,165.07142857142858,6.175675675675675,6.642857142857143,6.22972972972973,5.571428571428571,0.5,0.5,1.0,74,42,13.379559614559616,16.83316520517079,98.99208909441806,128.94782319673453,0.6035202094088662,0.5918932918932919,8.601999854425548,8.944653880905244,0,0,Punjab Kings,0,174,177,9,6,wickets,0,4
1422122,2024-03-24,2024,Jaipur,"Sawai Mansingh Stadium, Jaipur",Rajasthan Royals,Lucknow Super Giants,Rajasthan Royals,bat,0.4597701149425287,0.5862068965517241,0.4,0.6,165.01149425287358,169.0344827586207,167.45977011494253,168.75862068965515,6.206896551724138,6.379310344827586,5.402298850574713,6.655172413793103,0.2,1.0,1.0,87,29,15.394555531243844,18.37280018619,129.79763440648483,120.20563527320247,0.5066418122939862,0.5659577624502725,12.4621789663412,7.910694762695426,1,1,Rajasthan Royals,1,193,173,4,6,runs,20,0
1422123,2024-03-24,2024,Ahmedabad,"Narendra Modi Stadium, Ahmedabad",Gujarat Titans,Mumbai Indians,Mumbai Indians,field,0.696969696969697,0.5631067961165048,0.6,0.6,173.24242424242425,166.5242718446602,162.84848484848484,162.2233009708738,5.090909090909091,6.0,6.878787878787879,6.155339805825243,0.6,0.0,1.0,33,103,18.87443000898883,19.038481429201276,129.2634657582571,132.42002389652777,0.5126848173893854,0.5116569293252106,8.352201728362088,9.751186009697202,0,0,Gujarat Titans,1,168,162,6,9,runs,6,0
1422124,2024-03-25,2024,Bengaluru,"M Chinnaswamy Stadium, Bengaluru",Punjab Kings,Royal Challengers Bengaluru,Royal Challengers Bengaluru,field,0.4651162790697674,0.0,0.4,0.0,168.04651162790697,173.0,165.27906976744185,176.0,6.627906976744186,6.0,5.651162790697675,4.0,0.5,0.5,0.5,43,1,16.652964738151464,19.65058778842785,128.6165631234158,118.18143205319456,0.5928495311932983,0.3674019607843137,8.936201036490438,8.923451420122854,0,0,Royal Challengers Bengaluru,0,176,178,6,6,wickets,0,4
1422125,2024-03-26,2024,Chennai,"MA Chidambaram Stadium, Chepauk, Chennai",Chennai Super Kings,Gujarat Titans,Gujarat Titans,field,0.5698924731182796,0.7058823529411765,0.8,0.6,165.3978494623656,173.08823529411765,161.8279569892473,162.8235294117647,5.204301075268817,5.117647058823529,6.247311827956989,6.941176470588236,0.6666666666666666,0.0,0.25,93,34,19.042226787353272,18.67601347520634,136.53364392692376,131.55305897941122,0.4223954207152308,0.6636824739941449,9.706179065550556,8.455859160284957,0,0,Chennai Super Kings,1,206,143,6,8,runs,63,0
1422126,2024-03-27,2024,Hyderabad,"Rajiv Gandhi International Stadium, Uppal, Hyderabad",Sunrisers Hyderabad,Mumbai Indians,Mumbai Indians,field,0.4411764705882353,0.5576923076923077,0.0,0.4,160.97058823529412,166.48076923076923,161.68627450980392,162.27884615384616,5.666666666666667,6.028846153846154,6.078431372549019,6.153846153846154,0.1428571428571428,1.0,0.75,102,104,15.748519550697711,14.968083063617518,135.24715386971312,126.17531837963791,0.5989014202172097,0.554589311606152,9.342573259864988,9.07227300556611,0,0,Sunrisers Hyderabad,1,277,246,3,5,runs,31,0
1422127,2024-03-28,2024,Jaipur,"Sawai Mansingh Stadium, Jaipur",Rajasthan Royals,Delhi Capitals,Delhi Capitals,field,0.4659090909090909,0.5066666666666667,0.6,0.2,165.32954545454547,159.72,167.52272727272728,163.90666666666667,6.181818181818182,6.213333333333333,5.409090909090909,6.226666666666667,0.3333333333333333,0.5,0.4,88,75,15.47597411227794,11.863051438624485,129.87523531397795,93.95484939388724,0.5053492868474283,0.6046095074080149,12.460486081583946,9.503257414849347,0,0,Rajasthan Royals,1,185,173,5,5,runs,12,0
1422128,2024-03-29,2024,Bengaluru,"M Chinnaswamy Stadium, Bengaluru",Royal Challengers Bengaluru,Kolkata Knight Riders,Kolkata Knight Riders,field,0.5,0.5,0.5,0.6,175.5,163.77884615384616,176.0,163.72115384615384,6.0,6.403846153846154,5.0,5.615384615384615,1.0,1.0,0.5,2,104,18.50797407574578,15.768536620875642,118.73047691544072,134.32855960317914,0.4770136168945693,0.6532738095238094,9.347042395158306,8.938652272157189,0,0,Kolkata Knight Riders,0,182,186,6,3,wickets,0,7
1422129,2024-03-30,2024,Lucknow,"Bharat Ratna Shri Atal Bihari Vajpayee Ekana Cricket Stadium, Lucknow",Lucknow Super Giants,Punjab Kings,Lucknow Super Giants,bat,0.5666666666666667,0.4545454545454545,0.6,0.4,169.16666666666666,168.22727272727272,169.56666666666666,165.5681818181818,6.366666666666666,6.613636363636363,6.566666666666666,5.659090909090909,0.5,1.0,0.6666666666666666,30,44,18.50044493062463,16.70803197030075,119.21733820445613,129.81497635309736,0.5729500716674629,0.5938055480060804,7.826719222534368,8.930844527525739,1,1,Lucknow Super Giants,1,199,178,8,5,runs,21,0
1422131,2024-03-31,2024,Visakhapatnam,"Dr. Y.S. Rajasekhara Reddy ACA-VDCA Cricket Stadium, Visakhapatnam",Delhi Capitals,Chennai Super Kings,Delhi Capitals,bat,0.5,0.574468085106383,0.2,1.0,159.89473684210526,165.82978723404256,164.18421052631578,161.62765957446808,6.197368421052632,5.212765957446808,6.2105263157894735,6.26595744680851,0.5,0.5,0.25,76,94,14.20965593941915,19.165598640635736,116.8992545261084,145.36129115205196,0.5899808545202293,0.4208547668220196,8.957900076566254,9.285718352256437,1,1,Delhi Capitals,1,191,171,5,6,runs,20,0
1422130,2024-03-31,2024,Ahmedabad,"Narendra Modi Stadium, Ahmedabad",Sunrisers Hyderabad,Gujarat Titans,Sunrisers Hyderabad,bat,0.4466019417475728,0.6857142857142857,0.2,0.4,162.09708737864077,172.22857142857143,162.50485436893203,164.05714285714285,5.640776699029126,5.2,6.067961165048544,6.914285714285715,0.0,0.6363636363636364,0.0,103,35,16.95840034482276,15.471769198279151,134.96024762450895,114.84511978002736,0.5563853092848542,0.6541903025473342,9.192084234212146,8.84837748782306,1,1,Gujarat Titans,0,162,168,8,3,wickets,0,7
1422132,2024-04-01,2024,Mumbai,"Wankhede Stadium, Mumbai",Mumbai Indians,Rajasthan Royals,Rajasthan Royals,field,0.5523809523809524,0.4719101123595505,0.4,0.8,167.23809523809524,165.5505617977528,163.37142857142857,167.58426966292134,6.019047619047619,6.168539325842697,6.123809523809523,5.404494382022472,0.6363636363636364,0.4545454545454545,0.1666666666666666,105,89,18.238239291307774,16.91512359109019,129.7239887114481,134.5190649904531,0.5588788233002143,0.456640446876425,10.366016554644576,13.19131976886653,0,0,Rajasthan Royals,0,125,127,9,4,wickets,0,6
1422133,2024-04-02,2024,Bengaluru,"M Chinnaswamy Stadium, Bengaluru",Lucknow Super Giants,Royal Challengers Bengaluru,Royal Challengers Bengaluru,field,0.5806451612903226,0.3333333333333333,0.6,0.3333333333333333,170.1290322580645,177.66666666666666,169.83870967741936,179.33333333333334,6.419354838709677,6.0,6.516129032258065,4.333333333333333,1.0,0.5,0.5,31,3,19.90052449606699,20.56133759028496,121.37351797279229,121.12315070190422,0.4706434908907202,0.3029675592958621,7.931134394085669,8.796406286784636,0,0,Lucknow Super Giants,1,181,153,5,10,runs,28,0
1422134,2024-04-03,2024,Visakhapatnam,"Dr. Y.S. Rajasekhara Reddy ACA-VDCA Cricket Stadium, Visakhapatnam",Kolkata Knight Riders,Delhi Capitals,Kolkata Knight Riders,bat,0.5047619047619047,0.5064935064935064,0.6,0.4,163.9904761904762,160.2987012987013,163.89523809523808,164.27272727272728,6.371428571428571,6.181818181818182,5.619047619047619,6.207792207792208,0.5,1.0,0.2,105,77,15.545543549864531,14.027449569113328,129.44033951963354,112.31001508658352,0.6590874151169864,0.5198150201198982,9.03771370875246,9.449168621901592,1,1,Kolkata Knight Riders,1,272,166,7,10,runs,106,0
1422135,2024-04-04,2024,Ahmedabad,"Narendra Modi Stadium, Ahmedabad",Gujarat Titans,Punjab Kings,Punjab Kings,field,0.6944444444444444,0.4444444444444444,0.6,0.2,172.11111111111111,168.44444444444446,164.0,166.3111111111111,5.138888888888889,6.5777777777777775,6.944444444444445,5.711111111111111,0.6666666666666666,0.3333333333333333,0.0,36,45,16.057565739625236,17.042192906254694,114.51816368366792,129.9693762298123,0.6352273237278199,0.5675413793960652,9.096053448149158,9.15583875458337,0,0,Punjab Kings,0,199,200,4,7,wickets,0,3
1422136,2024-04-05,2024,Hyderabad,"Rajiv Gandhi International Stadium, Uppal, Hyderabad",Chennai Super Kings,Sunrisers Hyderabad,Sunrisers Hyderabad,field,0.5684210526315789,0.4423076923076923,0.8,0.2,165.8842105263158,162.09615384615384,161.93684210526317,162.55769230769232,5.221052631578948,5.663461538461538,6.252631578947368,6.038461538461538,0.5,0.25,0.6,95,104,17.5420566489875,15.396872572340566,133.78998133539324,129.33249473295052,0.5298848480956987,0.6425059796185701,8.936436180853477,9.33317839734984,0,0,Sunrisers Hyderabad,0,165,166,5,4,wickets,0,6
1422137,2024-04-06,2024,Jaipur,"Sawai Mansingh Stadium, Jaipur",Royal Challengers Bengaluru,Rajasthan Royals,Rajasthan Royals,field,0.25,0.4777777777777778,0.25,0.8,171.5,165.12222222222223,179.75,167.11111111111111,7.0,6.144444444444445,4.5,5.444444444444445,0.5,0.4285714285714285,0.5,4,90,17.62538818565401,16.099553058683384,100.72309247682296,134.2728160703806,0.4226062344616562,0.4176237580911804,8.845279758105425,13.17136702486325,0,0,Rajasthan Royals,0,183,189,3,4,wickets,0,6
1422138,2024-04-07,2024,Mumbai,"Wankhede Stadium, Mumbai",Mumbai Indians,Delhi Capitals,Delhi Capitals,field,0.5471698113207547,0.5,0.2,0.2,166.83962264150944,160.37179487179486,163.02830188679246,165.65384615384616,6.047169811320755,6.230769230769231,6.10377358490566,6.217948717948718,0.5833333333333334,0.375,0.4,106,78,16.218341793384926,15.03981986374331,123.35336164612264,111.77453768450246,0.6413089225589226,0.6200074435368553,9.03103298623894,8.981616887902545,0,0,Mumbai Indians,1,234,205,5,8,runs,29,0
1422139,2024-04-07,2024,Lucknow,"Bharat Ratna Shri Atal Bihari Vajpayee Ekana Cricket Stadium, Lucknow",Lucknow Super Giants,Gujarat Titans,Lucknow Super Giants,bat,0.59375,0.6756756756756757,0.6,0.4,170.46875,172.83783783783784,169.3125,164.97297297297297,6.375,5.108108108108108,6.625,6.945945945945946,0.5714285714285714,1.0,0.0,32,37,19.88559311527984,14.712543129138412,121.30888405090546,110.82892619781,0.4747451638323292,0.7467707232958428,7.911396191599243,9.176548681232518,1,1,Lucknow Super Giants,1,163,130,5,10,runs,33,0
1426260,2024-04-08,2024,Chennai,"MA Chidambaram Stadium, Chepauk, Chennai",Kolkata Knight Riders,Chennai Super Kings,Chennai Super Kings,field,0.5094339622641509,0.5625,0.8,0.6,165.00943396226415,165.875,163.91509433962264,161.97916666666666,6.377358490566038,5.21875,5.660377358490566,6.229166666666667,0.5,0.7,0.1666666666666666,106,96,18.65229936894186,16.15265492015492,137.2468308238456,134.8678328687915,0.6435870369367908,0.4603248554202955,8.855321493191955,8.485857439806061,0,0,Chennai Super Kings,0,137,141,9,3,wickets,0,7
1426261,2024-04-09,2024,Mohali,"Maharaja Yadavindra Singh International Cricket Stadium, Mullanpur",Sunrisers Hyderabad,Punjab Kings,Punjab Kings,field,0.4476190476190476,0.4565217391304347,0.4,0.4,162.13333333333333,169.1304347826087,162.58095238095237,167.02173913043478,5.647619047619048,6.586956521739131,6.0285714285714285,5.673913043478261,0.5,1.0,0.0,105,46,16.898524011381678,18.530069847722284,134.7783294614663,135.10738892398084,0.507430358072162,0.5116871858599058,9.760105056921264,9.184754015409364,0,0,Sunrisers Hyderabad,1,182,180,9,6,runs,2,0
1426262,2024-04-10,2024,Jaipur,"Sawai Mansingh Stadium, Jaipur",Rajasthan Royals,Gujarat Titans,Gujarat Titans,field,0.4835164835164835,0.6578947368421053,1.0,0.4,165.3846153846154,171.71052631578948,167.28571428571428,164.92105263157896,6.12087912087912,5.2368421052631575,5.417582417582418,6.894736842105263,0.5,1.0,0.0,91,38,15.288223076781389,14.724912249915365,121.96725961902028,123.28091003638777,0.4940607104284312,0.5681018492600499,12.661945050038003,8.471396039821599,0,0,Gujarat Titans,0,196,199,3,7,wickets,0,3
1426263,2024-04-11,2024,Mumbai,"Wankhede Stadium, Mumbai",Royal Challengers Bengaluru,Mumbai Indians,Mumbai Indians,field,0.2,0.5514018691588785,0.2,0.2,173.8,167.46728971962617,181.6,163.42056074766356,6.2,6.037383177570093,4.4,6.121495327102804,0.5,0.6153846153846154,0.5,5,107,17.441738543332242,16.887765378704362,132.53033747279085,129.82408139758255,0.466969696969697,0.6809757172257777,8.929994600563296,8.993786898829848,0,0,Mumbai Indians,0,196,199,8,3,wickets,0,7
1426264,2024-04-12,2024,Lucknow,"Bharat Ratna Shri Atal Bihari Vajpayee Ekana Cricket Stadium, Lucknow",Lucknow Super Giants,Delhi Capitals,Lucknow Super Giants,bat,0.6060606060606061,0.4936708860759494,0.6,0.2,170.24242424242425,160.9367088607595,168.12121212121212,166.51898734177217,6.333333333333333,6.253164556962025,6.727272727272728,6.2025316455696204,0.625,0.0,1.0,33,79,18.299056092507897,17.05097594872431,121.88001019443858,115.785144018179,0.4944265731613553,0.5223309086480442,8.89119752663214,8.917289065868646,1,1,Delhi Capitals,0,167,170,7,4,wickets,0,6
1426265,2024-04-13,2024,Mohali,"Maharaja Yadavindra Singh International Cricket Stadium, Mullanpur",Punjab Kings,Rajasthan Royals,Rajasthan Royals,field,0.4468085106382978,0.4782608695652174,0.4,0.8,169.36170212765958,165.7173913043478,167.3404255319149,167.6304347826087,6.574468085106383,6.086956521739131,5.74468085106383,5.434782608695652,0.5,0.5,0.5,47,92,18.67784481973333,13.841510194971864,140.19614873399112,120.6435453223127,0.517406015325143,0.5340858524766914,9.139722007224911,13.263308514765743,0,0,Rajasthan Royals,0,147,152,8,7,wickets,0,3
1426266,2024-04-14,2024,Kolkata,"Eden Gardens, Kolkata",Lucknow Super Giants,Kolkata Knight Riders,Kolkata Knight Riders,field,0.5882352941176471,0.5046728971962616,0.6,0.6,170.14705882352942,164.74766355140187,168.1764705882353,163.70093457943926,6.352941176470588,6.401869158878505,6.647058823529412,5.635514018691588,0.5,0.375,1.0,34,107,18.95975751785937,16.7095486656269,124.72655569090864,124.46556570795704,0.4980471785855342,0.6660082463048566,7.972335790807186,9.007081355141965,0,0,Kolkata Knight Riders,0,161,162,7,2,wickets,0,8
1426267,2024-04-14,2024,Mumbai,"Wankhede Stadium, Mumbai",Chennai Super Kings,Mumbai Indians,Mumbai Indians,field,0.5670103092783505,0.5555555555555556,0.6,0.4,165.61855670103094,167.75925925925927,161.72164948453607,163.72222222222223,5.195876288659794,6.00925925925926,6.257731958762887,6.138888888888889,0.5,0.6428571428571429,0.1666666666666666,97,108,17.226869151677334,16.921155891436477,138.45383022468772,130.16277431666927,0.4250646408477733,0.6457856957856958,8.616102463494286,9.040634669619106,0,0,Chennai Super Kings,1,206,186,4,6,runs,20,0
1426268,2024-04-15,2024,Bengaluru,"M Chinnaswamy Stadium, Bengaluru",Sunrisers Hyderabad,Royal Challengers Bengaluru,Royal Challengers Bengaluru,field,0.4528301886792453,0.1666666666666666,0.6,0.2,162.32075471698113,177.5,162.74528301886792,184.5,5.679245283018868,6.5,6.028301886792453,4.166666666666667,0.5,0.3333333333333333,0.5,106,6,17.18392496633616,15.635061730963017,132.79951885431788,117.43690325213514,0.6128189343919386,0.4321881091617934,9.46537095770351,9.505184738315842,0,0,Sunrisers Hyderabad,1,287,262,3,7,runs,25,0
1426269,2024-04-16,2024,Kolkata,"Eden Gardens, Kolkata",Kolkata Knight Riders,Rajasthan Royals,Rajasthan Royals,field,0.5092592592592593,0.4838709677419355,0.8,0.8,164.72222222222223,165.56989247311827,163.67592592592592,167.40860215053763,6.361111111111111,6.096774193548387,5.648148148148148,5.462365591397849,0.4444444444444444,0.5,0.5714285714285714,108,93,16.204951957688372,15.477428032046264,124.50288001751257,123.59546163325956,0.6987527108049495,0.510900056115849,8.920331587410303,12.548945074969936,0,0,Rajasthan Royals,0,223,224,6,8,wickets,0,2
1426270,2024-04-17,2024,Ahmedabad,"Narendra Modi Stadium, Ahmedabad",Gujarat Titans,Delhi Capitals,Delhi Capitals,field,0.6666666666666666,0.5,0.4,0.4,172.4102564102564,161.05,165.71794871794873,166.525,5.282051282051282,6.225,6.794871794871795,6.2125,0.6153846153846154,0.75,1.0,39,80,16.452095018733388,16.329753086419753,126.85587809790378,112.212603073303,0.4564842465911985,0.4828307004010504,8.324730740892088,8.82766437426476,0,0,Delhi Capitals,0,89,92,10,4,wickets,0,6
1426271,2024-04-18,2024,Mohali,"Maharaja Yadavindra Singh International Cricket Stadium, Mullanpur",Mumbai Indians,Punjab Kings,Punjab Kings,field,0.5504587155963303,0.4375,0.4,0.2,167.92660550458714,168.89583333333334,164.11009174311926,167.02083333333334,6.009174311926605,6.604166666666667,6.119266055045872,5.770833333333333,0.5,0.3333333333333333,0.0,109,48,16.667658423597164,17.746915676915673,129.42167352971063,138.79565459084196,0.612497423696934,0.5194526407293816,9.105094882809013,9.090104649379525,0,0,Mumbai Indians,1,192,183,7,10,runs,9,0
1426272,2024-04-19,2024,Lucknow,"Bharat Ratna Shri Atal Bihari Vajpayee Ekana Cricket Stadium, Lucknow",Chennai Super Kings,Lucknow Super Giants,Lucknow Super Giants,field,0.5714285714285714,0.5714285714285714,0.6,0.6,166.03061224489795,169.88571428571427,161.96938775510205,168.0,5.183673469387755,6.371428571428571,6.255102040816326,6.514285714285714,0.5,0.5555555555555556,0.5,98,35,16.942756997205212,18.97620142553077,140.5076929725928,124.4177962292948,0.4529745909696405,0.4998638344226579,7.866568939950227,7.968456987873059,0,0,Lucknow Super Giants,0,176,180,6,2,wickets,0,8
1426273,2024-04-20,2024,Delhi,"Arun Jaitley Stadium, Delhi",Sunrisers Hyderabad,Delhi Capitals,Delhi Capitals,field,0.4579439252336448,0.5061728395061729,0.8,0.6,163.48598130841123,160.19753086419752,163.6728971962617,165.5679012345679,5.654205607476635,6.197530864197531,6.037383177570093,6.25925925925926,0.3333333333333333,0.2857142857142857,0.6,107,81,17.99492760434408,17.22120134041082,133.9257342084733,118.02477016437938,0.5838715863268101,0.6311203265186441,9.345786921372376,8.997221397223598,0,0,Sunrisers Hyderabad,1,266,199,7,10,runs,67,0
1426275,2024-04-21,2024,Mohali,"Maharaja Yadavindra Singh International Cricket Stadium, Mullanpur",Punjab Kings,Gujarat Titans,Punjab Kings,bat,0.4285714285714285,0.65,0.2,0.4,169.18367346938774,170.325,167.53061224489795,163.875,6.673469387755102,5.4,5.795918367346939,6.725,0.25,0.5,0.0,49,40,17.906730952195442,17.359551000661433,138.3972113534289,124.93338557102466,0.5172311440333046,0.5206785778135334,9.085632841450408,8.348076219474814,1,1,Gujarat Titans,0,142,146,10,7,wickets,0,3
1426274,2024-04-21,2024,Kolkata,"Eden Gardens, Kolkata",Kolkata Knight Riders,Royal Challengers Bengaluru,Royal Challengers Bengaluru,field,0.5045871559633027,0.1428571428571428,0.6,0.0,165.25688073394497,189.57142857142856,164.22935779816513,199.14285714285717,6.357798165137615,6.571428571428571,5.669724770642202,4.0,0.4,0.5,0.5,109,7,17.362295790452176,16.996724113705294,130.52778692940942,123.5420421755299,0.6577954564983981,0.416399917870506,8.996231870148613,9.42090927412465,0,0,Kolkata Knight Riders,1,222,221,6,10,runs,1,0
1426276,2024-04-22,2024,Jaipur,"Sawai Mansingh Stadium, Jaipur",Mumbai Indians,Rajasthan Royals,Mumbai Indians,bat,0.5545454545454546,0.4893617021276595,0.6,0.8,168.14545454545456,166.19148936170214,164.28181818181818,168.0,6.0181818181818185,6.117021276595745,6.154545454545454,5.468085106382978,0.5,0.4444444444444444,0.1428571428571428,110,94,18.16993364459061,15.65599569746824,126.87397785020076,130.91043970793575,0.4953964455505312,0.5002139265691868,8.640518858478462,12.378538724571737,1,1,Rajasthan Royals,0,179,183,9,1,wickets,0,9
1426277,2024-04-23,2024,Chennai,"MA Chidambaram Stadium, Chepauk, Chennai",Chennai Super Kings,Lucknow Super Giants,Lucknow Super Giants,field,0.5656565656565656,0.5833333333333334,0.4,0.6,166.13131313131314,170.16666666666666,162.15151515151516,168.22222222222223,5.191919191919192,6.25,6.212121212121212,6.5,0.7272727272727273,0.0,0.3333333333333333,99,36,17.039574765034892,19.585747210498248,130.20483519499214,124.42571898961144,0.571642379795318,0.4498329228598656,9.01856194694955,7.970725707931119,0,0,Lucknow Super Giants,0,210,213,4,4,wickets,0,6
1426278,2024-04-24,2024,Delhi,"Arun Jaitley Stadium, Delhi",Delhi Capitals,Gujarat Titans,Gujarat Titans,field,0.5,0.6585365853658537,0.4,0.4,160.67073170731706,169.73170731707316,166.79268292682926,163.34146341463415,6.243902439024391,5.439024390243903,6.2682926829268295,6.804878048780488,0.25,1.0,0.5,82,41,15.61505004923197,17.25972751743528,119.77079081954658,124.68047522126815,0.5833134964568302,0.5070248538011696,9.018782575544662,8.016065644052032,0,0,Delhi Capitals,1,224,220,4,8,runs,4,0
1426279,2024-04-25,2024,Hyderabad,"Rajiv Gandhi International Stadium, Uppal, Hyderabad",Royal Challengers Bengaluru,Sunrisers Hyderabad,Royal Challengers Bengaluru,bat,0.125,0.4629629629629629,0.0,0.8,193.5,164.4351851851852,202.0,164.0,7.0,5.666666666666667,4.25,6.074074074074074,0.5,0.3333333333333333,0.5,8,108,17.72296112847874,18.25077550305237,122.44961597751956,136.068977312149,0.4374500548106676,0.6522504917645583,9.383075192939302,9.46958137597867,1,1,Royal Challengers Bengaluru,1,206,171,7,8,runs,35,0
1426280,2024-04-26,2024,Kolkata,"Eden Gardens, Kolkata",Kolkata Knight Riders,Punjab Kings,Punjab Kings,field,0.509090909090909,0.42,0.6,0.2,165.77272727272728,168.64,164.74545454545455,167.1,6.354545454545455,6.74,5.709090909090909,5.82,0.4545454545454545,0.0,0.0,110,50,16.381978037336406,16.18771710673095,134.60218172476036,132.84491672978743,0.6571662419957733,0.5566997017301277,8.61573570321413,8.825135368675614,0,0,Punjab Kings,0,261,262,6,2,wickets,0,8
1426282,2024-04-27,2024,Lucknow,"Bharat Ratna Shri Atal Bihari Vajpayee Ekana Cricket Stadium, Lucknow",Lucknow Super Giants,Rajasthan Royals,Rajasthan Royals,field,0.5945945945945946,0.4947368421052631,0.6,0.8,171.32432432432432,166.3684210526316,169.35135135135135,168.1157894736842,6.1891891891891895,6.063157894736842,6.4324324324324325,5.505263157894737,0.6,0.5,1.0,37,95,17.976795899139596,15.798646288441788,120.9050372094658,131.02567749057422,0.5441791874644595,0.5043692730800035,7.978139358165728,12.386265489971915,0,0,Rajasthan Royals,0,196,199,5,3,wickets,0,7
1426281,2024-04-27,2024,Delhi,"Arun Jaitley Stadium, Delhi",Delhi Capitals,Mumbai Indians,Mumbai Indians,field,0.5060240963855421,0.5495495495495496,0.6,0.6,161.43373493975903,168.24324324324326,167.43373493975903,164.45045045045046,6.216867469879518,6.045045045045045,6.289156626506024,6.108108108108108,0.3333333333333333,1.0,0.1666666666666666,83,111,13.841057622729176,19.985580789651,108.09815758517811,135.93689408465627,0.5585984848484848,0.3677956989247312,9.028314639969432,8.541432859595796,0,0,Delhi Capitals,1,257,247,4,9,runs,10,0
1426284,2024-04-28,2024,Chennai,"MA Chidambaram Stadium, Chepauk, Chennai",Chennai Super Kings,Sunrisers Hyderabad,Sunrisers Hyderabad,field,0.56,0.4587155963302752,0.4,0.8,166.57,164.4954128440367,162.66,164.38532110091742,5.18,5.6880733944954125,6.19,6.08256880733945,0.6666666666666666,0.2,0.5,100,109,17.075797261721444,18.70702224226596,130.50720716758528,135.918210968334,0.5651832379149101,0.5692482575295075,9.052639281670965,9.523543126348452,0,0,Chennai Super Kings,1,212,134,3,10,runs,78,0
1426283,2024-04-28,2024,Ahmedabad,"Narendra Modi Stadium, Ahmedabad",Gujarat Titans,Royal Challengers Bengaluru,Royal Challengers Bengaluru,field,0.6428571428571429,0.2222222222222222,0.4,0.2,170.92857142857142,194.88888888888889,164.78571428571428,198.55555555555557,5.5,7.0,6.738095238095238,4.666666666666667,0.5714285714285714,0.5,0.5,42,9,16.733852641078673,18.976308092081126,133.178160536981,122.92144471265324,0.5659914361001317,0.484853527816271,8.221895959790752,9.44942164230746,0,0,Royal Challengers Bengaluru,0,200,206,3,1,wickets,0,9
1426285,2024-04-29,2024,Kolkata,"Eden Gardens, Kolkata",Delhi Capitals,Kolkata Knight Riders,Delhi Capitals,bat,0.5119047619047619,0.5045045045045045,0.8,0.4,162.57142857142858,166.63063063063063,168.38095238095238,165.6216216216216,6.190476190476191,6.351351351351352,6.321428571428571,5.675675675675675,0.5,0.4166666666666667,0.5,84,111,17.322030168413146,16.012289475815468,120.7837518499087,126.66948305610453,0.4937486440057528,0.6521497919556171,8.665622899272597,9.261497273371203,1,1,Kolkata Knight Riders,0,153,157,9,3,wickets,0,7
1426286,2024-04-30,2024,Lucknow,"Bharat Ratna Shri Atal Bihari Vajpayee Ekana Cricket Stadium, Lucknow",Mumbai Indians,Lucknow Super Giants,Lucknow Super Giants,field,0.5446428571428571,0.5789473684210527,0.4,0.4,168.94642857142858,171.97368421052633,165.27678571428572,170.1315789473684,6.071428571428571,6.157894736842105,6.089285714285714,6.342105263157895,0.0,0.5454545454545454,1.0,112,38,18.287035955060677,14.852239585421533,128.26550017807998,110.02682662106454,0.4711573245338278,0.577219860611021,8.857392118053308,8.149148578485825,0,0,Lucknow Super Giants,0,144,145,7,6,wickets,0,4
1426287,2024-05-01,2024,Chennai,"MA Chidambaram Stadium, Chepauk, Chennai",Chennai Super Kings,Punjab Kings,Punjab Kings,field,0.5643564356435643,0.4313725490196078,0.6,0.2,167.01980198019805,170.47058823529412,162.37623762376236,168.94117647058823,5.158415841584159,6.647058823529412,6.227722772277228,5.823529411764706,0.6923076923076923,0.6666666666666666,0.0,101,51,17.268906643482904,16.756671219089228,128.16735363939776,134.809931492206,0.472320431506478,0.554196691757027,8.887555555032954,8.884153599673887,0,0,Punjab Kings,0,162,163,7,3,wickets,0,7
1426288,2024-05-02,2024,Hyderabad,"Rajiv Gandhi International Stadium, Uppal, Hyderabad",Sunrisers Hyderabad,Rajasthan Royals,Sunrisers Hyderabad,bat,0.4545454545454545,0.5,0.6,0.8,164.21818181818182,166.70833333333334,164.8181818181818,168.40625,5.727272727272728,6.03125,6.054545454545455,5.5,0.3,1.0,0.3333333333333333,110,96,16.34338604818384,16.00164547739146,131.07372547731202,131.05936478942306,0.6228033726444308,0.5043084087830395,9.600787265312649,12.399751454786458,1,1,Sunrisers Hyderabad,1,201,200,3,7,runs,1,0
1426289,2024-05-03,2024,Mumbai,"Wankhede Stadium, Mumbai",Kolkata Knight Riders,Mumbai Indians,Mumbai Indians,field,0.5089285714285714,0.5398230088495575,0.6,0.2,166.54464285714286,168.72566371681415,165.50892857142858,165.09734513274336,6.321428571428571,6.079646017699115,5.705357142857143,6.088495575221239,0.4285714285714285,0.6,0.3333333333333333,112,113,18.314094654966866,18.88622426984726,131.5236913381058,132.73706138808117,0.5708837426267004,0.4087866446419078,9.200842397693092,9.621911512689625,0,0,Kolkata Knight Riders,1,169,145,10,10,runs,24,0
1426290,2024-05-04,2024,Bengaluru,"M Chinnaswamy Stadium, Bengaluru",Gujarat Titans,Royal Challengers Bengaluru,Royal Challengers Bengaluru,field,0.627906976744186,0.3,0.4,0.4,171.6046511627907,196.0,165.74418604651163,198.7,5.441860465116279,6.4,6.604651162790698,4.5,1.0,0.25,0.0,43,10,18.345228736599108,19.053905774179288,126.02287416184626,126.16317516682538,0.4556880899056151,0.5342442114531876,8.2907078942261,9.581573074648368,0,0,Royal Challengers Bengaluru,0,147,152,10,6,wickets,0,4
1426292,2024-05-05,2024,Lucknow,"Bharat Ratna Shri Atal Bihari Vajpayee Ekana Cricket Stadium, Lucknow",Kolkata Knight Riders,Lucknow Super Giants,Lucknow Super Giants,field,0.5132743362831859,0.5897435897435898,0.6,0.6,166.56637168141592,171.28205128205127,165.32743362831857,169.46153846153845,6.353982300884955,6.153846153846154,5.743362831858407,6.358974358974359,0.5,0.5833333333333334,0.5,113,39,15.75789849594623,12.468829195959842,124.86227033342776,96.68042091427004,0.6915153133903132,0.5637608703286671,9.205997089802876,8.19847607821395,0,0,Kolkata Knight Riders,1,235,137,6,10,runs,98,0
1426291,2024-05-05,2024,Dharamsala,"Himachal Pradesh Cricket Association Stadium, Dharamsala",Chennai Super Kings,Punjab Kings,Punjab Kings,field,0.5588235294117647,0.4423076923076923,0.4,0.4,166.97058823529412,170.32692307692307,162.38235294117646,168.80769230769232,5.176470588235294,6.576923076923077,6.196078431372549,5.846153846153846,0.5,0.0,0.0,102,52,17.28238118627017,16.925675283351914,131.51757731988573,134.4401450362034,0.5260694833095539,0.5545288045288045,8.831895613698471,8.872528352047166,0,0,Chennai Super Kings,1,167,139,9,9,runs,28,0
1426293,2024-05-06,2024,Mumbai,"Wankhede Stadium, Mumbai",Sunrisers Hyderabad,Mumbai Indians,Mumbai Indians,field,0.4594594594594595,0.5350877192982456,0.6,0.2,164.54954954954954,168.51754385964912,165.13513513513513,165.1315789473684,5.702702702702703,6.114035087719298,6.063063063063063,6.12280701754386,0.2,0.5625,0.8,111,114,17.49523163283167,19.721623646924645,132.41604034677758,137.6309110450742,0.529356047594151,0.3430698507283014,9.6595073520185,8.87415009675385,0,0,Mumbai Indians,0,173,174,8,3,wickets,0,7
1426294,2024-05-07,2024,Delhi,"Arun Jaitley Stadium, Delhi",Delhi Capitals,Rajasthan Royals,Rajasthan Royals,field,0.5058823529411764,0.4948453608247423,0.6,0.8,162.45882352941177,167.05154639175257,168.2470588235294,168.7422680412371,6.223529411764706,6.041237113402062,6.282352941176471,5.474226804123711,0.4,0.5,0.75,85,97,14.941225099266864,15.158546723621038,122.40579199704716,127.12997804441684,0.6623028912944879,0.5485157508540748,9.014344781916645,12.412385998188462,0,0,Delhi Capitals,1,221,201,8,8,runs,20,0
1426295,2024-05-08,2024,Hyderabad,"Rajiv Gandhi International Stadium, Uppal, Hyderabad",Lucknow Super Giants,Sunrisers Hyderabad,Lucknow Super Giants,bat,0.575,0.4553571428571428,0.6,0.4,170.425,164.625,171.1,165.21428571428572,6.25,5.723214285714286,6.35,6.035714285714286,1.0,0.3636363636363636,1.0,40,112,18.103401672535693,17.102280893992123,127.45421108320748,134.6401810351352,0.5199005145797598,0.5722932540159965,8.10184639157738,9.613772641500931,1,1,Sunrisers Hyderabad,0,165,167,4,0,wickets,0,10
1426296,2024-05-09,2024,Dharamsala,"Himachal Pradesh Cricket Association Stadium, Dharamsala",Royal Challengers Bengaluru,Punjab Kings,Punjab Kings,field,0.3636363636363636,0.4339622641509434,0.6,0.4,192.0,169.73584905660377,194.0,168.7735849056604,6.363636363636363,6.622641509433962,5.0,5.90566037735849,0.5,0.0,0.5,11,53,18.47417455349296,18.62802302949568,128.91798366999254,138.7431970611758,0.4771643827718266,0.4617093451736931,9.377642835031647,9.117748833734543,0,0,Royal Challengers Bengaluru,1,241,181,7,10,runs,60,0
1426297,2024-05-10,2024,Ahmedabad,"Narendra Modi Stadium, Ahmedabad",Gujarat Titans,Chennai Super Kings,Chennai Super Kings,field,0.6136363636363636,0.5631067961165048,0.2,0.4,171.04545454545453,166.97087378640776,165.4318181818182,162.15533980582524,5.545454545454546,5.213592233009709,6.590909090909091,6.223300970873787,0.5333333333333333,0.5,0.0,44,103,14.754616670274531,17.345573339730358,117.58724225324258,133.46983054312395,0.5434230508991275,0.5028003071583121,8.520369446125581,8.17159072370373,0,0,Gujarat Titans,1,231,196,3,8,runs,35,0
1426298,2024-05-11,2024,Kolkata,"Eden Gardens, Kolkata",Kolkata Knight Riders,Mumbai Indians,Mumbai Indians,field,0.5175438596491229,0.5391304347826087,0.8,0.2,167.16666666666666,168.56521739130434,165.07894736842104,165.2,6.350877192982456,6.086956521739131,5.780701754385965,6.139130434782609,0.4615384615384615,0.5,0.4285714285714285,114,115,16.18616622718414,19.96927878967031,124.08836820287196,134.69986402148618,0.7356053752829405,0.3145761741122566,9.1342593715279,8.865594012089563,0,0,Kolkata Knight Riders,1,157,139,7,8,runs,18,0
1426299,2024-05-12,2024,Chennai,"MA Chidambaram Stadium, Chepauk, Chennai",Rajasthan Royals,Chennai Super Kings,Rajasthan Royals,bat,0.4897959183673469,0.5576923076923077,0.6,0.4,167.39795918367346,167.25,169.27551020408163,162.81730769230768,6.061224489795919,5.240384615384615,5.5,6.1923076923076925,1.0,0.6428571428571429,0.75,98,104,15.592798901137696,15.8187853520132,132.32775630526783,131.59391010107694,0.5022696218381763,0.4944316871769216,12.527339271577857,8.512595372109786,1,1,Chennai Super Kings,0,141,145,5,5,wickets,0,5
1426300,2024-05-12,2024,Bengaluru,"M Chinnaswamy Stadium, Bengaluru",Royal Challengers Bengaluru,Delhi Capitals,Delhi Capitals,field,0.4166666666666667,0.5116279069767442,0.8,0.6,196.08333333333331,163.13953488372093,192.91666666666663,168.6279069767442,6.416666666666667,6.244186046511628,5.416666666666667,6.3023255813953485,0.4,0.0,0.5,12,86,18.313648984226816,14.683008156966492,129.35661003942127,116.09619402739612,0.4776346801346802,0.6139029988732074,9.320660994223308,9.42080590177775,0,0,Royal Challengers Bengaluru,1,187,140,9,10,runs,47,0
1426302,2024-05-14,2024,Delhi,"Arun Jaitley Stadium, Delhi",Delhi Capitals,Lucknow Super Giants,Lucknow Super Giants,field,0.5057471264367817,0.5609756097560976,0.6,0.4,162.8735632183908,170.29268292682926,168.83908045977012,171.0,6.287356321839081,6.195121951219512,6.333333333333333,6.195121951219512,0.4545454545454545,0.5,0.0,87,41,15.33528634721511,15.841183034263858,122.07467786492153,118.29703632215929,0.624000849702604,0.6082646222732829,8.99996647793788,9.268174906426651,0,0,Delhi Capitals,1,208,189,4,9,runs,19,0
1426303,2024-05-15,2024,Guwahati,"Barsapara Cricket Stadium, Guwahati",Rajasthan Royals,Punjab Kings,Rajasthan Royals,bat,0.4848484848484848,0.4259259259259259,0.4,0.4,167.13131313131314,169.94444444444446,169.03030303030303,170.11111111111111,6.05050505050505,6.685185185185185,5.494949494949495,5.925925925925926,0.5,1.0,1.0,99,54,12.519886145410752,16.07412515272067,118.83112202690604,131.2314669359137,0.5445577241517879,0.5287090168368201,12.4190542119024,8.942108337057498,1,1,Punjab Kings,0,144,145,9,5,wickets,0,5
1426305,2024-05-17,2024,Mumbai,"Wankhede Stadium, Mumbai",Lucknow Super Giants,Mumbai Indians,Mumbai Indians,field,0.5476190476190477,0.5344827586206896,0.2,0.2,170.73809523809524,168.31034482758622,171.88095238095238,165.1293103448276,6.261904761904762,6.103448275862069,6.142857142857143,6.146551724137931,0.5,0.5882352941176471,1.0,42,116,17.29820084366776,18.020681686420826,121.89177441675876,137.80362450493934,0.5720932213180722,0.4664431356825549,9.272778172453888,10.731799656359753,0,0,Lucknow Super Giants,1,214,196,6,6,runs,18,0
1426306,2024-05-18,2024,Bengaluru,"M Chinnaswamy Stadium, Bengaluru",Royal Challengers Bengaluru,Chennai Super Kings,Chennai Super Kings,field,0.4615384615384615,0.5619047619047619,1.0,0.6,195.3846153846154,167.03809523809525,188.84615384615384,162.6095238095238,6.615384615384615,5.238095238095238,5.769230769230769,6.180952380952381,0.5,1.0,0.0,13,105,17.875186531428362,15.964009031440764,126.51973110465308,129.99809113669772,0.4977379524844852,0.5272437493515925,8.934796546902557,8.445251877844063,0,0,Royal Challengers Bengaluru,1,218,191,5,7,runs,27,0
1426307,2024-05-19,2024,Hyderabad,"Rajiv Gandhi International Stadium, Uppal, Hyderabad",Punjab Kings,Sunrisers Hyderabad,Punjab Kings,bat,0.4363636363636363,0.4601769911504424,0.6,0.4,169.4909090909091,164.64601769911505,169.63636363636363,165.21238938053096,6.654545454545454,5.672566371681416,5.9818181818181815,6.017699115044247,0.0,0.4166666666666667,0.25,55,113,15.59683228387774,18.80873832544956,133.0852850035932,136.87138490831796,0.4483023359438813,0.4792374292374292,8.766191714696296,9.900868652177014,1,1,Sunrisers Hyderabad,0,214,215,5,6,wickets,0,4
1426309,2024-05-21,2024,Ahmedabad,"Narendra Modi Stadium, Ahmedabad",Sunrisers Hyderabad,Kolkata Knight Riders,Sunrisers Hyderabad,bat,0.4649122807017544,0.5217391304347826,0.6,0.8,165.08771929824562,167.0782608695652,165.640350877193,164.8521739130435,5.675438596491228,6.356521739130435,6.008771929824562,5.8,0.0,0.6666666666666666,0.375,114,115,18.720615059098208,14.245189213322677,137.44864860644034,119.90251617762704,0.473622408293461,0.7526032217663521,10.061806037278268,9.201653985713682,1,1,Kolkata Knight Riders,0,159,164,10,2,wickets,0,8
1426310,2024-05-22,2024,Ahmedabad,"Narendra Modi Stadium, Ahmedabad",Royal Challengers Bengaluru,Rajasthan Royals,Rajasthan Royals,field,0.5,0.48,1.0,0.2,197.0,166.9,189.0,168.79,6.5,6.08,5.857142857142857,5.49,1.0,0.6666666666666666,0.0,14,100,17.923598796772055,14.454472840987426,126.90184821669595,125.72468020885776,0.495770156807209,0.4991035944997621,8.921770785096417,12.41377589072996,0,0,Rajasthan Royals,0,172,174,8,6,wickets,0,4
1426311,2024-05-24,2024,Chennai,"MA Chidambaram Stadium, Chepauk, Chennai",Sunrisers Hyderabad,Rajasthan Royals,Rajasthan Royals,field,0.4608695652173913,0.4851485148514851,0.6,0.2,165.03478260869565,166.97029702970298,165.62608695652173,168.82178217821783,5.71304347826087,6.079207920792079,5.973913043478261,5.514851485148514,0.1666666666666666,0.5,0.5,115,101,19.008944131925077,14.555553458414115,136.36481641701292,127.53792106771432,0.5198743817767356,0.5024253868272953,10.032353112674194,12.418432252031538,0,0,Sunrisers Hyderabad,1,175,139,9,7,runs,36,0
1426312,2024-05-26,2024,Chennai,"MA Chidambaram Stadium, Chepauk, Chennai",Sunrisers Hyderabad,Kolkata Knight Riders,Sunrisers Hyderabad,bat,0.4655172413793103,0.5258620689655172,0.6,1.0,165.1206896551724,167.05172413793105,165.39655172413794,164.80172413793105,5.741379310344827,6.318965517241379,5.982758620689655,5.836206896551724,0.2857142857142857,0.4,0.3333333333333333,116,116,18.723986985214903,14.344966235671034,135.51936575376362,120.2983016971371,0.5270503324022817,0.766972094526274,9.990306082303372,9.14332702526341,1,1,Kolkata Knight Riders,0,113,114,10,2,wickets,0,8
1473438,2025-03-22,2025,Kolkata,"Eden Gardens, Kolkata",Kolkata Knight Riders,Royal Challengers Bengaluru,Royal Challengers Bengaluru,field,0.5299145299145299,0.4666666666666667,1.0,0.8,166.5982905982906,195.33333333333331,164.35897435897436,188.0,6.282051282051282,6.6,5.871794871794871,5.866666666666666,0.5,0.0,1.0,117,15,15.501455309273252,19.14086983429089,123.53022537317266,125.05363501351972,0.6709327916920342,0.3865211833126272,9.178314470843258,9.036032512130149,0,0,Royal Challengers Bengaluru,0,174,177,8,3,wickets,0,7
1473439,2025-03-23,2025,Hyderabad,"Rajiv Gandhi International Stadium, Uppal, Hyderabad",Sunrisers Hyderabad,Rajasthan Royals,Rajasthan Royals,field,0.4615384615384615,0.4803921568627451,0.6,0.2,164.67521367521368,166.69607843137254,164.95726495726495,168.88235294117646,5.777777777777778,6.088235294117647,5.948717948717949,5.549019607843137,0.4615384615384615,0.5,0.6,117,102,17.20526642324255,14.53210576964386,132.008037394791,131.0566023210478,0.6402011901785101,0.4798749015212429,9.40205671317599,12.212757505662193,0,0,Sunrisers Hyderabad,1,286,242,6,6,runs,44,0
1473440,2025-03-23,2025,Chennai,"MA Chidambaram Stadium, Chepauk, Chennai",Mumbai Indians,Chennai Super Kings,Chennai Super Kings,field,0.5299145299145299,0.5566037735849056,0.2,0.4,168.54700854700857,167.26415094339623,165.54700854700857,163.1320754716981,6.102564102564102,5.254716981132075,6.145299145299146,6.169811320754717,0.4285714285714285,0.6666666666666666,0.375,117,106,19.02764134152157,16.328524976728392,140.6730279567479,118.57437491026148,0.4240694789081886,0.5567109689945262,9.29191252543392,8.579079455987747,0,0,Chennai Super Kings,0,155,158,9,6,wickets,0,4
1473441,2025-03-24,2025,Visakhapatnam,"Dr. Y.S. Rajasekhara Reddy ACA-VDCA Cricket Stadium, Visakhapatnam",Lucknow Super Giants,Delhi Capitals,Delhi Capitals,field,0.5581395348837209,0.5113636363636364,0.4,0.6,171.74418604651163,163.38636363636363,172.4418604651163,169.0681818181818,6.255813953488372,6.261363636363637,6.1395348837209305,6.363636363636363,0.5,0.5,0.6666666666666666,43,88,18.346511777884327,16.231462166441574,130.68834458163315,129.89184641659543,0.4550654592321259,0.6249339876188276,8.937101606439704,8.984287989791424,0,0,Delhi Capitals,0,209,211,8,9,wickets,0,1
1473442,2025-03-25,2025,Ahmedabad,"Narendra Modi Stadium, Ahmedabad",Punjab Kings,Gujarat Titans,Gujarat Titans,field,0.4285714285714285,0.6222222222222222,0.4,0.4,170.28571428571428,172.37777777777777,170.44642857142858,166.11111111111111,6.625,5.488888888888889,5.982142857142857,6.622222222222222,0.5,0.5625,0.0,56,45,14.001576802969993,17.13939984030351,119.23110439635812,131.15858834242337,0.671875492739418,0.6203151826986573,8.828018275961039,8.821960766288335,0,0,Punjab Kings,1,243,232,5,5,runs,11,0
1473443,2025-03-26,2025,Guwahati,"Barsapara Cricket Stadium, Guwahati",Rajasthan Royals,Kolkata Knight Riders,Kolkata Knight Riders,field,0.4757281553398058,0.5254237288135594,0.2,0.8,167.4271844660194,166.66101694915255,170.01941747572815,164.46610169491527,6.087378640776699,6.296610169491525,5.553398058252427,5.8474576271186445,0.3333333333333333,0.5,0.2,103,118,15.45740635998954,15.848686952335369,142.69773637621626,121.21346824161714,0.5241368567386319,0.6356049437318788,12.189968720168576,9.290397323262134,0,0,Kolkata Knight Riders,0,151,153,9,2,wickets,0,8
1473444,2025-03-27,2025,Hyderabad,"Rajiv Gandhi International Stadium, Uppal, Hyderabad",Sunrisers Hyderabad,Lucknow Super Giants,Lucknow Super Giants,field,0.4661016949152542,0.5454545454545454,0.6,0.2,165.70338983050848,172.5909090909091,165.61016949152545,173.3181818181818,5.779661016949152,6.295454545454546,5.9491525423728815,6.204545454545454,0.5,0.5,0.0,118,44,16.46557076830175,17.151369781350976,141.3614936414564,136.87802044705887,0.5915810072786817,0.5186275264738824,9.54415624699287,9.40230987928876,0,0,Lucknow Super Giants,0,190,193,9,5,wickets,0,5
1473445,2025-03-28,2025,Chennai,"MA Chidambaram Stadium, Chepauk, Chennai",Royal Challengers Bengaluru,Chennai Super Kings,Chennai Super Kings,field,0.5,0.5607476635514018,0.8,0.6,194.1875,167.17757009345794,187.125,163.05607476635515,6.375,5.261682242990654,6.0,6.196261682242991,0.0,0.6875,0.5,16,107,19.024644763502597,17.73819239074875,124.29369051092723,121.86828060754236,0.4017708704860936,0.5170466145285706,8.510099790488496,8.54788849907042,0,0,Royal Challengers Bengaluru,1,196,146,7,8,runs,50,0
1473446,2025-03-29,2025,Ahmedabad,"Narendra Modi Stadium, Ahmedabad",Gujarat Titans,Mumbai Indians,Mumbai Indians,field,0.6086956521739131,0.5254237288135594,0.2,0.2,173.67391304347825,168.4322033898305,167.7826086956522,165.48305084745763,5.478260869565218,6.127118644067797,6.586956521739131,6.1440677966101696,0.5294117647058824,0.0,1.0,46,118,16.41816981237135,13.790735586465038,127.57631759963516,124.6566389822024,0.645298438090209,0.3933478090192763,8.410892429110431,9.05439623140982,0,0,Gujarat Titans,1,196,160,8,6,runs,36,0
1473447,2025-03-30,2025,Visakhapatnam,"Dr. Y.S. Rajasekhara Reddy ACA-VDCA Cricket Stadium, Visakhapatnam",Sunrisers Hyderabad,Delhi Capitals,Sunrisers Hyderabad,bat,0.4621848739495798,0.5168539325842697,0.4,0.6,165.9075630252101,163.92134831460675,165.8403361344538,169.51685393258427,5.80672268907563,6.292134831460674,5.941176470588236,6.382022471910112,0.5,0.6666666666666666,0.6666666666666666,119,89,20.546922872986656,20.43063011137355,156.9766204733058,137.904909081485,0.4956082109748939,0.6938555562084974,11.802959256130771,10.78792433342618,1,1,Delhi Capitals,0,163,166,10,3,wickets,0,7
1473448,2025-03-30,2025,Guwahati,"Barsapara Cricket Stadium, Guwahati",Rajasthan Royals,Chennai Super Kings,Chennai Super Kings,field,0.4711538461538461,0.5555555555555556,0.2,0.4,167.26923076923077,166.9814814814815,169.85576923076923,163.36111111111111,6.115384615384615,5.287037037037037,5.519230769230769,6.203703703703703,0.25,0.5,0.6,104,108,14.344394085403252,18.10050049735468,129.8604041988196,119.8097783493652,0.5815100815100815,0.4872723701144753,11.749074164558005,8.404698911752128,0,0,Rajasthan Royals,1,182,176,9,6,runs,6,0
1473449,2025-03-31,2025,Mumbai,"Wankhede Stadium, Mumbai",Kolkata Knight Riders,Mumbai Indians,Mumbai Indians,field,0.5294117647058824,0.5210084033613446,0.8,0.2,166.54621848739495,168.3613445378151,164.35294117647058,165.73949579831933,6.260504201680672,6.126050420168068,5.873949579831932,6.159663865546219,0.5,0.5555555555555556,0.5,119,119,17.720050956641337,18.35855201963897,129.04677826584927,139.82670835749136,0.5829457473175041,0.4195394736842105,9.23823539211843,8.802322651849195,0,0,Mumbai Indians,0,116,121,10,2,wickets,0,8
1473450,2025-04-01,2025,Lucknow,"Bharat Ratna Shri Atal Bihari Vajpayee Ekana Cricket Stadium, Lucknow",Lucknow Super Giants,Punjab Kings,Punjab Kings,field,0.5555555555555556,0.4385964912280701,0.4,0.4,173.04444444444445,171.56140350877192,173.6888888888889,171.52631578947367,6.266666666666667,6.596491228070176,6.266666666666667,5.964912280701754,0.5384615384615384,0.5,0.75,45,57,17.245087088185677,18.697228236802587,137.48780272974955,131.95556064015116,0.521577897908543,0.5401668966551958,9.412363423200304,8.440519478882859,0,0,Punjab Kings,0,171,177,7,2,wickets,0,8
1473451,2025-04-02,2025,Bengaluru,"M Chinnaswamy Stadium, Bengaluru",Royal Challengers Bengaluru,Gujarat Titans,Gujarat Titans,field,0.5294117647058824,0.6170212765957447,0.8,0.4,194.2941176470588,174.14893617021278,184.7058823529412,167.61702127659575,6.411764705882353,5.531914893617022,6.117647058823529,6.574468085106383,0.5714285714285714,0.5,0.5,17,47,17.98822741515484,16.532859131635306,122.41339330162346,129.82766318338787,0.4501241526672561,0.5692392380654576,8.80131939328131,8.881889266890163,0,0,Gujarat Titans,0,169,170,8,2,wickets,0,8
1473452,2025-04-03,2025,Kolkata,"Eden Gardens, Kolkata",Kolkata Knight Riders,Sunrisers Hyderabad,Sunrisers Hyderabad,field,0.525,0.4583333333333333,0.6,0.4,166.125,165.88333333333333,163.99166666666667,165.84166666666667,6.291666666666667,5.841666666666667,5.841666666666667,5.916666666666667,0.4666666666666667,0.5,0.625,120,120,17.108561162983417,20.80815445099088,127.15989867629874,145.4299112655075,0.6569166256666257,0.5803030303030303,8.908863066804386,11.559323839078992,0,0,Kolkata Knight Riders,1,200,120,6,10,runs,80,0
1473453,2025-04-04,2025,Lucknow,"Bharat Ratna Shri Atal Bihari Vajpayee Ekana Cricket Stadium, Lucknow",Lucknow Super Giants,Mumbai Indians,Mumbai Indians,field,0.5434782608695652,0.525,0.4,0.2,173.0,167.96666666666667,173.7608695652174,165.325,6.282608695652174,6.091666666666667,6.173913043478261,6.191666666666666,0.5,0.0,1.0,46,120,16.202018340654703,18.12100656509352,139.3991918165074,136.28813951649394,0.5435850980096628,0.422078634085213,9.757452329856394,8.447224846225224,0,0,Lucknow Super Giants,1,203,191,8,5,runs,12,0
1473454,2025-04-05,2025,Chennai,"MA Chidambaram Stadium, Chepauk, Chennai",Delhi Capitals,Chennai Super Kings,Delhi Capitals,bat,0.5222222222222223,0.5504587155963303,0.8,0.4,163.94444444444446,167.06422018348624,169.44444444444446,163.5321100917431,6.255555555555556,5.293577981651376,6.422222222222223,6.229357798165138,0.5,0.6470588235294118,0.4,90,109,18.735996333937443,18.23012117556771,137.88292395386196,118.01372168515287,0.6107983776928829,0.5509928394815908,10.263180539384104,8.11883860227383,1,1,Delhi Capitals,1,183,158,6,5,runs,25,0
1473455,2025-04-05,2025,Mohali,"Maharaja Yadavindra Singh International Cricket Stadium, Mullanpur",Rajasthan Royals,Punjab Kings,Punjab Kings,field,0.4761904761904761,0.4482758620689655,0.4,0.6,167.40952380952382,171.6551724137931,169.9142857142857,171.51724137931035,6.142857142857143,6.517241379310345,5.523809523809524,5.982758620689655,1.0,0.2,0.5,105,58,14.24477592476144,17.179298390418825,126.85012852520252,129.6396692077538,0.5465774880470149,0.5423107634570086,11.79820783473269,8.42221154191859,0,0,Rajasthan Royals,1,205,155,4,9,runs,50,0
1473457,2025-04-06,2025,Hyderabad,"Rajiv Gandhi International Stadium, Uppal, Hyderabad",Sunrisers Hyderabad,Gujarat Titans,Gujarat Titans,field,0.4545454545454545,0.625,0.2,0.6,165.50413223140495,174.0625,166.12396694214877,167.64583333333334,5.87603305785124,5.458333333333333,5.917355371900826,6.604166666666667,0.4666666666666667,0.5,0.0,121,48,20.40024947084444,16.34134543259403,142.87290002780745,127.75601112208165,0.5659899562722693,0.5768658316871957,10.786785278088791,8.269552100546518,0,0,Gujarat Titans,0,152,153,8,3,wickets,0,7
1473458,2025-04-07,2025,Mumbai,"Wankhede Stadium, Mumbai",Royal Challengers Bengaluru,Mumbai Indians,Mumbai Indians,field,0.5,0.5206611570247934,0.6,0.2,192.88888888888889,168.15702479338842,183.88888888888889,165.63636363636363,6.5,6.082644628099174,5.888888888888889,6.206611570247934,0.0,0.5789473684210527,0.0,18,121,18.938084459185305,18.096609197801484,123.94508354332775,137.6436524181087,0.4086074321717886,0.5067089466574819,8.458888365767319,8.628410767040046,0,0,Royal Challengers Bengaluru,1,221,209,5,9,runs,12,0
1473456,2025-04-08,2025,Kolkata,"Eden Gardens, Kolkata",Lucknow Super Giants,Kolkata Knight Riders,Kolkata Knight Riders,field,0.5531914893617021,0.5289256198347108,0.6,0.6,173.63829787234042,166.40495867768595,174.12765957446808,163.62809917355372,6.319148936170213,6.289256198347108,6.148936170212766,5.87603305785124,0.3333333333333333,0.5,0.75,47,121,16.191244865819133,15.78746597981938,139.04818166248472,121.75049733198382,0.5432781658748863,0.6624680546192607,9.758529966965238,9.220544290999516,0,0,Lucknow Super Giants,1,238,234,3,7,runs,4,0
1473459,2025-04-08,2025,Mohali,"Maharaja Yadavindra Singh International Cricket Stadium, Mullanpur",Punjab Kings,Chennai Super Kings,Punjab Kings,bat,0.4406779661016949,0.5454545454545454,0.6,0.2,171.3728813559322,166.98181818181817,172.08474576271186,163.70909090909092,6.559322033898305,5.290909090909091,5.9491525423728815,6.227272727272728,0.1666666666666666,0.5,0.6666666666666666,59,110,16.342931792136202,17.992463832436286,128.29068344467103,117.63238719027652,0.5412926836212948,0.5436895404011289,8.43986136982673,8.155969625461893,1,1,Punjab Kings,1,219,201,6,5,runs,18,0
1473460,2025-04-09,2025,Ahmedabad,"Narendra Modi Stadium, Ahmedabad",Gujarat Titans,Rajasthan Royals,Rajasthan Royals,field,0.6326530612244898,0.4811320754716981,0.8,0.4,173.6326530612245,167.76415094339623,167.3265306122449,169.7735849056604,5.408163265306122,6.122641509433962,6.63265306122449,5.556603773584905,0.5555555555555556,0.75,0.5,49,106,17.919993404677413,14.880503688867616,134.9029920107861,130.2344606699351,0.5610780105043552,0.4655983687195437,8.782603060013344,12.317083643318613,0,0,Gujarat Titans,1,217,159,6,10,runs,58,0
1473461,2025-04-10,2025,Bengaluru,"M Chinnaswamy Stadium, Bengaluru",Royal Challengers Bengaluru,Delhi Capitals,Delhi Capitals,field,0.5263157894736842,0.5274725274725275,0.6,0.8,194.3684210526316,164.15384615384616,185.21052631578948,169.3186813186813,6.421052631578948,6.252747252747253,6.052631578947368,6.406593406593407,0.5,0.0,1.0,19,91,18.93101688795195,19.004659117738356,124.38213524354823,137.47191108386207,0.4162160337216278,0.6458855908584169,8.498516984949564,9.702133520652811,0,0,Delhi Capitals,0,163,169,7,4,wickets,0,6
1473462,2025-04-11,2025,Chennai,"MA Chidambaram Stadium, Chepauk, Chennai",Chennai Super Kings,Kolkata Knight Riders,Kolkata Knight Riders,field,0.5405405405405406,0.5245901639344263,0.2,0.4,167.2882882882883,166.95901639344262,164.2072072072072,164.2377049180328,5.288288288288288,6.295081967213115,6.225225225225225,5.852459016393443,0.6111111111111112,0.5,0.5,111,122,16.83558538350859,16.631820745954574,118.6999013488202,126.88747304267962,0.4919432480878572,0.7235997493222766,8.797230254997846,8.907276900876028,0,0,Kolkata Knight Riders,0,103,107,9,2,wickets,0,8
1473463,2025-04-12,2025,Lucknow,"Bharat Ratna Shri Atal Bihari Vajpayee Ekana Cricket Stadium, Lucknow",Gujarat Titans,Lucknow Super Giants,Lucknow Super Giants,field,0.64,0.5625,0.8,0.6,174.5,174.97916666666666,167.16,175.375,5.42,6.25,6.7,6.166666666666667,0.5,0.5333333333333333,1.0,50,48,17.41659326981335,15.49311093816334,134.29604467075566,138.56323991776495,0.5757757100292172,0.5033034367593191,8.634502015023786,9.863864101747692,0,0,Lucknow Super Giants,0,180,186,6,4,wickets,0,6
1473464,2025-04-12,2025,Hyderabad,"Rajiv Gandhi International Stadium, Uppal, Hyderabad",Punjab Kings,Sunrisers Hyderabad,Punjab Kings,bat,0.45,0.4508196721311475,0.6,0.2,172.16666666666666,165.39344262295083,172.56666666666666,166.01639344262296,6.55,5.89344262295082,5.933333333333334,5.89344262295082,0.0,0.4375,0.2,60,122,18.38273217380243,20.49508124923096,133.83398070622584,146.6484796255964,0.5368878951622255,0.4868146748543537,8.453575894901459,11.838129211469894,1,1,Sunrisers Hyderabad,0,245,247,6,2,wickets,0,8
1473465,2025-04-13,2025,Jaipur,"Sawai Mansingh Stadium, Jaipur",Rajasthan Royals,Royal Challengers Bengaluru,Royal Challengers Bengaluru,field,0.4766355140186916,0.5,0.4,0.6,167.6822429906542,192.8,170.21495327102804,184.4,6.158878504672897,6.45,5.5607476635514015,5.95,0.5,0.0,0.5,107,20,14.176190132146957,18.840061461894365,125.09790118159688,123.89075072535746,0.5907429421194716,0.410711273906589,11.7902012658652,8.557820556173523,0,0,Royal Challengers Bengaluru,0,173,175,4,1,wickets,0,9
1473466,2025-04-13,2025,Delhi,"Arun Jaitley Stadium, Delhi",Mumbai Indians,Delhi Capitals,Delhi Capitals,field,0.5163934426229508,0.532608695652174,0.2,1.0,168.49180327868854,164.20652173913044,166.09016393442624,169.25,6.10655737704918,6.228260869565218,6.19672131147541,6.413043478260869,0.75,0.5,0.5,122,92,17.017273548175254,17.653617003516196,137.67840529731072,136.05580217572958,0.5483026532753391,0.658374868116359,8.714650428445553,9.42762952033847,0,0,Mumbai Indians,1,205,193,5,10,runs,12,0
1473467,2025-04-14,2025,Lucknow,"Bharat Ratna Shri Atal Bihari Vajpayee Ekana Cricket Stadium, Lucknow",Lucknow Super Giants,Chennai Super Kings,Chennai Super Kings,field,0.5714285714285714,0.5357142857142857,0.8,0.0,175.20408163265307,166.71428571428572,175.46938775510205,163.69642857142858,6.204081632653061,5.321428571428571,6.163265306122449,6.1875,0.5625,0.0,0.5,49,112,16.533214771271915,14.329074632151826,139.62253717873307,127.84705148634634,0.5470727866662222,0.4827878434134344,9.828868175172294,9.530190427258734,0,0,Chennai Super Kings,0,166,168,7,5,wickets,0,5
1473468,2025-04-15,2025,Mohali,"Maharaja Yadavindra Singh International Cricket Stadium, Mullanpur",Punjab Kings,Kolkata Knight Riders,Punjab Kings,bat,0.4426229508196721,0.5284552845528455,0.6,0.6,173.36065573770492,166.47154471544715,173.78688524590163,163.739837398374,6.540983606557377,6.260162601626016,5.868852459016393,5.878048780487805,0.2857142857142857,0.5,0.25,61,123,17.383100045031917,15.94360493577054,123.43115673825714,125.2586822054706,0.4170884749932727,0.7231486416463099,8.46719491223712,9.105396176204652,1,1,Punjab Kings,1,111,95,10,10,runs,16,0
1473470,2025-04-17,2025,Mumbai,"Wankhede Stadium, Mumbai",Sunrisers Hyderabad,Mumbai Indians,Mumbai Indians,field,0.4552845528455284,0.5203252032520326,0.2,0.4,166.0569105691057,168.78861788617886,166.65853658536585,166.3089430894309,5.861788617886178,6.097560975609756,5.894308943089431,6.227642276422764,0.1666666666666666,0.55,0.6666666666666666,123,123,20.021578768521643,17.300000608471027,144.90499792993552,138.43460843773184,0.5842929486412829,0.5549332260091754,11.35844787863668,8.73950362326763,0,0,Mumbai Indians,0,162,166,5,6,wickets,0,4
1473471,2025-04-18,2025,Bengaluru,"M Chinnaswamy Stadium, Bengaluru",Royal Challengers Bengaluru,Punjab Kings,Punjab Kings,field,0.5238095238095238,0.4516129032258064,0.6,0.6,191.95238095238096,172.3548387096774,183.8571428571429,172.51612903225808,6.190476190476191,6.596774193548387,5.857142857142857,5.935483870967742,0.4444444444444444,0.0,1.0,21,62,18.5451421386918,15.790121231918782,124.02766725206698,116.08588794632344,0.4491306351600469,0.4882371252146592,8.552103749359327,8.785180963065839,0,0,Punjab Kings,0,95,98,9,5,wickets,0,5
1473473,2025-04-19,2025,Jaipur,"Sawai Mansingh Stadium, Jaipur",Lucknow Super Giants,Rajasthan Royals,Lucknow Super Giants,bat,0.56,0.4722222222222222,0.6,0.4,175.02,167.7314814814815,175.32,170.25925925925927,6.22,6.138888888888889,6.14,5.518518518518518,0.5,0.4545454545454545,0.5,50,108,17.71106656598627,13.7157673158237,138.80352411903215,132.02453603893048,0.5164600467052491,0.5593746257036771,9.4710836111399,12.198411621097415,1,1,Lucknow Super Giants,1,180,178,5,5,runs,2,0
1473472,2025-04-19,2025,Ahmedabad,"Narendra Modi Stadium, Ahmedabad",Delhi Capitals,Gujarat Titans,Gujarat Titans,field,0.5268817204301075,0.6274509803921569,0.8,0.8,164.51612903225808,174.6078431372549,169.63440860215053,167.52941176470588,6.268817204301075,5.431372549019608,6.397849462365591,6.647058823529412,0.8,0.5789473684210527,0.6666666666666666,93,51,15.432104443355202,16.77060813857364,123.41411137302804,131.39663178360314,0.6619076715924392,0.5791157367957819,9.520340603399507,8.777078602653665,0,0,Gujarat Titans,0,203,204,8,3,wickets,0,7
1473474,2025-04-20,2025,Mohali,"Maharaja Yadavindra Singh International Cricket Stadium, Mullanpur",Punjab Kings,Royal Challengers Bengaluru,Royal Challengers Bengaluru,field,0.4603174603174603,0.5,0.6,0.4,171.17460317460316,187.54545454545453,171.28571428571428,179.95454545454547,6.571428571428571,6.318181818181818,5.984126984126984,5.818181818181818,0.375,0.5,0.0,63,22,15.961495807151296,17.85816068429304,118.46688825772776,125.69776917720988,0.4956296593391136,0.4120936447973685,8.692259524346765,9.198345290906913,0,0,Royal Challengers Bengaluru,0,157,159,6,3,wickets,0,7
1473475,2025-04-20,2025,Mumbai,"Wankhede Stadium, Mumbai",Chennai Super Kings,Mumbai Indians,Mumbai Indians,field,0.5398230088495575,0.5241935483870968,0.2,0.6,166.72566371681415,168.76612903225808,163.71681415929203,166.2741935483871,5.31858407079646,6.096774193548387,6.1946902654867255,6.217741935483871,0.5454545454545454,0.5714285714285714,0.2857142857142857,113,124,15.579744662649182,18.133041657924107,131.28194299897297,137.78927999023088,0.4840232367304845,0.5135398686927517,8.632770508581165,8.584462501664035,0,0,Mumbai Indians,0,176,177,5,1,wickets,0,9
1473476,2025-04-21,2025,Kolkata,"Eden Gardens, Kolkata",Gujarat Titans,Kolkata Knight Riders,Kolkata Knight Riders,field,0.6346153846153846,0.5241935483870968,0.8,0.4,175.17307692307693,165.8951612903226,168.21153846153845,163.31451612903226,5.384615384615385,6.290322580645161,6.673076923076923,5.911290322580645,1.0,0.4705882352941176,0.5,52,124,16.646602597199244,16.64390493878219,129.3465970656675,126.34989293441504,0.5826645041479167,0.6757167407607585,8.308422679037875,8.844851261566046,0,0,Gujarat Titans,1,198,159,3,8,runs,39,0
1473477,2025-04-22,2025,Lucknow,"Bharat Ratna Shri Atal Bihari Vajpayee Ekana Cricket Stadium, Lucknow",Lucknow Super Giants,Delhi Capitals,Delhi Capitals,field,0.5686274509803921,0.5212765957446809,0.8,0.6,175.11764705882354,164.9255319148936,175.37254901960785,170.0,6.196078431372549,6.287234042553192,6.117647058823529,6.361702127659575,0.5294117647058824,0.5,0.5,51,94,17.76139391296686,16.421905217547764,139.1039033070993,134.9954052557747,0.5225329203384299,0.6497039586011312,9.47623128935507,9.53206900567709,0,0,Delhi Capitals,0,159,161,6,2,wickets,0,8
1473478,2025-04-23,2025,Hyderabad,"Rajiv Gandhi International Stadium, Uppal, Hyderabad",Sunrisers Hyderabad,Mumbai Indians,Mumbai Indians,field,0.4516129032258064,0.528,0.2,0.6,166.0241935483871,168.832,166.65322580645162,166.352,5.854838709677419,6.056,5.895161290322581,6.208,0.4705882352941176,0.5,0.5714285714285714,124,125,20.99824540283607,18.185052195279468,148.09107082623086,137.6221576233331,0.4585500821018062,0.5068400101787162,11.942090842736803,8.541706567795696,0,0,Mumbai Indians,0,143,146,8,3,wickets,0,7
1473479,2025-04-24,2025,Bengaluru,"M Chinnaswamy Stadium, Bengaluru",Royal Challengers Bengaluru,Rajasthan Royals,Rajasthan Royals,field,0.5217391304347826,0.4678899082568807,0.6,0.4,186.30434782608697,167.8256880733945,178.95652173913044,170.348623853211,6.173913043478261,6.128440366972477,5.826086956521739,5.513761467889908,0.4,0.0,0.0,23,109,17.759410189492016,15.189430893202625,125.59771944079202,131.675910588321,0.4112864741509682,0.4938718017850299,9.146813429673417,12.397855280560435,0,0,Royal Challengers Bengaluru,1,205,194,5,9,runs,11,0
1473480,2025-04-25,2025,Chennai,"MA Chidambaram Stadium, Chepauk, Chennai",Chennai Super Kings,Sunrisers Hyderabad,Sunrisers Hyderabad,field,0.5350877192982456,0.448,0.2,0.2,166.80701754385964,165.84,163.83333333333334,166.488,5.315789473684211,5.872,6.149122807017544,5.872,0.5789473684210527,0.25,0.5714285714285714,114,125,16.149502590976486,19.094373155563115,119.20983587232294,141.4355425575676,0.6041878513864932,0.5716051263304569,10.016635317596217,11.146576466226971,0,0,Sunrisers Hyderabad,0,154,155,10,5,wickets,0,5
1473482,2025-04-27,2025,Mumbai,"Wankhede Stadium, Mumbai",Mumbai Indians,Lucknow Super Giants,Lucknow Super Giants,field,0.5317460317460317,0.5576923076923077,0.8,0.6,168.65079365079364,174.80769230769232,166.16666666666666,175.09615384615384,6.031746031746032,6.1923076923076925,6.222222222222222,6.038461538461538,0.5909090909090909,0.6,0.5,126,52,18.08153360103603,18.89235535706124,139.691878752716,138.79525337537734,0.5495592275092059,0.4702697262479871,8.719026209097791,9.506089734093898,0,0,Mumbai Indians,1,215,161,7,10,runs,54,0
1473483,2025-04-27,2025,Delhi,"Arun Jaitley Stadium, Delhi",Delhi Capitals,Royal Challengers Bengaluru,Royal Challengers Bengaluru,field,0.5263157894736842,0.5416666666666666,0.6,0.6,164.8842105263158,187.08333333333331,169.8842105263158,179.58333333333334,6.242105263157895,6.125,6.3578947368421055,5.958333333333333,0.4615384615384615,0.5,0.5,95,24,18.088334730238504,16.522725884604768,135.4568834158666,120.45915408518586,0.5892416225749559,0.4555295950155763,9.502730362337198,9.188175128432524,0,0,Royal Challengers Bengaluru,0,162,165,8,4,wickets,0,6
1473484,2025-04-28,2025,Jaipur,"Sawai Mansingh Stadium, Jaipur",Gujarat Titans,Rajasthan Royals,Rajasthan Royals,field,0.6415094339622641,0.4636363636363636,0.8,0.2,175.60377358490567,168.06363636363636,168.03773584905662,170.66363636363636,5.339622641509434,6.154545454545454,6.69811320754717,5.509090909090909,1.0,0.4166666666666667,0.6666666666666666,53,110,16.462955152787334,15.058156141864298,129.20397896147853,130.2738099947764,0.6212659003856468,0.5113182217431229,8.237783278144896,12.237259471194625,0,0,Rajasthan Royals,0,209,212,4,2,wickets,0,8
1473485,2025-04-29,2025,Delhi,"Arun Jaitley Stadium, Delhi",Kolkata Knight Riders,Delhi Capitals,Delhi Capitals,field,0.52,0.5208333333333334,0.4,0.4,165.84,164.85416666666666,163.592,169.83333333333334,6.304,6.260416666666667,5.888,6.333333333333333,0.0,0.4285714285714285,0.3333333333333333,125,96,15.566689110255227,17.85989184188676,122.32524579444906,134.95847769122304,0.57882289990767,0.5713511016027205,9.290924004534736,9.524347338507487,0,0,Kolkata Knight Riders,1,204,190,9,9,runs,14,0
1473486,2025-04-30,2025,Chennai,"MA Chidambaram Stadium, Chepauk, Chennai",Chennai Super Kings,Punjab Kings,Punjab Kings,field,0.5304347826086957,0.453125,0.2,0.6,166.69565217391303,170.953125,163.75652173913045,171.09375,5.356521739130435,6.5625,6.139130434782609,5.9375,0.55,0.75,0.25,115,64,15.48319908232534,15.067146826958208,115.2191779340306,119.50890999343498,0.6079293680141777,0.4039410257608323,9.923362209828436,8.714509838355507,0,0,Punjab Kings,0,190,194,10,6,wickets,0,4
1473487,2025-05-01,2025,Jaipur,"Sawai Mansingh Stadium, Jaipur",Mumbai Indians,Rajasthan Royals,Rajasthan Royals,field,0.5354330708661418,0.4684684684684684,1.0,0.2,169.01574803149606,168.45945945945945,166.1259842519685,171.00900900900902,6.039370078740157,6.117117117117117,6.251968503937008,5.495495495495495,0.0,0.4615384615384615,0.125,127,111,18.49589630712087,16.614611545899,145.3622908898383,127.5902788004554,0.5984247318700102,0.4548189147453853,8.504921262233811,12.422208212648414,0,0,Mumbai Indians,1,217,117,2,10,runs,100,0
1473488,2025-05-02,2025,Ahmedabad,"Narendra Modi Stadium, Ahmedabad",Gujarat Titans,Sunrisers Hyderabad,Sunrisers Hyderabad,field,0.6296296296296297,0.4523809523809524,0.6,0.4,176.22222222222223,165.75396825396825,168.85185185185185,166.38888888888889,5.314814814814815,5.865079365079365,6.611111111111111,5.904761904761905,0.6,0.0,0.5,54,126,15.341144302664588,19.4411646218706,123.94689648531556,141.86607326249938,0.6681909631225426,0.5921768973265585,8.5547179247739,11.17927373836019,0,0,Gujarat Titans,1,224,186,6,6,runs,38,0
1473489,2025-05-03,2025,Bengaluru,"M Chinnaswamy Stadium, Bengaluru",Royal Challengers Bengaluru,Chennai Super Kings,Chennai Super Kings,field,0.56,0.5258620689655172,0.8,0.2,186.2,166.89655172413794,178.88,164.01724137931035,6.04,5.396551724137931,6.04,6.137931034482759,0.4545454545454545,0.5,0.6666666666666666,25,116,17.408306650973003,14.714430014430016,134.18724934036854,113.1628526726124,0.3160853522695628,0.5963737786595344,9.415246077168778,9.942523704213858,0,0,Royal Challengers Bengaluru,1,213,211,5,5,runs,2,0
1473491,2025-05-04,2025,Dharamsala,"Himachal Pradesh Cricket Association Stadium, Dharamsala",Punjab Kings,Lucknow Super Giants,Lucknow Super Giants,field,0.4615384615384615,0.5471698113207547,0.6,0.4,171.30769230769232,174.54716981132074,171.3846153846154,175.8490566037736,6.553846153846154,6.264150943396227,6.0,6.056603773584905,0.0,0.5,0.5,65,53,15.739564095766156,17.239675912092018,124.31124592663772,125.91182335180775,0.4941928604458469,0.4686309523809523,9.096688531891912,9.4853410452474,0,0,Punjab Kings,1,236,199,5,7,runs,37,0
1473490,2025-05-04,2025,Kolkata,"Eden Gardens, Kolkata",Kolkata Knight Riders,Rajasthan Royals,Kolkata Knight Riders,bat,0.5238095238095238,0.4642857142857143,0.4,0.2,166.14285714285714,168.0,163.8015873015873,171.41964285714286,6.325396825396825,6.151785714285714,5.912698412698413,5.464285714285714,0.4444444444444444,0.6666666666666666,0.5,126,112,16.50621437122648,15.15847384728658,126.1376486838547,133.50220203917883,0.6695919820919821,0.4960173160173159,8.900062043941979,13.064356200916764,1,1,Kolkata Knight Riders,1,206,205,4,8,runs,1,0
1473493,2025-05-06,2025,Mumbai,"Wankhede Stadium, Mumbai",Mumbai Indians,Gujarat Titans,Gujarat Titans,field,0.5390625,0.6363636363636364,1.0,0.6,169.390625,177.0909090909091,165.7421875,169.16363636363636,6.0078125,5.327272727272727,6.28125,6.6,0.6086956521739131,0.6,1.0,128,55,18.801983727984872,16.98314951167003,145.59016957014106,130.11393910894694,0.5629037706987146,0.6093092528089493,8.640530723003247,8.940301044303691,0,0,Gujarat Titans,0,155,147,8,7,wickets,0,3
1473494,2025-05-07,2025,Kolkata,"Eden Gardens, Kolkata",Kolkata Knight Riders,Chennai Super Kings,Kolkata Knight Riders,bat,0.5275590551181102,0.5213675213675214,0.6,0.2,166.45669291338584,167.27350427350427,164.1259842519685,164.43589743589743,6.307086614173229,5.3931623931623935,5.929133858267717,6.128205128205129,0.4736842105263157,1.0,0.1428571428571428,127,117,16.732890466290634,18.05915145618085,125.09374407373048,115.60522111063096,0.6448598362181701,0.5978635090399795,8.68575990099455,9.789378557634082,1,1,Chennai Super Kings,0,179,183,6,8,wickets,0,2
1473497,2025-05-18,2025,Jaipur,"Sawai Mansingh Stadium, Jaipur",Punjab Kings,Rajasthan Royals,Punjab Kings,bat,0.4696969696969697,0.4601769911504424,0.8,0.2,172.28787878787878,168.32743362831857,171.8030303030303,171.72566371681415,6.53030303030303,6.168141592920354,6.015151515151516,5.451327433628318,0.5,0.4285714285714285,0.4,66,113,15.622783054734926,16.335098858338796,119.98139958677872,130.71706107699717,0.5283053703053703,0.40376397221317,8.755122035134065,14.133102753096033,1,1,Punjab Kings,1,219,209,5,7,runs,10,0
1473498,2025-05-18,2025,Delhi,"Arun Jaitley Stadium, Delhi",Delhi Capitals,Gujarat Titans,Gujarat Titans,field,0.5154639175257731,0.6428571428571429,0.2,0.8,165.11340206185568,176.55357142857142,170.18556701030928,168.91071428571428,6.288659793814433,5.357142857142857,6.360824742268041,6.625,0.4,0.5,0.5,97,56,16.982214663643237,17.15151342271724,131.60176758617615,133.7991345790941,0.5574482774426053,0.6302273485946731,9.104063115981791,8.700379457898087,0,0,Gujarat Titans,0,199,205,3,0,wickets,0,10
1473499,2025-05-19,2025,Lucknow,"Bharat Ratna Shri Atal Bihari Vajpayee Ekana Cricket Stadium, Lucknow",Lucknow Super Giants,Sunrisers Hyderabad,Sunrisers Hyderabad,field,0.5370370370370371,0.4488188976377952,0.2,0.4,175.0,165.91338582677164,176.96296296296296,166.84251968503938,6.277777777777778,5.866141732283465,6.037037037037037,5.905511811023622,0.5,0.0,0.5,54,127,14.894168132119136,21.182537188926084,131.40790316673932,143.87383698245606,0.654832570083697,0.422012640403445,9.650642532049854,13.587308568295873,0,0,Sunrisers Hyderabad,0,205,206,7,5,wickets,0,6
1473500,2025-05-20,2025,Delhi,"Arun Jaitley Stadium, Delhi",Chennai Super Kings,Rajasthan Royals,Rajasthan Royals,field,0.5254237288135594,0.4561403508771929,0.2,0.2,167.40677966101694,168.68421052631578,164.5593220338983,172.140350877193,5.415254237288136,6.175438596491228,6.127118644067797,5.447368421052632,0.6666666666666666,0.3333333333333333,0.4285714285714285,118,114,18.60222407113903,16.41769641289677,133.83917110960033,161.8655474100613,0.5524026925624893,0.4712565857914695,9.840355445634405,14.242555516092628,0,0,Rajasthan Royals,0,187,188,8,4,wickets,0,6
1473501,2025-05-21,2025,Mumbai,"Wankhede Stadium, Mumbai",Mumbai Indians,Delhi Capitals,Delhi Capitals,field,0.5348837209302325,0.5102040816326531,0.8,0.2,169.27906976744185,165.4591836734694,165.5968992248062,170.5408163265306,6.023255813953488,6.255102040816326,6.286821705426356,6.295918367346939,0.5833333333333334,0.3333333333333333,0.5714285714285714,129,98,17.464950526428233,17.143033733942826,137.05847116012893,130.840819983506,0.5724563718505635,0.5296286539694248,8.61144543741459,9.63352930039183,0,0,Mumbai Indians,1,180,121,5,10,runs,59,0
1473502,2025-05-22,2025,Ahmedabad,"Narendra Modi Stadium, Ahmedabad",Lucknow Super Giants,Gujarat Titans,Gujarat Titans,field,0.5272727272727272,0.6491228070175439,0.2,0.8,175.54545454545453,177.05263157894737,177.4909090909091,169.43859649122808,6.290909090909091,5.2631578947368425,6.0181818181818185,6.56140350877193,0.0,0.6190476190476191,0.5,55,57,18.621847397731557,17.343244718232942,151.0804307426173,134.004270695008,0.499358407696841,0.6275809987503536,10.076265982624845,8.687481934533066,0,0,Lucknow Super Giants,1,235,202,2,9,runs,33,0
1473503,2025-05-23,2025,Lucknow,"Bharat Ratna Shri Atal Bihari Vajpayee Ekana Cricket Stadium, Lucknow",Sunrisers Hyderabad,Royal Challengers Bengaluru,Royal Challengers Bengaluru,field,0.453125,0.5769230769230769,0.4,0.8,166.2265625,187.23076923076923,167.140625,180.1153846153846,5.859375,6.0,5.9140625,6.0,0.5,0.5,1.0,128,26,20.09950463277317,19.46143940953922,144.53390066456302,136.36461080587748,0.4661049478403679,0.3109670849299005,11.972795009897624,9.492060495271897,0,0,Sunrisers Hyderabad,1,231,189,6,10,runs,42,0
1485779,2025-05-24,2025,Jaipur,"Sawai Mansingh Stadium, Jaipur",Punjab Kings,Delhi Capitals,Delhi Capitals,field,0.4788732394366197,0.5050505050505051,0.6,0.2,172.80281690140845,165.010101010101,172.26760563380282,170.63636363636363,6.492957746478873,6.292929292929293,6.028169014084507,6.282828282828283,1.0,0.0,0.25,71,99,18.05055954429127,17.130727230286052,131.38674271350826,122.0816347407424,0.4092492454860166,0.5646277788455379,8.910245243188157,9.585181484287656,0,0,Delhi Capitals,0,206,208,8,4,wickets,0,6
1473504,2025-05-25,2025,Ahmedabad,"Narendra Modi Stadium, Ahmedabad",Chennai Super Kings,Gujarat Titans,Chennai Super Kings,bat,0.5210084033613446,0.6379310344827587,0.2,0.6,167.57142857142858,177.48275862068965,164.7563025210084,170.56896551724137,5.436974789915967,5.327586206896552,6.109243697478991,6.482758620689655,0.3333333333333333,0.5909090909090909,0.4,119,58,17.838424598412598,16.906675191030544,131.81685707626892,130.28591087821627,0.5100579317145323,0.608397532833462,9.99055393025313,8.876001896896659,1,1,Chennai Super Kings,1,230,147,5,10,runs,83,0
1473505,2025-05-25,2025,Delhi,"Arun Jaitley Stadium, Delhi",Sunrisers Hyderabad,Kolkata Knight Riders,Sunrisers Hyderabad,bat,0.4573643410852713,0.5234375,0.6,0.4,166.72868217054264,166.5546875,167.31007751937983,164.2734375,5.8604651162790695,6.3046875,5.945736434108527,5.9453125,0.5,0.5,0.3,129,128,20.07303924873213,15.833812582334142,145.5238636584383,121.1359384269216,0.4739252542269783,0.704259215035761,11.909146730889905,8.974551384585425,1,1,Sunrisers Hyderabad,1,278,168,3,10,runs,110,0
1473506,2025-05-26,2025,Jaipur,"Sawai Mansingh Stadium, Jaipur",Mumbai Indians,Punjab Kings,Punjab Kings,field,0.5384615384615384,0.4776119402985074,0.8,0.8,169.36153846153846,172.98507462686567,165.25384615384615,172.3582089552239,6.015384615384615,6.507462686567164,6.315384615384615,6.029850746268656,0.5,1.0,0.5,130,67,18.395579174937694,16.452901552832405,137.51243550093906,133.40062861742953,0.5314029797241596,0.4812863372093023,8.559698560981468,9.153208883618523,0,0,Punjab Kings,0,184,187,7,3,wickets,0,7
1473507,2025-05-27,2025,Lucknow,"Bharat Ratna Shri Atal Bihari Vajpayee Ekana Cricket Stadium, Lucknow",Lucknow Super Giants,Royal Challengers Bengaluru,Royal Challengers Bengaluru,field,0.5357142857142857,0.5555555555555556,0.2,0.8,176.60714285714286,187.2962962962963,177.92857142857142,182.0,6.214285714285714,6.148148148148148,6.071428571428571,6.0,0.4736842105263157,0.0,1.0,56,27,17.56067655444143,19.807727468282057,135.49787458195988,138.35016567813088,0.6082691210045662,0.3698387382597909,9.541305949170022,9.352444693539448,0,0,Royal Challengers Bengaluru,0,227,230,3,4,wickets,0,6
1473508,2025-05-29,2025,New Chandigarh,"Maharaja Yadavindra Singh International Cricket Stadium, Mullanpur",Punjab Kings,Royal Challengers Bengaluru,Royal Challengers Bengaluru,field,0.4852941176470588,0.5714285714285714,0.8,0.8,173.19117647058823,188.82142857142856,172.52941176470588,183.6071428571429,6.455882352941177,6.071428571428571,6.044117647058823,5.892857142857143,0.3333333333333333,1.0,0.0,68,28,19.16163880028895,18.32725852710173,138.15567072674867,132.33421538107277,0.407155284906481,0.4667056321351124,8.98621173887897,9.219425159079124,0,0,Royal Challengers Bengaluru,0,101,106,10,2,wickets,0,8
1473509,2025-05-30,2025,New Chandigarh,"Maharaja Yadavindra Singh International Cricket Stadium, New Chandigarh",Mumbai Indians,Gujarat Titans,Mumbai Indians,bat,0.5343511450381679,0.6271186440677966,0.6,0.6,169.4732824427481,176.96610169491527,165.4198473282443,171.57627118644066,6.022900763358779,5.406779661016949,6.290076335877862,6.457627118644068,0.5,0.5,0.6666666666666666,131,59,16.441017137013663,14.886168373290433,126.30556612057512,121.418509286967,0.4299144467380008,0.6770116014905142,8.591969918078084,8.723931087775405,1,1,Mumbai Indians,1,228,208,5,6,runs,20,0
1473510,2025-06-01,2025,Ahmedabad,"Narendra Modi Stadium, Ahmedabad",Mumbai Indians,Punjab Kings,Punjab Kings,field,0.5378787878787878,0.4782608695652174,0.6,0.8,169.91666666666666,172.14492753623188,165.74242424242425,171.56521739130434,6.015151515151516,6.507246376811594,6.287878787878788,5.985507246376812,0.0,0.6,0.3333333333333333,132,69,16.504310718340896,16.67098244799547,121.80537397186104,128.51035891029258,0.4753887072773501,0.5002585377585377,8.800260538236527,9.169235397270056,0,0,Punjab Kings,0,203,207,6,5,wickets,0,5
1473511,2025-06-03,2025,Ahmedabad,"Narendra Modi Stadium, Ahmedabad",Royal Challengers Bengaluru,Punjab Kings,Punjab Kings,field,0.5862068965517241,0.4857142857142857,0.8,0.8,185.9655172413793,172.64285714285714,180.7586206896552,172.0142857142857,5.931034482758621,6.485714285714286,6.0344827586206895,5.985714285714286,0.5,0.6666666666666666,0.5,29,70,18.33724849128833,16.798716552567793,132.49580029256302,129.13218221997056,0.4747456197093221,0.507661829944649,9.182167237345531,9.165923036745774,0,0,Royal Challengers Bengaluru,1,190,184,9,7,runs,6,0
1527674,2026-03-28,2026,Bengaluru,"M Chinnaswamy Stadium, Bengaluru",Sunrisers Hyderabad,Royal Challengers Bengaluru,Royal Challengers Bengaluru,field,0.4615384615384615,0.6,0.8,0.8,167.58461538461538,186.1,167.3153846153846,180.86666666666667,5.838461538461538,6.033333333333333,5.976923076923077,6.066666666666666,1.0,0.5,1.0,130,30,21.94018921804524,21.58420125758026,148.1541593495588,150.55993129264556,0.4468055555555555,0.2620746455554715,12.362601217187771,9.261319816447374,0,0,Royal Challengers Bengaluru,0,201,203,9,4,wickets,0,6
1527675,2026-03-29,2026,Mumbai,"Wankhede Stadium, Mumbai",Kolkata Knight Riders,Mumbai Indians,Mumbai Indians,field,0.5193798449612403,0.5338345864661654,0.4,0.4,166.56589147286823,170.1654135338346,165.15503875968992,166.05263157894737,6.333333333333333,6.015037593984962,5.922480620155039,6.2781954887218046,0.4444444444444444,0.6,0.4444444444444444,129,133,13.48091105409486,17.880062950350137,118.63825185586434,136.8419825560126,0.6600041541355964,0.5090749692150199,8.843619659177918,8.845832412649667,0,0,Mumbai Indians,0,220,224,4,4,wickets,0,6
1527676,2026-03-30,2026,Guwahati,"Barsapara Cricket Stadium, Guwahati",Chennai Super Kings,Rajasthan Royals,Rajasthan Royals,field,0.525,0.4608695652173913,0.4,0.4,168.09166666666667,168.8521739130435,164.60833333333332,172.26956521739132,5.433333333333334,6.156521739130435,6.141666666666667,5.469565217391304,0.0,0.4,0.375,120,115,17.289689843326208,17.842331175492887,127.11931352048175,140.46944643020726,0.3786098351315742,0.448537245524333,10.78929620884968,13.066533839539082,0,0,Rajasthan Royals,0,127,128,10,2,wickets,0,8
1527677,2026-03-31,2026,New Chandigarh,"Maharaja Yadavindra Singh International Cricket Stadium, New Chandigarh",Gujarat Titans,Punjab Kings,Punjab Kings,field,0.6166666666666667,0.4722222222222222,0.4,0.4,177.48333333333332,173.26388888888889,172.51666666666668,172.76388888888889,5.416666666666667,6.513888888888889,6.433333333333334,6.0,0.0,0.5,0.0,60,72,17.16776417381069,15.667088318008984,124.83989216929191,120.22542129541904,0.6184686472533105,0.5346043751078144,8.442272193996516,9.139046537778608,0,0,Punjab Kings,0,162,165,6,7,wickets,0,3
1527678,2026-04-01,2026,Lucknow,"Bharat Ratna Shri Atal Bihari Vajpayee Ekana Cricket Stadium, Lucknow",Lucknow Super Giants,Delhi Capitals,Delhi Capitals,field,0.5263157894736842,0.51,0.2,0.2,177.49122807017545,165.44,178.8421052631579,170.99,6.157894736842105,6.27,6.035087719298246,6.3,0.45,0.6666666666666666,0.4,57,100,16.124551243354492,15.88182358579076,125.47063621506643,114.4250166065533,0.6333754460507224,0.7406700887600209,9.543270925579364,9.132716400609622,0,0,Delhi Capitals,0,141,145,10,4,wickets,0,6
1527679,2026-04-02,2026,Kolkata,"Eden Gardens, Kolkata",Sunrisers Hyderabad,Kolkata Knight Riders,Kolkata Knight Riders,field,0.4580152671755725,0.5153846153846153,0.6,0.4,167.83969465648855,166.97692307692307,167.587786259542,165.6076923076923,5.862595419847328,6.315384615384615,5.961832061068702,5.907692307692308,0.3333333333333333,0.45,0.3636363636363636,131,130,18.61250347792635,15.74771472467716,144.6624011814572,127.87931056428693,0.5597773279352227,0.5945924890891754,12.416449017129882,8.906945208795298,0,0,Sunrisers Hyderabad,1,226,161,8,10,runs,65,0
1527680,2026-04-03,2026,Chennai,"MA Chidambaram Stadium, Chepauk, Chennai",Chennai Super Kings,Punjab Kings,Punjab Kings,field,0.5206611570247934,0.4794520547945205,0.4,0.4,167.7520661157025,173.15068493150685,164.30578512396696,172.6164383561644,5.471074380165289,6.52054794520548,6.107438016528926,6.0,0.5238095238095238,0.8,0.2,121,73,15.47105954246002,20.17190706528436,109.10298378317566,126.34119721054238,0.4609797220323536,0.490325817980587,10.615082797537088,9.092397522975553,0,0,Punjab Kings,0,209,210,5,5,wickets,0,5
1527682,2026-04-04,2026,Ahmedabad,"Narendra Modi Stadium, Ahmedabad",Rajasthan Royals,Gujarat Titans,Rajasthan Royals,bat,0.4655172413793103,0.6065573770491803,0.4,0.2,168.5,177.2295081967213,171.8793103448276,172.39344262295083,6.120689655172414,5.426229508196721,5.508620689655173,6.442622950819672,0.6,0.5652173913043478,0.0,116,61,15.365282582367438,14.228522668502327,133.39780921850493,116.32392487797992,0.4748720687277362,0.6201532131865223,12.622330404403092,8.442327152441319,1,1,Rajasthan Royals,1,210,204,6,8,runs,6,0
1527681,2026-04-04,2026,Delhi,"Arun Jaitley Stadium, Delhi",Mumbai Indians,Delhi Capitals,Delhi Capitals,field,0.5373134328358209,0.5148514851485149,0.6,0.4,170.56716417910448,165.23762376237624,166.455223880597,170.69306930693068,6.0,6.247524752475248,6.2611940298507465,6.336633663366337,0.8,0.375,0.625,134,101,17.598876653317443,15.055081589314696,137.59186254370306,106.39275068896076,0.4852752526298654,0.6795538383536485,8.556614373973293,9.114789828681154,0,0,Delhi Capitals,0,162,164,6,4,wickets,0,6
1527684,2026-04-05,2026,Bengaluru,"M Chinnaswamy Stadium, Bengaluru",Royal Challengers Bengaluru,Chennai Super Kings,Chennai Super Kings,field,0.6129032258064516,0.5163934426229508,0.8,0.4,186.6451612903226,168.09016393442624,181.51612903225808,164.68032786885246,5.967741935483871,5.467213114754099,6.161290322580645,6.098360655737705,0.5384615384615384,0.3333333333333333,0.75,31,122,21.54376240693016,15.542392958631725,150.88476416856554,108.67053468546146,0.2776270360458585,0.3626911038882869,9.326471397704276,11.597421370639925,0,0,Royal Challengers Bengaluru,1,250,207,3,10,runs,43,0
1527683,2026-04-05,2026,Hyderabad,"Rajiv Gandhi International Stadium, Uppal, Hyderabad",Sunrisers Hyderabad,Lucknow Super Giants,Lucknow Super Giants,field,0.4621212121212121,0.5172413793103449,0.8,0.2,168.28030303030303,176.86206896551724,167.53787878787878,178.25862068965515,5.878787878787879,6.224137931034483,5.992424242424242,6.0,0.4444444444444444,0.6666666666666666,0.0,132,58,18.9492241495728,15.749508779240236,159.13075124135162,125.6080774955975,0.5032221665223596,0.5788217650059755,11.492377252284932,9.500843005605931,0,0,Lucknow Super Giants,0,156,160,9,5,wickets,0,5
1527686,2026-04-07,2026,Guwahati,"Barsapara Cricket Stadium, Guwahati",Rajasthan Royals,Mumbai Indians,Mumbai Indians,field,0.4700854700854701,0.5333333333333333,0.6,0.4,168.85470085470087,170.5037037037037,172.15384615384616,166.43703703703704,6.119658119658119,6.0,5.52991452991453,6.2444444444444445,0.5,0.5,0.2,117,135,15.368852538108875,18.18082575062676,132.5336340839365,138.95921993408973,0.4771804107575775,0.5029388968598991,12.636121715866045,8.763462895996714,0,0,Rajasthan Royals,1,150,123,3,9,runs,27,0
1527687,2026-04-08,2026,Delhi,"Arun Jaitley Stadium, Delhi",Gujarat Titans,Delhi Capitals,Delhi Capitals,field,0.5967741935483871,0.5196078431372549,0.0,0.6,177.66129032258064,165.22549019607845,173.0,170.6078431372549,5.467741935483871,6.225490196078432,6.435483870967742,6.333333333333333,0.6666666666666666,0.4117647058823529,0.5,62,102,15.837355608291276,17.235222458483584,114.91242432136018,115.9633513788818,0.6520693361378865,0.6776971185157025,8.59501454248802,9.095357928696124,0,0,Gujarat Titans,1,210,209,4,8,runs,1,0
1527688,2026-04-09,2026,Kolkata,"Eden Gardens, Kolkata",Kolkata Knight Riders,Lucknow Super Giants,Lucknow Super Giants,field,0.5114503816793893,0.5254237288135594,0.2,0.4,166.93129770992363,176.57627118644066,166.06870229007637,177.88135593220338,6.343511450381679,6.203389830508475,5.923664122137405,6.050847457627119,0.4285714285714285,0.5,1.0,131,59,15.67876298591627,15.184530753384088,136.65113962876188,123.03519304051092,0.5589455179265806,0.5947186147186148,9.40484403341684,9.51039797795634,0,0,Lucknow Super Giants,0,181,182,4,7,wickets,0,3
1527689,2026-04-10,2026,Guwahati,"Barsapara Cricket Stadium, Guwahati",Royal Challengers Bengaluru,Rajasthan Royals,Rajasthan Royals,field,0.625,0.4745762711864407,1.0,0.8,188.625,168.6949152542373,182.3125,171.73728813559322,5.875,6.093220338983051,6.28125,5.559322033898305,0.5,0.5714285714285714,0.3333333333333333,32,118,20.46411807608419,16.567943197470004,142.606941770465,133.7201976636989,0.3885596074854387,0.4115128719328279,9.477349885055846,13.077759549293644,0,0,Rajasthan Royals,0,201,202,8,4,wickets,0,6
1527690,2026-04-11,2026,New Chandigarh,"Maharaja Yadavindra Singh International Cricket Stadium, New Chandigarh",Sunrisers Hyderabad,Punjab Kings,Punjab Kings,field,0.4586466165413533,0.4864864864864865,0.6,0.6,168.18796992481202,173.64864864864865,167.4812030075188,173.1081081081081,5.902255639097745,6.5,5.984962406015038,5.986486486486487,0.5,1.0,0.5,133,74,17.11188473522876,18.722408730560904,148.8531962052434,127.23995930961549,0.5081925717759375,0.5002433316457706,11.51840043391354,9.162079804659315,0,0,Punjab Kings,0,219,223,6,4,wickets,0,6
1527691,2026-04-11,2026,Chennai,"MA Chidambaram Stadium, Chepauk, Chennai",Chennai Super Kings,Delhi Capitals,Delhi Capitals,field,0.5121951219512195,0.5145631067961165,0.2,0.6,168.40650406504065,165.6504854368932,165.3739837398374,170.9902912621359,5.504065040650406,6.242718446601942,6.073170731707317,6.310679611650485,0.5,0.6666666666666666,0.5714285714285714,123,103,19.50080582037307,17.172071000054874,128.57377123171148,112.5719134065842,0.5491702741702742,0.6196016098867256,12.09921305482194,9.167829899369265,0,0,Chennai Super Kings,1,212,189,2,10,runs,23,0
1527693,2026-04-12,2026,Mumbai,"Wankhede Stadium, Mumbai",Royal Challengers Bengaluru,Mumbai Indians,Mumbai Indians,field,0.6060606060606061,0.5294117647058824,0.8,0.4,189.0,170.15441176470588,182.9090909090909,166.31617647058823,5.9393939393939394,6.022058823529412,6.212121212121212,6.220588235294118,0.5,0.6153846153846154,0.5,33,136,20.26695618255079,16.85806097229062,146.31309330961105,135.20431754507047,0.3208119658119658,0.5253584868905665,11.352890299867434,8.72937843377061,0,0,Royal Challengers Bengaluru,1,240,222,4,6,runs,18,0
1527692,2026-04-12,2026,Lucknow,"Bharat Ratna Shri Atal Bihari Vajpayee Ekana Cricket Stadium, Lucknow",Lucknow Super Giants,Gujarat Titans,Gujarat Titans,field,0.5333333333333333,0.6031746031746031,0.6,0.2,176.66666666666666,178.17460317460316,177.93333333333334,173.57142857142858,6.216666666666667,5.444444444444445,6.016666666666667,6.4603174603174605,0.4285714285714285,0.3333333333333333,0.6666666666666666,60,63,16.513469192813265,15.911102278392102,127.48469083259953,115.54928263521415,0.5942209181967727,0.6242085375816994,9.531881345126862,8.78078086549699,0,0,Gujarat Titans,0,164,165,8,3,wickets,0,7
1529264,2026-04-13,2026,Hyderabad,"Rajiv Gandhi International Stadium, Uppal, Hyderabad",Sunrisers Hyderabad,Rajasthan Royals,Rajasthan Royals,field,0.4552238805970149,0.4789915966386555,0.4,1.0,168.56716417910448,168.9747899159664,167.8955223880597,171.98319327731093,5.902985074626866,6.07563025210084,5.970149253731344,5.579831932773109,0.4210526315789473,0.3333333333333333,0.6666666666666666,134,119,19.264771913163727,15.473120232113216,151.88367115509968,132.23247717889117,0.4307208994708994,0.5298141033239274,12.241597238611666,12.660589574991334,0,0,Sunrisers Hyderabad,1,216,159,6,10,runs,57,0
1529265,2026-04-14,2026,Chennai,"MA Chidambaram Stadium, Chepauk, Chennai",Chennai Super Kings,Kolkata Knight Riders,Kolkata Knight Riders,field,0.5161290322580645,0.5075757575757576,0.4,0.0,168.75806451612902,167.03787878787878,165.56451612903226,166.18939393939394,5.475806451612903,6.325757575757576,6.104838709677419,5.931818181818182,0.5217391304347826,0.5714285714285714,0.4285714285714285,124,132,19.761436318390864,14.901321858172132,128.40772737440355,130.14131610218803,0.5722941914973322,0.6046286359592355,11.759458991131371,9.286482693865487,0,0,Chennai Super Kings,1,192,160,5,7,runs,32,0
1529266,2026-04-15,2026,Bengaluru,"M Chinnaswamy Stadium, Bengaluru",Lucknow Super Giants,Royal Challengers Bengaluru,Royal Challengers Bengaluru,field,0.5245901639344263,0.6176470588235294,0.4,0.8,176.45901639344262,190.5,177.72131147540983,184.05882352941177,6.245901639344262,5.882352941176471,5.967213114754099,6.205882352941177,1.0,0.5714285714285714,0.5,61,34,16.323625372070833,18.761536130293344,130.37059375120387,139.25094462804233,0.5426677489177489,0.4232169152678069,9.484227000924523,10.904161342746187,0,0,Royal Challengers Bengaluru,0,146,149,10,5,wickets,0,5
1529267,2026-04-16,2026,Mumbai,"Wankhede Stadium, Mumbai",Mumbai Indians,Punjab Kings,Punjab Kings,field,0.5255474452554745,0.4933333333333333,0.2,0.6,170.53284671532847,174.30666666666667,166.85401459854015,173.72,6.021897810218978,6.466666666666667,6.204379562043796,5.986666666666666,0.5925925925925926,0.5,0.25,137,75,19.95195618829928,17.31784368157582,144.21368216912043,125.7876177370944,0.4299594321318845,0.5756257405722279,8.494892068574824,9.212220930147067,0,0,Punjab Kings,0,195,198,6,3,wickets,0,7
1529268,2026-04-17,2026,Ahmedabad,"Narendra Modi Stadium, Ahmedabad",Kolkata Knight Riders,Gujarat Titans,Kolkata Knight Riders,bat,0.5037593984962406,0.609375,0.0,0.4,166.98496240601503,177.96875,166.38345864661653,173.421875,6.330827067669173,5.40625,5.924812030075188,6.484375,0.75,0.5416666666666666,0.0,133,64,13.595421649119054,15.899414013978957,119.99900068564264,115.58832465694248,0.6077188940092165,0.6542677909985003,9.299239843003964,8.705667004019745,1,1,Gujarat Titans,0,180,181,10,5,wickets,0,5
1529270,2026-04-18,2026,Hyderabad,"Rajiv Gandhi International Stadium, Uppal, Hyderabad",Sunrisers Hyderabad,Chennai Super Kings,Chennai Super Kings,field,0.4592592592592592,0.52,0.4,0.4,168.9185185185185,168.944,167.82962962962964,165.52,5.903703703703704,5.472,6.0,6.112,0.45,0.0,0.125,135,125,21.83782815548987,19.86978341423613,156.7023065124675,131.62789237636088,0.285592168966352,0.5127164502164502,12.256773347406993,11.33032535372507,0,0,Sunrisers Hyderabad,1,194,184,9,8,runs,10,0
1529269,2026-04-18,2026,Bengaluru,"M Chinnaswamy Stadium, Bengaluru",Royal Challengers Bengaluru,Delhi Capitals,Delhi Capitals,field,0.6285714285714286,0.5096153846153846,0.8,0.6,189.3142857142857,165.875,182.97142857142856,171.3846153846154,5.857142857142857,6.278846153846154,6.314285714285714,6.269230769230769,0.6,0.3333333333333333,0.5,35,104,18.675512326222982,16.495260952692018,139.05557725689698,121.76294442625748,0.4441461757686026,0.5555907042933691,10.829031941371156,9.096634283146283,0,0,Delhi Capitals,0,175,179,8,5,wickets,0,6
1529272,2026-04-19,2026,New Chandigarh,"Maharaja Yadavindra Singh International Cricket Stadium, New Chandigarh",Punjab Kings,Lucknow Super Giants,Lucknow Super Giants,field,0.5,0.5161290322580645,0.8,0.4,174.6184210526316,175.96774193548387,174.0,177.25806451612902,6.421052631578948,6.306451612903226,5.9868421052631575,5.951612903225806,1.0,0.5,1.0,76,62,17.284034384133214,17.129872859025035,127.1202570775234,130.9856697079162,0.5233930786562365,0.6520264457764458,9.059230442809032,8.999452820105594,0,0,Punjab Kings,1,254,200,7,5,runs,54,0
1529271,2026-04-19,2026,Kolkata,"Eden Gardens, Kolkata",Rajasthan Royals,Kolkata Knight Riders,Rajasthan Royals,bat,0.475,0.5,0.8,0.0,168.89166666666668,167.0820895522388,172.35,166.49253731343285,6.108333333333333,6.358208955223881,5.583333333333333,5.917910447761194,0.5,0.4090909090909091,0.1666666666666666,120,134,17.93713188210507,13.93642044348566,138.1941116863226,122.01941969096563,0.4363492063492063,0.5932011033804202,13.24019736818133,9.310364236053193,1,1,Kolkata Knight Riders,0,155,161,9,6,wickets,0,4
1529273,2026-04-20,2026,Ahmedabad,"Narendra Modi Stadium, Ahmedabad",Mumbai Indians,Gujarat Titans,Gujarat Titans,field,0.5217391304347826,0.6153846153846154,0.2,0.6,170.71014492753622,178.01538461538462,167.07971014492753,173.52307692307693,6.021739130434782,5.4,6.181159420289855,6.538461538461538,0.0,0.56,0.75,138,65,20.277941654836965,15.924706960591914,139.67291931374623,115.43400184374512,0.3866930171277997,0.6728463227854694,8.20792235679805,8.717772201457644,0,0,Mumbai Indians,1,199,100,5,10,runs,99,0
1529274,2026-04-21,2026,Hyderabad,"Rajiv Gandhi International Stadium, Uppal, Hyderabad",Sunrisers Hyderabad,Delhi Capitals,Delhi Capitals,field,0.4632352941176471,0.5142857142857142,0.6,0.6,169.10294117647058,166.0,167.9485294117647,171.41904761904763,5.926470588235294,6.266666666666667,6.014705882352941,6.285714285714286,0.4761904761904761,1.0,0.5714285714285714,136,105,19.95181528348195,17.535602210434025,153.5378337121502,118.57874743453335,0.3796296296296296,0.5916023597608336,12.15000730863912,9.109376572768904,0,0,Sunrisers Hyderabad,1,242,195,2,9,runs,47,0
1529275,2026-04-22,2026,Lucknow,"Bharat Ratna Shri Atal Bihari Vajpayee Ekana Cricket Stadium, Lucknow",Rajasthan Royals,Lucknow Super Giants,Lucknow Super Giants,field,0.4710743801652892,0.5079365079365079,0.6,0.4,168.77685950413223,176.34920634920636,172.25619834710744,178.47619047619048,6.132231404958677,6.285714285714286,5.586776859504132,5.968253968253968,1.0,0.4090909090909091,1.0,121,63,15.954062830282966,15.322358311818954,130.3686953389769,115.0673623306047,0.4453344252249376,0.5783539944903582,12.608055877811754,9.103782439116925,0,0,Rajasthan Royals,1,159,119,6,10,runs,40,0
1529276,2026-04-23,2026,Mumbai,"Wankhede Stadium, Mumbai",Chennai Super Kings,Mumbai Indians,Mumbai Indians,field,0.5158730158730159,0.5251798561151079,0.4,0.2,169.06349206349208,170.9136690647482,165.74603174603175,166.59712230215828,5.492063492063492,6.014388489208633,6.134920634920635,6.2086330935251794,0.5,0.5714285714285714,0.25,126,139,17.26079995780308,17.344674335955016,129.5359736108499,130.5774281767334,0.6110506570492891,0.4184387367556421,11.592576390535315,8.408135041347506,0,0,Chennai Super Kings,1,207,104,6,10,runs,103,0
1529277,2026-04-24,2026,Bengaluru,"M Chinnaswamy Stadium, Bengaluru",Gujarat Titans,Royal Challengers Bengaluru,Royal Challengers Bengaluru,field,0.6060606060606061,0.6111111111111112,0.6,0.6,176.83333333333334,188.91666666666663,173.9090909090909,182.86111111111111,5.46969696969697,5.916666666666667,6.515151515151516,6.277777777777778,0.6666666666666666,0.5625,0.0,66,36,15.857110559723884,18.78471952290134,118.93095696950182,137.8112924015112,0.6452259662379318,0.4339080754252921,9.090151883417224,10.85494540747169,0,0,Royal Challengers Bengaluru,0,205,206,3,5,wickets,0,5
1529278,2026-04-25,2026,Delhi,"Arun Jaitley Stadium, Delhi",Delhi Capitals,Punjab Kings,Delhi Capitals,bat,0.5094339622641509,0.5064935064935064,0.4,1.0,166.2735849056604,175.64935064935065,172.08490566037736,174.33766233766235,6.29245283018868,6.428571428571429,6.245283018867925,5.974025974025974,0.3888888888888889,1.0,0.6666666666666666,106,77,15.99672389988472,18.323317852634364,126.58571216807024,128.93753774528767,0.5961147062845051,0.5200990157646505,9.430567868580058,9.09400218696684,1,1,Punjab Kings,0,264,265,2,4,wickets,0,6
1529279,2026-04-25,2026,Jaipur,"Sawai Mansingh Stadium, Jaipur",Rajasthan Royals,Sunrisers Hyderabad,Sunrisers Hyderabad,field,0.4754098360655737,0.4671532846715328,0.6,0.6,168.6967213114754,169.63503649635035,171.81967213114754,168.14598540145985,6.131147540983607,5.897810218978102,5.622950819672131,6.036496350364963,0.4,1.0,0.375,122,137,15.24698186637211,19.088654912710425,128.91526847572246,139.3553028813079,0.5704199566204372,0.5579744816586922,12.176123751612248,12.23717162649252,0,0,Sunrisers Hyderabad,0,228,229,6,5,wickets,0,5
1529280,2026-04-26,2026,Chennai,"MA Chidambaram Stadium, Chepauk, Chennai",Chennai Super Kings,Gujarat Titans,Gujarat Titans,field,0.5196850393700787,0.5970149253731343,0.6,0.6,169.36220472440945,177.2537313432836,165.25984251968504,174.38805970149255,5.496062992125984,5.432835820895522,6.165354330708661,6.492537313432836,0.5416666666666666,0.0,0.5,127,67,18.540239964676765,17.140533368856932,138.54130580140531,127.41313639849297,0.5850550964187328,0.6430048651392525,11.534687786843408,9.333902539982706,0,0,Gujarat Titans,0,158,162,7,2,wickets,0,8
1529282,2026-04-27,2026,Delhi,"Arun Jaitley Stadium, Delhi",Delhi Capitals,Royal Challengers Bengaluru,Royal Challengers Bengaluru,field,0.5046728971962616,0.6216216216216216,0.2,0.6,167.18691588785046,189.3783783783784,172.9532710280374,183.45945945945945,6.252336448598131,5.891891891891892,6.224299065420561,6.1891891891891895,0.3684210526315789,1.0,0.0,107,37,17.959892851112475,18.186258257270627,125.98469388940076,137.3680979423547,0.5455709600026649,0.4246192420908894,9.308790318044254,10.878780870045263,0,0,Royal Challengers Bengaluru,0,75,77,10,1,wickets,0,9
1529283,2026-04-28,2026,New Chandigarh,"Maharaja Yadavindra Singh International Cricket Stadium, New Chandigarh",Punjab Kings,Rajasthan Royals,Rajasthan Royals,field,0.5128205128205128,0.4715447154471545,1.0,0.4,176.7948717948718,169.1788617886179,175.48717948717947,172.28455284552845,6.397435897435898,6.130081300813008,5.923076923076923,5.617886178861789,1.0,0.5,0.5,78,123,16.766019331493855,16.72870686023173,125.8291107134458,132.2951909223629,0.479119561130143,0.5227251594811705,9.187335448097844,13.4450516858566,0,0,Rajasthan Royals,0,222,228,4,4,wickets,0,6
1529284,2026-04-29,2026,Mumbai,"Wankhede Stadium, Mumbai",Mumbai Indians,Sunrisers Hyderabad,Mumbai Indians,bat,0.5214285714285715,0.4710144927536231,0.2,0.8,170.43571428571428,170.06521739130434,166.88571428571427,168.57971014492753,6.042857142857143,5.891304347826087,6.207142857142857,6.036231884057971,0.5517241379310345,0.1428571428571428,0.75,140,138,15.842098019726278,18.63419420691098,119.55969746087972,139.96442739919925,0.6214969405455154,0.5715588723051409,8.893909260657287,12.257984700914704,1,1,Sunrisers Hyderabad,0,243,249,5,4,wickets,0,6
1529285,2026-04-30,2026,Ahmedabad,"Narendra Modi Stadium, Ahmedabad",Royal Challengers Bengaluru,Gujarat Titans,Gujarat Titans,field,0.631578947368421,0.6029411764705882,0.8,0.6,186.42105263157896,177.02941176470588,180.60526315789477,174.14705882352942,5.7631578947368425,5.382352941176471,6.289473684210527,6.5,0.6666666666666666,0.5384615384615384,0.0,38,68,19.80996869032732,16.946369187358243,141.22702253005608,128.3112084544819,0.3791670423240671,0.6572093796276999,10.943837504519031,8.977927932909672,0,0,Gujarat Titans,0,155,158,10,6,wickets,0,4
1529286,2026-05-01,2026,Jaipur,"Sawai Mansingh Stadium, Jaipur",Rajasthan Royals,Delhi Capitals,Rajasthan Royals,bat,0.4758064516129032,0.5,0.4,0.2,169.65322580645162,166.33333333333334,172.68548387096774,172.0648148148148,6.112903225806452,6.287037037037037,5.604838709677419,6.175925925925926,0.375,0.5,0.5,124,108,15.77842005193173,17.17997686241444,133.8082453353355,123.15848425058437,0.6341256812293398,0.6014752181864481,12.632477460945074,9.472020699463252,1,1,Delhi Capitals,0,225,226,6,3,wickets,0,7
1529287,2026-05-02,2026,Chennai,"MA Chidambaram Stadium, Chepauk, Chennai",Mumbai Indians,Chennai Super Kings,Mumbai Indians,bat,0.5177304964539007,0.515625,0.2,0.6,170.95035460992906,169.2734375,167.46808510638297,165.234375,6.035460992907802,5.5078125,6.191489361702128,6.1328125,0.375,0.52,0.3333333333333333,141,128,17.686152065819247,18.09190908196864,122.52089506202908,135.2643459205241,0.3836555315091388,0.5317665822309785,8.841490068572362,10.839210110159284,1,1,Chennai Super Kings,0,159,160,7,2,wickets,0,8
1529288,2026-05-03,2026,Hyderabad,"Rajiv Gandhi International Stadium, Uppal, Hyderabad",Sunrisers Hyderabad,Kolkata Knight Riders,Sunrisers Hyderabad,bat,0.4748201438848921,0.5037037037037037,1.0,0.2,170.63309352517985,167.03703703703704,169.11510791366908,166.40740740740742,5.877697841726619,6.355555555555555,6.028776978417266,5.940740740740741,0.5,1.0,0.4166666666666667,139,135,19.904612451254263,15.997584913127996,156.9248796048914,128.59243088768636,0.4291160908807967,0.4820949979016838,12.130915993075114,9.272488005036108,1,1,Kolkata Knight Riders,0,165,169,10,3,wickets,0,7
1529289,2026-05-03,2026,Ahmedabad,"Narendra Modi Stadium, Ahmedabad",Punjab Kings,Gujarat Titans,Gujarat Titans,field,0.5063291139240507,0.6086956521739131,0.8,0.6,177.36708860759492,176.7536231884058,176.15189873417722,173.8695652173913,6.367088607594937,5.391304347826087,5.89873417721519,6.550724637681159,0.5714285714285714,0.5555555555555556,0.25,79,69,16.41725583933822,17.09803736089324,123.37545159252583,126.38167491632925,0.4599893208909014,0.6986312849081566,9.709004189620938,8.848184517698222,0,0,Gujarat Titans,0,163,167,9,6,wickets,0,4
1529290,2026-05-04,2026,Mumbai,"Wankhede Stadium, Mumbai",Lucknow Super Giants,Mumbai Indians,Mumbai Indians,field,0.5,0.5140845070422535,0.2,0.2,175.453125,170.8661971830986,178.171875,167.4154929577465,6.34375,6.042253521126761,5.96875,6.161971830985915,0.5,0.5333333333333333,1.0,64,142,16.00813104100201,20.08973150678495,127.39869745021306,141.69478387665407,0.6092807266364416,0.3460651629072681,9.112660639783504,8.911927613554607,0,0,Mumbai Indians,0,228,229,5,4,wickets,0,6
1529291,2026-05-05,2026,Delhi,"Arun Jaitley Stadium, Delhi",Delhi Capitals,Chennai Super Kings,Delhi Capitals,bat,0.5045871559633027,0.5193798449612403,0.4,0.6,166.88073394495413,169.2015503875969,172.5504587155963,165.1860465116279,6.256880733944954,5.48062015503876,6.174311926605505,6.1395348837209305,0.35,0.5,0.5,109,129,17.502114414906057,16.787163297321527,120.0214761271668,136.48907720229005,0.6036450622314585,0.6950852922820886,9.302890372707736,10.28787890126616,1,1,Chennai Super Kings,0,155,159,7,2,wickets,0,8
1529292,2026-05-06,2026,Hyderabad,"Rajiv Gandhi International Stadium, Uppal, Hyderabad",Sunrisers Hyderabad,Punjab Kings,Punjab Kings,field,0.4714285714285714,0.5,0.8,0.6,170.59285714285716,177.1875,169.11428571428573,176.0375,5.9071428571428575,6.4,6.007142857142857,5.9,0.4782608695652174,0.0,0.3333333333333333,140,80,16.783648245790854,16.68422255269181,138.67734460342294,134.4877110229273,0.5459207991496995,0.5595361009763183,11.687508921328511,9.614854333837531,0,0,Sunrisers Hyderabad,1,235,202,4,7,runs,33,0
1529293,2026-05-07,2026,Lucknow,"Bharat Ratna Shri Atal Bihari Vajpayee Ekana Cricket Stadium, Lucknow",Lucknow Super Giants,Royal Challengers Bengaluru,Royal Challengers Bengaluru,field,0.4923076923076923,0.6153846153846154,0.0,0.6,176.26153846153846,185.6153846153846,178.95384615384614,180.02564102564102,6.323076923076923,5.871794871794871,5.938461538461539,6.282051282051282,0.391304347826087,0.5,0.3333333333333333,65,39,14.397632550663689,17.597838261070862,118.35975199614086,136.10829158281743,0.5326988640207949,0.4337167541415582,9.33548055427148,10.791877846065944,0,0,Lucknow Super Giants,1,209,203,3,6,runs,9,0
1529294,2026-05-08,2026,Delhi,"Arun Jaitley Stadium, Delhi",Delhi Capitals,Kolkata Knight Riders,Kolkata Knight Riders,field,0.5,0.5073529411764706,0.2,0.4,166.77272727272728,167.0514705882353,172.42727272727274,166.39705882352942,6.263636363636364,6.330882352941177,6.136363636363637,5.970588235294118,0.3333333333333333,0.3333333333333333,0.4,110,136,17.099802268166027,16.235965417773958,124.88949196591098,128.65422356819644,0.6699460697294027,0.4906705204080443,9.4903952341701,9.262043268122673,0,0,Kolkata Knight Riders,0,142,147,8,2,wickets,0,8
1529295,2026-05-09,2026,Jaipur,"Sawai Mansingh Stadium, Jaipur",Gujarat Titans,Rajasthan Royals,Rajasthan Royals,field,0.6142857142857143,0.472,0.6,0.4,176.61428571428573,170.096,173.71428571428572,173.112,5.4,6.112,6.585714285714285,5.584,0.6666666666666666,0.3529411764705882,0.5,70,125,17.1906873611745,17.292632238692843,132.38759295169055,145.8039139712259,0.6949398047809064,0.45986382175309,8.738595915442076,14.288745168304862,0,0,Gujarat Titans,1,229,152,4,10,runs,77,0
1529297,2026-05-10,2026,Raipur,"Shaheed Veer Narayan Singh International Stadium, Raipur",Mumbai Indians,Royal Challengers Bengaluru,Royal Challengers Bengaluru,field,0.5174825174825175,0.6,0.4,0.4,171.27272727272728,186.05,167.83916083916083,180.75,6.027972027972028,5.875,6.153846153846154,6.2,0.5,0.5,0.5,143,40,20.256415312625005,17.44347665900183,142.60500753855746,135.45291574033465,0.3802083333333333,0.4303144244331385,9.013625736613216,10.870635062988448,0,0,Royal Challengers Bengaluru,0,166,167,7,8,wickets,0,2
1529296,2026-05-10,2026,Chennai,"MA Chidambaram Stadium, Chepauk, Chennai",Lucknow Super Giants,Chennai Super Kings,Chennai Super Kings,field,0.5,0.5230769230769231,0.2,0.6,176.75757575757575,169.12307692307692,179.3181818181818,165.1076923076923,6.2727272727272725,5.453846153846154,5.9393939393939394,6.146153846153847,0.3333333333333333,0.5384615384615384,0.0,66,130,16.213625951077194,18.28670520094196,127.85319221443932,136.90646173065912,0.5269710478764311,0.599497884260087,9.267348449049225,10.550938917431118,0,0,Chennai Super Kings,0,203,208,8,5,wickets,0,5
1529298,2026-05-11,2026,Dharamsala,"Himachal Pradesh Cricket Association Stadium, Dharamsala",Punjab Kings,Delhi Capitals,Delhi Capitals,field,0.4938271604938271,0.4954954954954955,0.4,0.2,177.49382716049382,166.54954954954954,176.76543209876544,172.19819819819818,6.407407407407407,6.27927927927928,5.876543209876544,6.099099099099099,0.2,1.0,0.2,81,111,19.665060395197585,13.233563628135997,135.67941050462164,110.72838614167212,0.4621058809611524,0.4715708631077484,9.559095499468183,10.40469780020754,0,0,Delhi Capitals,0,210,216,5,7,wickets,0,3
1529299,2026-05-12,2026,Ahmedabad,"Narendra Modi Stadium, Ahmedabad",Gujarat Titans,Sunrisers Hyderabad,Sunrisers Hyderabad,field,0.6197183098591549,0.475177304964539,0.8,0.8,177.35211267605635,171.04964539007094,173.40845070422534,169.34751773049646,5.380281690140845,5.893617021276596,6.633802816901408,6.01418439716312,0.5714285714285714,0.0,0.6666666666666666,71,141,16.982913626320304,16.604573039685004,126.3703555169539,125.89698987247222,0.6924893727802934,0.621660454815535,8.758495696934496,12.023224385568708,0,0,Gujarat Titans,1,168,86,5,10,runs,82,0
1529300,2026-05-13,2026,Raipur,"Shaheed Veer Narayan Singh International Stadium, Raipur",Kolkata Knight Riders,Royal Challengers Bengaluru,Royal Challengers Bengaluru,field,0.5109489051094891,0.6097560975609756,0.6,0.6,166.90510948905109,185.58536585365852,166.2189781021898,180.390243902439,6.299270072992701,5.926829268292683,5.985401459854015,6.219512195121951,0.5,1.0,0.5,137,41,18.628333300178124,18.47801140482702,135.06486814992022,129.79253431989622,0.4360572026013202,0.405077758382467,9.471069131208424,10.607135255586366,0,0,Royal Challengers Bengaluru,0,192,194,4,4,wickets,0,6
1529301,2026-05-14,2026,Dharamsala,"Himachal Pradesh Cricket Association Stadium, Dharamsala",Punjab Kings,Mumbai Indians,Mumbai Indians,field,0.4878048780487805,0.5138888888888888,0.2,0.2,177.890243902439,171.23611111111111,177.2439024390244,167.83333333333334,6.390243902439025,6.034722222222222,5.890243902439025,6.166666666666667,0.1666666666666666,0.5,0.5,82,144,17.066324362303543,17.75093444713375,129.50934608701257,140.6180182489763,0.4436610631866107,0.5989434163696213,9.719333994214496,9.349229650217406,0,0,Mumbai Indians,0,200,205,8,4,wickets,0,6
1529302,2026-05-15,2026,Lucknow,"Bharat Ratna Shri Atal Bihari Vajpayee Ekana Cricket Stadium, Lucknow",Chennai Super Kings,Lucknow Super Giants,Lucknow Super Giants,field,0.5267175572519084,0.4925373134328358,0.8,0.2,169.4198473282443,177.1492537313433,165.3969465648855,179.7462686567164,5.450381679389313,6.298507462686567,6.1603053435114505,5.925373134328358,0.5,0.4166666666666667,0.25,131,67,17.839328317687208,18.681358296314304,129.1930440832275,133.48017939947417,0.4978798682007238,0.5141416554460032,11.048631433978544,10.087095410597598,0,0,Lucknow Super Giants,0,187,188,5,3,wickets,0,7
1529303,2026-05-16,2026,Kolkata,"Eden Gardens, Kolkata",Kolkata Knight Riders,Gujarat Titans,Gujarat Titans,field,0.5072463768115942,0.625,0.6,1.0,167.08695652173913,177.22222222222223,166.42028985507247,172.19444444444446,6.282608695652174,5.375,5.971014492753623,6.680555555555555,0.4347826086956521,1.0,0.0,138,72,18.8124119480174,17.575078550697118,135.9967632007848,133.56617211858665,0.4411084322431556,0.6999304598921551,8.635187686288099,8.713496667439454,0,0,Kolkata Knight Riders,1,247,218,2,4,runs,29,0
1529304,2026-05-17,2026,Dharamsala,"Himachal Pradesh Cricket Association Stadium, Dharamsala",Royal Challengers Bengaluru,Punjab Kings,Punjab Kings,field,0.6190476190476191,0.4819277108433735,0.6,0.0,185.78571428571428,178.15662650602408,180.66666666666663,177.57831325301206,5.880952380952381,6.409638554216867,6.166666666666667,5.867469879518072,1.0,0.1428571428571428,0.6666666666666666,42,83,16.999963183466225,18.179038472077647,131.15592793514554,138.704197853072,0.4623192640692641,0.5203819915272605,10.794245505607885,9.384113653221997,0,0,Royal Challengers Bengaluru,1,222,199,4,8,runs,23,0
1529305,2026-05-17,2026,Delhi,"Arun Jaitley Stadium, Delhi",Rajasthan Royals,Delhi Capitals,Delhi Capitals,field,0.4682539682539682,0.5,0.4,0.4,169.95238095238096,166.99107142857142,173.55555555555554,172.53571428571428,6.142857142857143,6.285714285714286,5.571428571428571,6.089285714285714,0.5,0.3181818181818182,0.4285714285714285,126,112,17.28582521117609,15.317404869400782,139.7261933933402,126.61107473816192,0.3702956989247312,0.6929141350452827,14.34116756789929,9.985779475141657,0,0,Delhi Capitals,0,193,197,8,5,wickets,0,5
1529306,2026-05-18,2026,Chennai,"MA Chidambaram Stadium, Chepauk, Chennai",Chennai Super Kings,Sunrisers Hyderabad,Chennai Super Kings,bat,0.5227272727272727,0.4718309859154929,0.6,0.6,169.5530303030303,170.45070422535213,165.5681818181818,169.33802816901408,5.446969696969697,5.922535211267606,6.136363636363637,6.007042253521127,0.5555555555555556,0.3333333333333333,0.5,132,142,17.148690307932927,16.708072407441918,130.80953677563727,122.53821473592872,0.5484298067052908,0.602977180034923,10.77771557195982,11.88667515871925,1,1,Sunrisers Hyderabad,0,180,181,7,5,wickets,0,5
1529307,2026-05-19,2026,Jaipur,"Sawai Mansingh Stadium, Jaipur",Lucknow Super Giants,Rajasthan Royals,Rajasthan Royals,field,0.5,0.4645669291338583,0.4,0.2,177.30882352941177,170.13385826771653,179.85294117647058,173.74015748031496,6.25,6.15748031496063,5.911764705882353,5.566929133858268,0.6666666666666666,0.3333333333333333,0.6666666666666666,68,127,16.448106233883294,14.781662317255432,121.037970823853,125.71362116553917,0.6047333579896605,0.4740575396825397,9.803079762228617,14.446670314924283,0,0,Rajasthan Royals,0,220,225,5,3,wickets,0,7
1529308,2026-05-20,2026,Kolkata,"Eden Gardens, Kolkata",Mumbai Indians,Kolkata Knight Riders,Kolkata Knight Riders,field,0.5172413793103449,0.5107913669064749,0.4,0.8,171.46896551724137,167.66187050359713,168.05517241379312,166.79136690647482,6.020689655172414,6.251798561151079,6.179310344827586,5.956834532374101,0.0,0.4583333333333333,0.75,145,139,21.345537759942765,19.65766697252384,146.14889818958818,138.37820142247,0.5024156383865022,0.440560175746456,8.994627706455887,9.214262410540478,0,0,Kolkata Knight Riders,0,147,148,8,6,wickets,0,4
1529309,2026-05-21,2026,Ahmedabad,"Narendra Modi Stadium, Ahmedabad",Gujarat Titans,Chennai Super Kings,Chennai Super Kings,field,0.6164383561643836,0.518796992481203,0.8,0.6,177.78082191780825,169.6315789473684,173.21917808219175,165.68421052631578,5.356164383561644,5.458646616541353,6.616438356164384,6.12781954887218,0.5862068965517241,0.5,0.5,73,133,16.871839188414047,17.829005681002517,125.98329112746572,127.47103317230462,0.689810113387506,0.4902060126961313,8.776813097393514,10.589861024916484,0,0,Gujarat Titans,1,229,140,4,10,runs,89,0
1529310,2026-05-22,2026,Hyderabad,"Rajiv Gandhi International Stadium, Uppal, Hyderabad",Sunrisers Hyderabad,Royal Challengers Bengaluru,Sunrisers Hyderabad,bat,0.4755244755244755,0.627906976744186,0.6,0.6,170.52447552447552,186.62790697674416,169.4125874125874,181.093023255814,5.916083916083916,5.837209302325581,6.013986013986014,6.209302325581396,0.5,1.0,0.6666666666666666,143,43,17.136719986462193,18.08046884516349,131.6753907293254,133.52978249753093,0.5374474409163404,0.4716260114931211,11.595836213175623,10.781085708855912,1,1,Sunrisers Hyderabad,1,255,200,4,4,runs,55,0
1529311,2026-05-23,2026,Lucknow,"Bharat Ratna Shri Atal Bihari Vajpayee Ekana Cricket Stadium, Lucknow",Lucknow Super Giants,Punjab Kings,Punjab Kings,field,0.4927536231884058,0.4761904761904761,0.4,0.0,177.92753623188406,178.4047619047619,180.5072463768116,178.10714285714286,6.231884057971015,6.428571428571429,5.869565217391305,5.845238095238095,0.44,0.6666666666666666,0.6,69,84,14.622934372121314,17.638645188443576,120.01008377332728,133.19415706411584,0.4762566137566137,0.5340573618982605,9.682921479860742,9.75193648403132,0,0,Punjab Kings,0,196,200,6,3,wickets,0,7
1529312,2026-05-24,2026,Mumbai,"Wankhede Stadium, Mumbai",Rajasthan Royals,Mumbai Indians,Mumbai Indians,field,0.46875,0.5136986301369864,0.4,0.4,170.5625,171.3013698630137,174.1015625,167.91780821917808,6.1328125,6.034246575342466,5.5625,6.178082191780822,0.5,0.5483870967741935,0.3333333333333333,128,146,17.425493610890385,21.96961465019256,137.40730866790273,150.61942773035324,0.4708591597796143,0.5031397967952549,13.278677332903822,9.300744317888515,0,0,Rajasthan Royals,1,205,175,8,9,runs,30,0
1529313,2026-05-24,2026,Kolkata,"Eden Gardens, Kolkata",Delhi Capitals,Kolkata Knight Riders,Kolkata Knight Riders,field,0.504424778761062,0.5142857142857142,0.6,0.8,167.2566371681416,167.52142857142857,172.71681415929203,166.65,6.274336283185841,6.25,6.106194690265487,5.971428571428572,0.0,0.48,0.3333333333333333,113,140,14.98343436722,17.52347223483587,155.3190798100553,132.8146533478904,0.6411985710766198,0.442787361021786,9.576263733493494,9.18353399024389,0,0,Delhi Capitals,1,203,163,5,10,runs,40,0
1535462,2026-05-26,2026,Dharamsala,"Himachal Pradesh Cricket Association Stadium, Dharamsala",Royal Challengers Bengaluru,Gujarat Titans,Gujarat Titans,field,0.6136363636363636,0.6216216216216216,0.6,0.8,186.9318181818182,178.47297297297297,182.77272727272728,172.77027027027026,5.795454545454546,5.337837837837838,6.159090909090909,6.662162162162162,1.0,0.5,0.0,44,74,18.1502624246558,17.432634332840237,133.66986920493113,124.61391981386372,0.470244725540857,0.6818015349251042,10.829773569114424,8.424020343283617,0,0,Royal Challengers Bengaluru,1,254,162,5,10,runs,92,0
1535463,2026-05-27,2026,New Chandigarh,"Maharaja Yadavindra Singh International Cricket Stadium, New Chandigarh",Rajasthan Royals,Sunrisers Hyderabad,Sunrisers Hyderabad,field,0.4728682170542636,0.4791666666666667,0.4,0.6,170.8294573643411,171.11111111111111,174.10852713178295,169.625,6.147286821705427,5.902777777777778,5.589147286821706,6.0,1.0,0.0,0.3333333333333333,129,144,18.372991502950548,17.175980534229105,147.4775838392855,121.5287581434217,0.5175364547732968,0.6391689881432024,13.241709573575202,11.876945252798564,0,0,Rajasthan Royals,1,243,196,8,10,runs,47,0
1535464,2026-05-29,2026,New Chandigarh,"Maharaja Yadavindra Singh International Cricket Stadium, New Chandigarh",Rajasthan Royals,Gujarat Titans,Rajasthan Royals,bat,0.4769230769230769,0.6133333333333333,0.6,0.6,171.3846153846154,178.25333333333333,174.27692307692308,173.85333333333332,6.161538461538462,5.4,5.623076923076923,6.64,1.0,0.0,0.2,130,75,17.14206967275149,16.182188945603436,147.90174454882018,124.30857517249856,0.5695397586689789,0.7268143476070307,12.923130956161655,8.526088206221416,1,1,Gujarat Titans,0,214,219,6,3,wickets,0,7
1535465,2026-05-31,2026,Ahmedabad,"Narendra Modi Stadium, Ahmedabad",Gujarat Titans,Royal Challengers Bengaluru,Royal Challengers Bengaluru,field,0.618421052631579,0.6222222222222222,0.6,0.8,178.78947368421052,188.42222222222225,174.3815789473684,182.3111111111111,5.368421052631579,5.777777777777778,6.631578947368421,6.2444444444444445,0.6,0.5,0.0,76,45,16.820165504786285,18.25183664602991,127.0291311122152,134.2502374716752,0.6864389916337451,0.472697671192002,8.822799907990149,10.821588655096331,0,0,Royal Challengers Bengaluru,0,155,161,8,5,wickets,0,5
